Date,Month,Year,Holidays_Count,Days,PM2.5,PM10,NO2,SO2,CO,Ozone,AQI,date,dayofweek,month,dayofyear,is_weekend,sin_dayofweek,cos_dayofweek,sin_month,cos_month,sin_doy,cos_doy,PM2.5_roll_mean_3d,PM2.5_roll_mean_7d,PM2.5_roll_std_7d,PM10_roll_mean_3d,PM10_roll_mean_7d,PM10_roll_std_7d,PM2.5_lag1,PM2.5_lag3,PM2.5_lag7,PM10_lag1,PM10_lag3,PM10_lag7,NO2_lag1,NO2_lag3,NO2_lag7,SO2_lag1,SO2_lag3,SO2_lag7,CO_lag1,CO_lag3,CO_lag7,Ozone_lag1,Ozone_lag3,Ozone_lag7
1,1,2021,0,5,408.8,442.42,160.61,12.95,2.77,43.19,462,2021-01-01,4,1,1,0,-0.433883739117558,-0.9009688679024191,0.49999999999999994,0.8660254037844387,0.017201575418260506,0.9998520419557735,,,,,,,,,,,,,,,,,,,,,,,,
2,1,2021,0,6,404.04,561.95,52.85,5.18,2.6,16.43,482,2021-01-02,5,1,2,1,-0.9749279121818236,-0.2225209339563146,0.49999999999999994,0.8660254037844387,0.03439806061360801,0.9994082116062598,408.8,408.8,,442.42,442.42,,408.8,,,442.42,,,160.61,,,12.95,,,2.77,,,43.19,,
3,1,2021,1,7,225.07,239.04,170.95,10.93,1.4,44.29,263,2021-01-03,6,1,3,1,-0.7818314824680299,0.6234898018587334,0.49999999999999994,0.8660254037844387,0.051584366869408364,0.9986686402879997,406.42,406.42,3.36582827844796,502.18500000000006,502.18500000000006,84.52047355522802,404.04,,,561.95,,,52.85,,,5.18,,,2.6,,,16.43,,
4,1,2021,0,1,89.55,132.08,153.98,10.42,1.01,49.19,207,2021-01-04,0,1,4,0,0.0,1.0,0.49999999999999994,0.8660254037844387,0.06875540848113941,0.9976335468520451,345.97,345.97,104.72951780658595,414.47,414.47,163.25936083422602,225.07,408.8,,239.04,442.42,,170.95,160.61,,10.93,12.95,,1.4,2.77,,44.29,43.19,
5,1,2021,0,2,54.06,55.54,122.66,9.7,0.64,48.88,149,2021-01-05,1,1,5,0,0.7818314824680297,0.6234898018587336,0.49999999999999994,0.8660254037844387,0.08590610426133272,0.9963032375991965,239.55333333333337,281.865,154.11030259741452,311.02333333333337,343.87250000000006,194.17802988924026,89.55,404.04,,132.08,561.95,,153.98,52.85,,10.42,5.18,,1.01,2.6,,49.19,16.43,
6,1,2021,0,3,155.59,180.14,142.71,10.29,1.18,44.47,252,2021-01-06,2,1,6,0,0.9749279121818236,-0.22252093395631434,0.49999999999999994,0.8660254037844387,0.10303137904317879,0.9946781061893646,122.89333333333333,236.304,167.90328355931578,142.22,286.206,211.91025595756335,54.06,225.07,,55.54,239.04,,122.66,170.95,,9.7,10.93,,0.64,1.4,,48.88,44.29,
7,1,2021,0,4,118.39,131.18,98.87,9.81,0.73,48.6,288,2021-01-07,3,1,7,0,0.43388373911755823,-0.900968867902419,0.49999999999999994,0.8660254037844387,0.1201261651823505,0.9927586335250793,99.73333333333333,222.8516666666667,153.749802395537,122.58666666666666,268.52833333333336,194.42161571354836,155.59,89.55,,180.14,132.08,,142.71,153.98,,10.29,10.42,,1.18,1.01,,44.47,49.19,
8,1,2021,0,5,140.05,184.29,102.61,10.34,0.79,43.06,248,2021-01-08,4,1,8,0,-0.433883739117558,-0.9009688679024191,0.49999999999999994,0.8660254037844387,0.13718540405660057,0.9905453876091833,109.34666666666665,207.92857142857142,145.80143865643342,122.28666666666668,248.90714285714287,184.918202701833,118.39,54.06,408.8,131.18,55.54,442.42,98.87,122.66,160.61,9.81,9.7,12.95,0.73,0.64,2.77,48.6,48.88,43.19
9,1,2021,0,6,144.01,192.43,108.43,10.41,0.85,42.23,326,2021-01-09,5,1,9,1,-0.9749279121818236,-0.2225209339563146,0.49999999999999994,0.8660254037844387,0.1542040475626894,0.988039023376751,138.01,169.53571428571428,116.53929692842422,165.20333333333332,212.03142857142856,164.5082932487571,140.05,155.59,404.04,184.29,180.14,561.95,102.61,142.71,52.85,10.34,10.29,5.18,0.79,1.18,2.6,43.06,44.47,16.43
10,1,2021,1,7,131.57,180.38,93.31,9.92,0.69,51.96,284,2021-01-10,6,1,10,1,-0.7818314824680299,0.6234898018587334,0.49999999999999994,0.8660254037844387,0.17117705961019986,0.985240282501282,134.15,132.38857142857142,53.98823465304619,169.3,159.24285714285716,58.89630399107852,144.01,118.39,225.07,192.43,131.18,239.04,108.43,98.87,170.95,10.41,9.81,10.93,0.85,0.73,1.4,42.23,48.6,44.29
11,1,2021,0,1,135.92,208.99,105.07,10.49,0.75,55.06,281,2021-01-11,0,1,11,0,0.0,1.0,0.49999999999999994,0.8660254037844387,0.18809941761179758,0.9821499931752291,138.54333333333332,119.03142857142858,35.70785834545449,185.70000000000002,150.86285714285714,48.990257097469886,131.57,140.05,89.55,180.38,184.29,132.08,93.31,102.61,153.98,9.92,10.34,10.42,0.69,0.79,1.01,51.96,43.06,49.19
12,1,2021,0,2,172.48,220.74,111.52,10.21,0.91,41.69,329,2021-01-12,1,1,12,0,0.7818314824680297,0.6234898018587336,0.49999999999999994,0.8660254037844387,0.20496611396949532,0.9787690698649216,137.16666666666666,125.65571428571427,33.56388925474457,193.9333333333333,161.85,52.56935038594264,135.92,144.01,54.06,208.99,192.43,55.54,105.07,108.43,122.66,10.49,10.41,9.7,0.75,0.85,0.64,55.06,42.23,48.88
13,1,2021,0,3,224.71,330.04,125.83,7.27,1.22,31.49,378,2021-01-13,2,1,13,0,0.9749279121818236,-0.22252093395631434,0.49999999999999994,0.8660254037844387,0.22177215755648186,0.975098513039961,146.65666666666667,142.57285714285715,17.428173278043808,203.37,185.45000000000002,28.427438623039414,172.48,131.57,155.59,220.74,180.38,180.14,111.52,93.31,142.71,10.21,9.92,10.29,0.91,0.69,1.18,41.69,51.96,44.47
14,1,2021,0,4,345.82,417.42,142.59,8.49,1.75,32.11,422,2021-01-14,3,1,14,0,0.43388373911755823,-0.900968867902419,0.49999999999999994,0.8660254037844387,0.23851257519407648,0.9711394088771653,177.70333333333335,152.44714285714284,35.8631680671064,253.25666666666666,206.8642857142857,61.26008239659902,224.71,135.92,118.39,330.04,208.99,131.18,125.83,105.07,98.87,7.27,10.49,9.81,1.22,0.75,0.73,31.49,55.06,48.6
15,1,2021,0,5,462.62,517.76,178.15,10.11,2.51,25.81,456,2021-01-15,4,1,15,0,-0.433883739117558,-0.9009688679024191,0.49999999999999994,0.8660254037844387,0.2551824131233728,0.9668929289391521,247.67,184.93714285714285,78.06084501086009,322.73333333333335,247.7557142857143,90.75389924720277,345.82,172.48,140.05,417.42,220.74,184.29,142.59,111.52,102.61,8.49,10.21,10.34,1.75,0.91,0.79,32.11,41.69,43.06
16,1,2021,0,6,185.66,230.76,124.98,7.39,1.65,27.53,388,2021-01-16,5,1,16,1,-0.9749279121818236,-0.2225209339563146,0.49999999999999994,0.8660254037844387,0.2717767384711357,0.9623603298276545,344.3833333333334,231.01857142857145,127.0101047723594,421.74,295.39428571428573,130.64328300849644,462.62,224.71,144.01,517.76,330.04,192.43,178.15,125.83,108.43,10.11,7.27,10.41,2.51,1.22,0.85,25.81,31.49,42.23
17,1,2021,1,7,222.01,249.23,136.15,9.56,1.4,36.8,342,2021-01-17,6,1,17,1,-0.7818314824680299,0.6234898018587334,0.49999999999999994,0.8660254037844387,0.2882906407095177,0.9575429528116719,331.3666666666666,236.96857142857144,123.17229889177888,388.6466666666667,300.87,126.34085311832695,185.66,345.82,131.57,230.76,417.42,180.38,124.98,142.59,93.31,7.39,8.49,9.92,1.65,1.75,0.69,27.53,32.11,51.96
18,1,2021,0,1,232.16,318.1,210.31,14.92,1.32,28.17,401,2021-01-18,0,1,18,0,0.0,1.0,0.49999999999999994,0.8660254037844387,0.3047192331091634,0.9524422234305676,290.09666666666664,249.88857142857142,114.72787113114978,332.5833333333333,310.7057142857143,117.78775231422873,222.01,462.62,135.92,249.23,517.76,208.99,136.15,178.15,105.07,9.56,10.11,10.49,1.4,2.51,0.75,36.8,25.81,55.06
19,1,2021,0,2,227.93,299.28,185.82,12.98,1.69,23.02,400,2021-01-19,1,1,19,0,0.7818314824680297,0.6234898018587336,0.49999999999999994,0.8660254037844387,0.321057654185271,0.9470596510722283,213.27666666666664,263.63714285714286,104.06505252553738,266.03000000000003,326.29285714285714,108.97369968854652,232.16,185.66,172.48,318.1,230.76,220.74,210.31,124.98,111.52,14.92,7.39,10.21,1.32,1.65,0.91,28.17,27.53,41.69
20,1,2021,0,3,159.91,193.78,142.41,7.45,0.88,31.96,322,2021-01-20,2,1,20,0,0.9749279121818236,-0.22252093395631434,0.49999999999999994,0.8660254037844387,0.3373010691361842,0.9413968285264122,227.36666666666667,271.5585714285714,97.89734681943996,288.87,337.5128571428572,99.96555518682185,227.93,222.01,224.71,299.28,249.23,330.04,185.82,136.15,125.83,12.98,9.56,7.27,1.69,1.4,1.22,23.02,36.8,31.49
21,1,2021,0,4,182.39,243.84,276.46,5.6,1.5,33.7,328,2021-01-21,3,1,21,0,0.43388373911755823,-0.900968867902419,0.49999999999999994,0.8660254037844387,0.3534446712740877,0.9354554315134164,206.66666666666666,262.3014285714286,105.80965227372081,270.38666666666666,318.04714285714283,113.95142659839553,159.91,232.16,345.82,193.78,318.1,417.42,142.41,210.31,142.59,7.45,14.92,8.49,0.88,1.32,1.75,31.96,28.17,32.11
22,1,2021,0,5,310.98,358.0,181.5,4.4,2.29,26.88,412,2021-01-22,4,1,22,0,-0.433883739117558,-0.9009688679024191,0.49999999999999994,0.8660254037844387,0.3694836834473831,0.9292372181882051,190.07666666666668,238.95428571428573,102.28143866429575,245.63333333333333,293.25,107.42207485738983,182.39,227.93,462.62,243.84,299.28,517.76,276.46,185.82,178.15,5.6,12.98,10.11,1.5,1.69,2.51,33.7,23.02,25.81
23,1,2021,0,6,170.36,213.65,143.41,4.06,0.75,34.18,362,2021-01-23,5,1,23,1,-0.9749279121818236,-0.2225209339563146,0.49999999999999994,0.8660254037844387,0.38541335945432564,0.9227440286201427,217.76,217.29142857142855,49.40538480387584,265.20666666666665,270.4271428571429,56.83111785934579,310.98,159.91,185.66,358.0,193.78,230.76,181.5,142.41,124.98,4.4,7.45,7.39,2.29,0.88,1.65,26.88,31.96,27.53
24,1,2021,1,7,230.38,287.86,123.99,3.05,0.81,27.77,370,2021-01-24,6,1,24,1,-0.7818314824680299,0.6234898018587334,0.49999999999999994,0.8660254037844387,0.4012289854475009,0.9159777842484877,221.24333333333334,215.1057142857143,51.33861862092473,271.83,267.98285714285714,59.14247732222178,170.36,182.39,222.01,213.65,243.84,249.23,143.41,276.46,136.15,4.06,5.6,9.56,0.75,1.5,1.4,34.18,33.7,36.8
25,1,2021,0,1,186.34,311.67,17.33,6.28,1.25,25.82,345,2021-01-25,0,1,25,0,0.0,1.0,0.49999999999999994,0.8660254037844387,0.4169258813287287,0.908940487313808,237.24,216.3014285714286,51.622910104129595,286.50333333333333,273.50142857142856,58.90280763782863,230.38,310.98,232.16,287.86,358.0,318.1,123.99,181.5,210.31,3.05,4.4,14.92,0.81,2.29,1.32,27.77,26.88,28.17
26,1,2021,1,2,207.46,344.53,21.93,9.03,1.34,26.24,369,2021-01-26,1,1,26,0,0.7818314824680297,0.6234898018587336,0.49999999999999994,0.8660254037844387,0.4324994021339788,0.901634220265486,195.69333333333336,209.75571428571428,52.17888680847289,271.06,272.5828571428571,58.13654235627409,186.34,170.36,227.93,311.67,213.65,299.28,17.33,143.41,185.82,6.28,4.06,12.98,1.25,0.75,1.69,25.82,34.18,23.02
27,1,2021,0,3,216.71,397.43,34.5,7.94,1.23,24.33,371,2021-01-27,2,1,27,0,0.9749279121818236,-0.22252093395631434,0.49999999999999994,0.8660254037844387,0.44794493940789115,0.8940611451454876,208.06000000000003,206.8314285714286,51.560519272201326,314.68666666666667,279.0471428571429,63.836105696354814,207.46,230.38,159.91,344.53,287.86,193.78,21.93,123.99,142.41,9.03,3.05,7.45,1.34,0.81,0.88,26.24,27.77,31.96
28,1,2021,0,4,294.71,496.55,40.31,9.89,1.9,26.13,373,2021-01-28,3,1,28,0,0.43388373911755823,-0.900968867902419,0.49999999999999994,0.8660254037844387,0.4632579225674917,0.88622350294858,203.50333333333336,214.9457142857143,47.23345772406913,351.21000000000004,308.14,64.8967708493008,216.71,186.34,182.39,397.43,311.67,243.84,34.5,17.33,276.46,7.94,6.28,5.6,1.23,1.25,1.5,24.33,25.82,33.7
29,1,2021,0,5,301.61,396.57,118.81,4.94,2.28,21.55,440,2021-01-29,4,1,29,0,-0.433883739117558,-0.9009688679024191,0.49999999999999994,0.8660254037844387,0.4784338202547012,0.8781236129591848,239.62666666666667,230.99142857142857,53.05061935817254,412.83666666666664,344.24142857142857,88.9851966019388,294.71,207.46,310.98,496.55,344.53,358.0,40.31,21.93,181.5,9.89,9.03,4.4,1.9,1.34,2.29,26.13,26.24,26.88
30,1,2021,0,6,209.05,306.17,99.31,4.76,1.46,30.8,363,2021-01-30,5,1,30,1,-0.9749279121818236,-0.2225209339563146,0.49999999999999994,0.8660254037844387,0.49346814167723735,0.8697638720650646,271.01,229.65285714285713,50.76494516044368,430.18333333333334,349.7514285714286,91.14699820044743,301.61,216.71,170.36,396.57,397.43,213.65,118.81,34.5,143.41,4.94,7.94,4.06,2.28,1.23,0.75,21.55,24.33,34.18
31,1,2021,1,7,222.87,323.33,123.23,4.43,2.06,26.95,368,2021-01-31,6,1,31,1,-0.7818314824680299,0.6234898018587334,0.49999999999999994,0.8660254037844387,0.5083564379375122,0.8611467540480452,268.45666666666665,235.18,45.01382676467306,399.7633333333333,362.9685714285714,73.02915363710827,209.05,294.71,230.38,306.17,496.55,287.86,99.31,40.31,123.99,4.76,9.89,3.05,1.46,1.9,0.81,30.8,26.13,27.77
1,2,2021,0,1,285.13,398.91,117.62,4.76,2.09,30.4,400,2021-02-01,0,2,32,0,0.0,1.0,0.8660254037844386,0.5000000000000001,0.5230943033491326,0.8522748088519838,244.51000000000002,234.1071428571429,45.23624384432083,342.02333333333337,368.0357142857143,68.00702288664564,222.87,301.61,186.34,323.33,396.57,311.67,123.23,118.81,17.33,4.43,4.94,6.28,2.06,2.28,1.25,26.95,21.55,25.82
2,2,2021,0,2,304.79,416.62,127.92,6.06,2.5,24.16,408,2021-02-02,1,2,33,0,0.7818314824680297,0.6234898018587336,0.8660254037844386,0.5000000000000001,0.5376773767406141,0.8431506618282,239.01666666666668,248.22,43.21521607026856,342.80333333333334,380.49857142857144,63.82084179654034,285.13,209.05,207.46,398.91,306.17,344.53,117.62,99.31,21.93,4.76,4.76,9.03,2.09,1.46,1.34,30.4,30.8,26.24
3,2,2021,0,3,209.32,299.0,159.84,3.83,1.92,28.02,367,2021-02-03,2,2,34,0,0.9749279121818236,-0.22252093395631434,0.8660254037844386,0.5000000000000001,0.5521013427459208,0.8337770129585915,270.93,262.1242857142857,43.57142138953883,379.61999999999995,390.79714285714283,62.85856417765341,304.79,222.87,216.71,416.62,323.33,397.43,127.92,123.23,34.5,6.06,4.43,7.94,2.5,2.06,1.23,24.16,26.95,24.33
4,2,2021,0,4,134.66,170.25,114.15,3.13,1.04,36.53,352,2021-02-04,3,2,35,0,0.43388373911755823,-0.900968867902419,0.8660254037844386,0.5000000000000001,0.5663619330814524,0.8241566360566663,266.41333333333336,261.06857142857143,44.923724403545556,371.51,376.7357142857143,71.53769259561525,209.32,285.13,294.71,299.0,398.91,496.55,159.84,117.62,40.31,3.83,4.76,9.89,1.92,2.09,1.9,28.02,30.4,26.13
5,2,2021,0,5,68.49,116.65,113.61,3.82,0.72,30.54,142,2021-02-05,4,2,36,0,-0.433883739117558,-0.9009688679024191,0.8660254037844386,0.5000000000000001,0.580454927809098,0.8142923779467267,216.2566666666667,238.2042857142857,62.31211542365923,295.28999999999996,330.12142857142857,85.41710844020479,134.66,304.79,301.61,170.25,416.62,396.57,114.15,127.92,118.81,3.13,6.06,4.94,1.04,2.5,2.28,36.53,24.16,21.55
6,2,2021,0,6,131.68,182.92,102.59,5.08,0.85,34.79,261,2021-02-06,5,2,37,1,-0.9749279121818236,-0.2225209339563146,0.8660254037844386,0.5000000000000001,0.5943761565849831,0.804187157621448,137.49,204.90142857142857,81.97142844279576,195.29999999999998,290.1328571428572,110.85841701832801,68.49,209.32,209.05,116.65,299.0,306.17,113.61,159.84,99.31,3.82,3.83,4.76,0.72,1.92,1.46,30.54,28.02,30.8
7,2,2021,1,7,180.68,241.07,96.85,5.47,1.18,34.4,279,2021-02-07,6,2,38,1,-0.7818314824680299,0.6234898018587334,0.8660254037844386,0.5000000000000001,0.6081214998935418,0.7938439653781019,111.61000000000001,193.84857142857143,86.41459935076008,156.60666666666665,272.5257142857143,117.47684748595398,131.68,134.66,222.87,182.92,170.25,323.33,102.59,114.15,123.23,5.08,3.13,4.43,0.85,1.04,2.06,34.79,36.53,26.95
8,2,2021,0,1,243.78,369.18,108.35,4.32,1.73,30.28,375,2021-02-08,0,2,39,0,0.0,1.0,0.8660254037844386,0.5000000000000001,0.6216868902665479,0.7832658619336791,126.95,187.82142857142858,85.5197644657989,180.21333333333334,260.7742857142857,115.64786506995317,180.68,68.49,285.13,241.07,116.65,398.91,96.85,113.61,117.62,5.47,3.82,4.76,1.18,0.72,2.09,34.4,30.54,30.4
9,2,2021,0,2,226.95,332.06,149.74,4.89,1.89,27.91,385,2021-02-09,1,2,40,0,0.7818314824680297,0.6234898018587336,0.8660254037844386,0.5000000000000001,0.6350683134867438,0.7724559775191742,185.38000000000002,181.91428571428574,78.84576079433884,264.39000000000004,256.52714285714285,110.14432043373604,243.78,131.68,304.79,369.18,182.92,416.62,108.35,102.59,127.92,4.32,5.08,6.06,1.73,0.85,2.5,30.28,34.79,24.16
10,2,2021,0,3,250.09,373.71,139.35,5.43,2.4,27.67,359,2021-02-10,2,2,41,0,0.9749279121818236,-0.22252093395631434,0.8660254037844386,0.5000000000000001,0.6482618097757122,0.7614175109532997,217.13666666666668,170.7942857142857,62.40208005538037,314.1033333333333,244.44714285714286,92.95575358098887,226.95,180.68,209.32,332.06,241.07,299.0,149.74,96.85,159.84,4.89,5.47,3.83,1.89,1.18,1.92,27.91,34.4,28.02
11,2,2021,0,4,201.81,317.99,105.41,4.6,1.72,24.75,370,2021-02-11,3,2,42,0,0.43388373911755823,-0.900968867902419,0.8660254037844386,0.5000000000000001,0.6612634749656386,0.7501537286959042,240.27333333333334,176.6185714285714,68.22785487579384,358.31666666666666,255.12000000000003,103.90711846002979,250.09,243.78,134.66,373.71,369.18,170.25,139.35,108.35,114.15,5.43,4.32,3.13,2.4,1.73,1.04,27.67,30.28,36.53
12,2,2021,0,5,240.74,352.71,109.33,3.8,1.96,30.18,310,2021-02-12,4,2,43,0,-0.433883739117558,-0.9009688679024191,0.8660254037844386,0.5000000000000001,0.6740694616546162,0.7386679638813748,226.28333333333333,186.21142857142857,66.03050694655502,341.25333333333333,276.2257142857143,98.66753719049692,201.81,226.95,68.49,317.99,332.06,116.65,105.41,149.74,113.61,4.6,4.89,3.82,1.72,1.89,0.72,24.75,27.91,30.54
13,2,2021,0,6,165.42,213.89,114.93,4.35,2.45,21.25,319,2021-02-13,5,2,44,1,-0.9749279121818236,-0.2225209339563146,0.8660254037844386,0.5000000000000001,0.6866759803451553,0.726963615332308,230.88,210.81857142857143,42.88864862585883,348.1366666666666,309.9485714285714,71.68974483345374,240.74,250.09,131.68,352.71,373.71,182.92,109.33,139.35,102.59,3.8,5.43,5.08,1.96,2.4,0.85,30.18,27.67,34.79
14,2,2021,1,7,198.9,286.26,104.33,4.7,2.07,28.86,371,2021-02-14,6,2,45,1,-0.7818314824680299,0.6234898018587334,0.8660254037844386,0.5000000000000001,0.6990793005655562,0.7150441465537444,202.65666666666667,215.63857142857142,33.3469316072566,294.8633333333333,314.3728571428571,62.96889197963427,165.42,201.81,180.68,213.89,317.99,241.07,114.93,105.41,96.85,4.35,4.6,5.47,2.45,1.72,1.18,21.25,24.75,34.4
15,2,2021,0,1,174.53,292.2,112.66,3.85,2.0,18.42,335,2021-02-15,0,2,46,0,0.0,1.0,0.8660254037844386,0.5000000000000001,0.7112757519738152,0.7029130847082616,201.6866666666667,218.24142857142857,30.775426034728568,284.28666666666663,320.82857142857137,56.14828327104673,198.9,240.74,243.78,286.26,352.71,369.18,104.33,109.33,108.35,4.7,3.8,4.32,2.07,1.96,1.73,28.86,30.18,30.28
16,2,2021,0,2,182.05,278.41,116.09,3.87,1.81,25.66,344,2021-02-16,1,2,47,0,0.7818314824680297,0.6234898018587336,0.8660254037844386,0.5000000000000001,0.7232617254437387,0.6905740195722294,179.61666666666667,208.34857142857143,32.29073934766824,264.1166666666666,309.8314285714286,52.52134912857539,174.53,165.42,226.95,292.2,213.89,332.06,112.66,114.93,149.74,3.85,4.35,4.89,2.0,2.45,1.89,18.42,21.25,27.91
17,2,2021,0,3,214.19,333.83,102.23,4.54,1.86,23.61,367,2021-02-17,2,2,48,0,0.9749279121818236,-0.22252093395631434,0.8660254037844386,0.5000000000000001,0.7350336741329412,0.6780306024735382,185.16,201.93428571428572,32.43904892622622,285.62333333333333,302.1671428571429,52.651306635981825,182.05,198.9,250.09,278.41,286.26,373.71,116.09,104.33,139.35,3.87,4.7,5.43,1.81,2.07,2.4,25.66,28.86,27.67
18,2,2021,0,4,167.49,249.49,97.38,4.55,1.7,24.92,335,2021-02-18,3,2,49,0,0.43388373911755823,-0.900968867902419,0.8660254037844386,0.5000000000000001,0.746588114532413,0.6652865452111116,190.25666666666666,196.80571428571426,25.693272048756903,301.48,296.46999999999997,45.258359448835456,214.19,174.53,201.81,333.83,292.2,317.99,102.23,112.66,105.41,4.54,3.85,4.6,1.86,2.0,1.72,23.61,18.42,24.75
19,2,2021,0,5,186.42,276.56,100.15,4.89,2.08,17.37,340,2021-02-19,4,2,50,0,-0.433883739117558,-0.9009688679024191,0.8660254037844386,0.5000000000000001,0.757921627497347,0.6523456189565258,187.91,191.90285714285713,27.769790369083847,287.24333333333334,286.6842857142857,47.1939317628664,167.49,182.05,240.74,249.49,278.41,352.71,97.38,116.09,109.33,4.55,3.87,3.8,1.7,1.81,1.96,24.92,25.66,30.18
20,2,2021,0,6,127.6,208.49,84.16,4.04,1.9,21.84,293,2021-02-20,5,2,51,1,-0.9749279121818236,-0.2225209339563146,0.8660254037844386,0.5000000000000001,0.7690308592589181,0.6392116531380588,189.36666666666667,184.14285714285714,17.561508775620513,286.62666666666667,275.8057142857143,37.14455135330203,186.42,214.19,165.42,276.56,333.83,213.89,100.15,102.23,114.93,4.89,4.54,4.35,2.08,1.86,2.45,17.37,23.61,21.25
21,2,2021,1,7,209.65,300.97,87.44,3.43,1.85,36.61,356,2021-02-21,6,2,52,1,-0.7818314824680299,0.6234898018587334,0.8660254037844386,0.5000000000000001,0.7799125224167177,0.6258885343075018,160.50333333333336,178.74,27.363761924608855,244.84666666666666,275.0342857142857,38.66951894241887,127.6,167.49,198.9,208.49,249.49,286.26,84.16,97.38,104.33,4.04,4.55,4.7,1.9,1.7,2.07,21.84,24.92,28.86
22,2,2021,0,1,206.34,334.88,107.27,3.83,2.07,34.37,352,2021-02-22,0,2,53,0,0.0,1.0,0.8660254037844386,0.5000000000000001,0.7905633969115481,0.612380204990065,174.55666666666664,180.2757142857143,28.9400137394249,262.00666666666666,277.1357142857143,39.76540114938393,209.65,186.42,174.53,300.97,276.56,292.2,87.44,100.15,112.66,3.43,4.89,3.85,1.85,2.08,2.0,36.61,17.37,18.42
23,2,2021,0,2,201.0,367.24,102.69,6.75,1.98,29.32,339,2021-02-23,1,2,54,0,0.7818314824680297,0.6234898018587336,0.8660254037844386,0.5000000000000001,0.8009803309782905,0.5986906625177215,181.1966666666667,184.82,30.350525530870236,281.44666666666666,283.23285714285714,45.34123682855213,206.34,127.6,182.05,334.88,208.49,278.41,107.27,84.16,116.09,3.83,4.04,3.87,2.07,1.9,1.81,34.37,21.84,25.66
24,2,2021,0,3,243.42,420.65,111.14,6.47,2.78,27.42,350,2021-02-24,2,2,55,0,0.9749279121818236,-0.22252093395631434,0.8660254037844386,0.5000000000000001,0.8111602420785621,0.5848239578463322,205.66333333333333,187.52714285714288,30.902388103125563,334.36333333333334,295.92285714285714,55.1386947355743,201.0,209.65,214.19,367.24,300.97,333.83,102.69,87.44,102.23,6.75,3.43,4.54,1.98,1.85,1.86,29.32,36.61,23.61
25,2,2021,0,4,193.5,352.73,89.82,4.2,2.07,27.52,337,2021-02-25,3,2,56,0,0.43388373911755823,-0.900968867902419,0.8660254037844386,0.5000000000000001,0.821100117812889,0.5707841943569038,216.92,191.70285714285714,36.56225955557901,374.25666666666666,308.3257142857143,72.2088943868511,243.42,206.34,167.49,420.65,334.88,249.49,111.14,107.27,97.38,6.47,3.83,4.55,2.78,2.07,1.7,27.42,34.37,24.92
26,2,2021,0,5,164.34,297.78,101.71,3.68,1.99,23.51,295,2021-02-26,4,2,57,0,-0.433883739117558,-0.9009688679024191,0.8660254037844386,0.5000000000000001,0.8307970168121247,0.5565755266413304,212.64,195.41857142857143,34.97883761579829,380.20666666666665,323.07428571428574,68.64425609792912,193.5,201.0,186.42,352.73,367.24,276.56,89.82,102.69,100.15,4.2,6.75,4.89,2.07,1.98,2.08,27.52,29.32,17.37
27,2,2021,0,6,81.79,268.51,36.22,3.64,1.16,33.52,225,2021-02-27,5,2,58,1,-0.9749279121818236,-0.2225209339563146,0.8660254037844386,0.5000000000000001,0.8402480696078469,0.5422021592729845,200.42,192.2642857142857,36.86997688144245,357.0533333333333,326.10571428571427,66.6884529877905,164.34,243.42,127.6,297.78,420.65,208.49,101.71,111.14,84.16,3.68,6.47,4.04,1.99,2.78,1.9,23.51,27.42,21.84
28,2,2021,1,7,98.08,239.96,35.06,5.51,0.75,50.07,235,2021-02-28,6,2,59,1,-0.7818314824680299,0.6234898018587334,0.8660254037844386,0.5000000000000001,0.8494504794814806,0.527668345562516,146.54333333333335,185.72,51.44523852278918,306.34,334.68,51.07719647748865,81.79,193.5,209.65,268.51,352.73,300.97,36.22,89.82,87.44,3.64,4.2,3.43,1.16,2.07,1.85,33.52,27.52,36.61
1,3,2021,0,1,97.62,247.38,32.72,5.71,0.72,43.21,187,2021-03-01,0,3,60,0,0.0,1.0,1.0,6.123233995736766e-17,0.8584015232918917,0.5129783862992281,114.73666666666668,169.78142857142856,59.45521239514992,268.75,325.9642857142857,61.85608104224469,98.08,164.34,206.34,239.96,297.78,334.88,35.06,101.71,107.27,5.51,3.68,3.83,0.75,1.99,2.07,50.07,23.51,34.37
2,3,2021,0,2,100.87,272.73,27.87,8.86,0.53,58.17,227,2021-03-02,1,3,61,0,0.7818314824680297,0.6234898018587336,1.0,6.123233995736766e-17,0.8670985522812081,0.49813662847840556,92.49666666666667,154.25,62.43890267026381,251.95000000000002,313.4642857142857,68.26333639105314,97.62,81.79,201.0,247.38,268.51,367.24,32.72,36.22,102.69,5.71,3.64,6.75,0.72,1.16,1.98,43.21,33.52,29.32
3,3,2021,0,3,131.63,264.11,36.28,10.91,1.0,37.3,259,2021-03-03,2,3,62,0,0.9749279121818236,-0.22252093395631434,1.0,6.123233995736766e-17,0.8755389928586301,0.4831474640149688,98.85666666666668,139.94571428571427,61.40476796284993,253.35666666666668,299.9628571428571,65.1290170134852,100.87,98.08,243.42,272.73,239.96,420.65,27.87,35.06,111.14,8.86,5.51,6.47,0.53,0.75,2.78,58.17,50.07,27.42
4,3,2021,0,4,157.94,343.04,40.72,7.16,1.96,41.65,276,2021-03-04,3,3,63,0,0.43388373911755823,-0.900968867902419,1.0,6.123233995736766e-17,0.8837203473619977,0.4680153284438345,110.04,123.97571428571429,41.23148103781193,261.4066666666667,277.59999999999997,38.013358178408716,131.63,97.62,193.5,264.11,247.38,352.73,36.28,32.72,89.82,10.91,5.71,4.2,1.0,0.72,2.07,37.3,43.21,27.52
5,3,2021,0,5,139.43,309.98,34.06,4.88,1.05,43.07,290,2021-03-05,4,3,64,0,-0.433883739117558,-0.9009688679024191,1.0,6.123233995736766e-17,0.8916401947968874,0.45274469960737107,130.14666666666668,118.89571428571428,32.50515797897485,293.29333333333335,276.2157142857143,34.86773908029342,157.94,100.87,164.34,343.04,272.73,297.78,40.72,27.87,101.71,7.16,8.86,3.68,1.96,0.53,1.99,41.65,58.17,23.51
6,3,2021,0,6,121.86,257.23,32.67,6.38,0.87,42.58,257,2021-03-06,5,3,65,1,-0.9749279121818236,-0.2225209339563146,1.0,6.123233995736766e-17,0.8992961915530253,0.4373400963303323,143.0,115.33714285714287,27.71083284823599,305.71000000000004,277.9585714285714,36.39665984151623,139.43,131.63,81.79,309.98,264.11,268.51,34.06,36.28,36.22,4.88,10.91,3.64,1.05,1.0,1.16,43.07,37.3,33.52
7,3,2021,1,7,154.41,300.45,38.21,7.92,2.38,50.3,270,2021-03-07,6,3,66,1,-0.7818314824680299,0.6234898018587334,1.0,6.123233995736766e-17,0.9066860720977985,0.4218060770826634,139.74333333333334,121.06142857142856,23.43468329106237,303.4166666666667,276.34714285714284,37.12708432500704,121.86,157.94,98.08,257.23,343.04,239.96,32.67,40.72,35.06,6.38,7.16,5.51,0.87,1.96,0.75,42.58,41.65,50.07
8,3,2021,0,1,110.05,233.19,43.89,4.32,1.46,42.61,227,2021-03-08,0,3,67,0,0.0,1.0,1.0,6.123233995736766e-17,0.9138076496466615,0.40614723863057883,138.5666666666667,129.10857142857142,23.8948805036922,289.22,284.98857142857145,34.16803058833952,154.41,139.43,97.62,300.45,309.98,247.38,38.21,34.06,32.72,7.92,4.88,5.71,2.38,1.05,0.72,50.3,43.07,43.21
9,3,2021,0,2,157.38,323.11,38.29,3.27,1.52,32.2,297,2021-03-09,1,3,68,0,0.7818314824680297,0.6234898018587336,1.0,6.123233995736766e-17,0.9206588168102428,0.3903682146763026,128.77333333333334,130.8842857142857,21.507435812716267,263.6233333333334,282.9614285714286,37.06896295131151,110.05,121.86,100.87,233.19,257.23,272.73,43.89,32.67,27.87,4.32,6.38,8.86,1.46,0.87,0.53,42.61,42.58,58.17
10,3,2021,0,3,91.85,192.7,39.4,3.58,0.74,26.03,205,2021-03-10,2,3,69,0,0.9749279121818236,-0.22252093395631434,1.0,6.123233995736766e-17,0.9272375462179537,0.374473674486883,140.61333333333334,138.95714285714286,18.798879145919063,285.5833333333333,290.15857142857146,39.55856773130658,157.38,154.41,131.63,323.11,300.45,264.11,38.29,38.21,36.28,3.27,7.92,10.91,1.52,2.38,1.0,32.2,50.3,37.3
11,3,2021,1,4,121.57,233.44,56.27,4.22,1.7,31.05,262,2021-03-11,3,3,70,0,0.43388373911755823,-0.900968867902419,1.0,6.123233995736766e-17,0.9335418911179212,0.35846832151248087,119.76000000000003,133.27428571428572,26.011917049141974,249.66666666666666,279.95714285714286,53.97598654781141,91.85,110.05,157.94,192.7,233.19,343.04,39.4,43.89,40.72,3.58,4.32,7.16,0.74,1.46,1.96,26.03,42.61,41.65
12,3,2021,0,5,85.57,207.14,50.96,4.43,1.16,25.73,203,2021-03-12,4,3,71,0,-0.433883739117558,-0.9009688679024191,1.0,6.123233995736766e-17,0.9395699859530622,0.342356891994542,123.60000000000002,128.07857142857142,23.802463758031355,249.75,264.3,48.21621027552178,121.57,157.38,139.43,233.44,323.11,309.98,56.27,38.29,34.06,4.22,3.27,4.88,1.7,1.52,1.05,31.05,32.2,43.07
13,3,2021,0,6,138.97,245.6,42.87,4.24,1.23,26.71,236,2021-03-13,5,3,72,1,-0.9749279121818236,-0.2225209339563146,1.0,6.123233995736766e-17,0.945320046913132,0.3261441535642696,99.66333333333334,120.38428571428572,27.877868077947518,211.09333333333333,249.60857142857142,47.64198828364588,85.57,91.85,121.86,207.14,192.7,257.23,50.96,39.4,32.67,4.43,3.58,6.38,1.16,0.74,0.87,25.73,26.03,42.58
14,3,2021,1,7,132.36,253.72,39.84,4.11,0.74,30.27,251,2021-03-14,6,3,73,1,-0.7818314824680299,0.6234898018587334,1.0,6.123233995736766e-17,0.9507903724625832,0.3098349038318025,115.37,122.82857142857142,28.764800496771464,228.72666666666666,247.94714285714284,47.534573983675585,138.97,121.57,154.41,245.6,233.44,300.45,42.87,56.27,38.21,4.24,4.22,7.92,1.23,1.7,2.38,26.71,31.05,50.3
15,3,2021,0,1,126.93,265.71,40.58,3.79,0.86,28.14,219,2021-03-15,0,3,74,0,0.0,1.0,1.0,6.123233995736766e-17,0.9559793438440766,0.2934339689665273,118.9666666666667,119.67857142857143,25.782702488666008,235.48666666666668,241.27142857142854,41.87687127304347,132.36,85.57,110.05,253.72,207.14,233.19,39.84,50.96,43.89,4.11,4.43,4.32,0.74,1.16,1.46,30.27,25.73,42.61
16,3,2021,0,2,146.41,391.08,39.3,3.5,0.86,20.61,277,2021-03-16,1,3,75,0,0.7818314824680297,0.6234898018587336,1.0,6.123233995736766e-17,0.9608854255574977,0.27694620226893646,132.75333333333336,122.09,25.520107758393507,255.01,245.91714285714286,42.62802236177742,126.93,138.97,157.38,265.71,245.6,323.11,40.58,42.87,38.29,3.79,4.24,3.27,0.86,1.23,1.52,28.14,26.71,32.2
17,3,2021,0,3,138.5,358.46,40.96,4.95,0.78,20.82,352,2021-03-17,2,3,76,0,0.9749279121818236,-0.22252093395631434,1.0,6.123233995736766e-17,0.9655071658143364,0.2603764827344581,135.23333333333335,120.52285714285713,23.225496560379653,303.50333333333333,255.62714285714284,65.00822889303727,146.41,132.36,91.85,391.08,253.72,192.7,39.3,39.84,39.4,3.5,4.11,3.58,0.86,0.74,0.74,20.61,30.27,26.03
18,3,2021,0,4,152.31,380.31,41.81,4.93,1.03,20.78,313,2021-03-18,3,3,77,0,0.43388373911755823,-0.900968867902419,1.0,6.123233995736766e-17,0.969843196967294,0.24372971360968387,137.28,127.18714285714285,20.110934599769497,338.41666666666663,279.3071428571429,68.36908821835729,138.5,126.93,121.57,358.46,265.71,233.44,40.96,40.58,56.27,4.95,3.79,4.22,0.78,0.86,1.7,20.82,28.14,31.05
19,3,2021,0,5,114.38,311.33,42.18,4.77,0.76,27.42,298,2021-03-19,4,3,78,0,-0.433883739117558,-0.9009688679024191,1.0,6.123233995736766e-17,0.9738922359149924,0.22701082094141845,145.74000000000004,131.57857142857145,21.95188407143516,376.6166666666666,300.2885714285714,74.23188138721602,152.31,146.41,85.57,380.31,391.08,207.14,41.81,39.3,50.96,4.93,3.5,4.43,1.03,0.86,1.16,20.78,20.61,25.73
20,3,2021,0,6,145.03,284.59,54.15,5.57,1.04,17.7,264,2021-03-20,5,3,79,1,-0.9749279121818236,-0.2225209339563146,1.0,6.123233995736766e-17,0.9776530844816641,0.21022475211898356,135.06333333333336,135.6942857142857,12.594574039565948,350.0333333333333,315.17285714285714,61.85560651341839,114.38,138.5,138.97,311.33,358.46,245.6,42.18,40.96,42.87,4.77,4.95,4.24,0.76,0.78,1.23,27.42,20.82,26.71
21,3,2021,1,7,186.0,404.45,16.67,17.52,0.92,24.98,316,2021-03-21,6,3,80,1,-0.7818314824680299,0.6234898018587334,1.0,6.123233995736766e-17,0.981124629771712,0.19337647441020586,137.24,136.56,13.057046628800855,325.41,320.74285714285713,56.027449735013924,145.03,152.31,132.36,284.59,380.31,253.72,54.15,41.81,39.84,5.57,4.93,4.11,1.04,1.03,0.74,17.7,20.78,30.27
22,3,2021,0,1,85.87,328.0,13.09,8.61,0.73,18.14,283,2021-03-22,0,3,81,0,0.0,1.0,1.0,6.123233995736766e-17,0.984305844499033,0.17647097349152166,148.47000000000003,144.22285714285712,22.503913522086215,333.45666666666665,342.2757142857143,54.929690774401884,186.0,114.38,126.93,404.45,311.33,265.71,16.67,42.18,40.58,17.52,4.77,3.79,0.92,0.76,0.86,24.98,27.42,28.14
23,3,2021,0,2,75.4,281.04,105.4,6.32,1.75,17.33,232,2021-03-23,1,3,82,0,0.7818314824680297,0.6234898018587336,1.0,6.123233995736766e-17,0.9871957872910085,0.15951325197263655,138.9666666666667,138.35714285714286,31.368039846466917,339.0133333333333,351.1742857142857,44.517451580678724,85.87,145.03,146.41,328.0,284.59,391.08,13.09,54.15,39.3,8.61,5.57,3.5,0.73,1.04,0.86,18.14,17.7,20.61
24,3,2021,0,3,90.99,181.2,69.97,6.43,0.88,37.66,177,2021-03-24,2,3,83,0,0.9749279121818236,-0.22252093395631434,1.0,6.123233995736766e-17,0.9897936029670716,0.14250832791617085,115.7566666666667,128.21285714285713,38.90615020545645,337.83,335.4542857142857,47.41192566473205,75.4,186.0,138.5,281.04,404.45,358.46,105.4,16.67,40.96,6.32,17.52,4.95,1.75,0.92,0.78,17.33,24.98,20.82
25,3,2021,0,4,83.85,208.21,8.58,8.25,0.53,19.28,194,2021-03-25,3,3,84,0,0.43388373911755823,-0.900968867902419,1.0,6.123233995736766e-17,0.992098522791769,0.12546123335273648,84.08666666666669,121.42571428571429,40.90515405876679,263.41333333333336,310.13142857142856,73.33000327936969,90.99,85.87,152.31,181.2,328.0,380.31,69.97,13.09,41.81,6.43,8.61,4.93,0.88,0.73,1.03,37.66,18.14,20.78
26,3,2021,0,5,110.6,228.02,12.28,14.86,0.7,22.46,221,2021-03-26,4,3,85,0,-0.433883739117558,-0.9009688679024191,1.0,6.123233995736766e-17,0.9941098647022418,0.10837701279187607,83.41333333333336,111.64571428571428,40.472101855122965,223.48333333333335,285.54571428571427,74.71666544512067,83.85,75.4,114.38,208.21,281.04,311.33,8.58,105.4,42.18,8.25,6.32,4.77,0.53,1.75,0.76,19.28,17.33,27.42
27,3,2021,0,6,166.83,307.27,13.77,23.44,0.85,27.62,268,2021-03-27,5,3,86,1,-0.9749279121818236,-0.2225209339563146,1.0,6.123233995736766e-17,0.9958270335100595,0.09126072172931188,95.14666666666669,111.10571428571428,40.45475285515223,205.81000000000003,273.64428571428573,76.5379546057908,110.6,90.99,145.03,228.02,181.2,284.59,12.28,69.97,54.15,14.86,6.43,5.57,0.7,0.88,1.04,22.46,37.66,17.7
28,3,2021,1,7,181.38,336.8,15.77,19.59,0.85,29.59,268,2021-03-28,6,3,87,1,-0.7818314824680299,0.6234898018587334,1.0,6.123233995736766e-17,0.9972495210773451,0.07411742515094435,120.42666666666668,114.22,44.17006829667973,247.83333333333334,276.88428571428574,77.55186197144522,166.83,83.85,186.0,307.27,208.21,404.45,13.77,8.58,16.67,23.44,8.25,17.52,0.85,0.53,0.92,27.62,19.28,24.98
29,3,2021,1,1,111.31,356.5,66.61,7.14,1.56,37.62,215,2021-03-29,0,3,88,0,0.0,1.0,1.0,6.123233995736766e-17,0.998376906467142,0.056952196034039754,152.9366666666667,113.56000000000002,42.9360330414135,290.69666666666666,267.21999999999997,61.57494106100847,181.38,110.6,85.87,336.8,228.02,328.0,15.77,12.28,13.09,19.59,14.86,8.61,0.85,0.7,0.73,29.59,22.46,18.14
30,3,2021,0,2,71.45,378.18,4.43,8.69,0.57,40.79,248,2021-03-30,1,3,89,0,0.7818314824680297,0.6234898018587336,1.0,6.123233995736766e-17,0.9992088560679753,0.03977011384605573,153.17333333333335,117.19428571428571,41.24497498974608,333.5233333333333,271.2914285714286,66.96953845557232,111.31,166.83,75.4,356.5,307.27,281.04,66.61,13.77,105.4,7.14,23.44,6.32,1.56,0.85,1.75,37.62,27.62,17.33
31,3,2021,0,3,67.01,293.43,40.76,16.02,0.49,58.43,152,2021-03-31,2,3,90,0,0.9749279121818236,-0.22252093395631434,1.0,6.123233995736766e-17,0.9997451236925734,0.022576263041545485,121.38000000000001,116.63000000000001,41.933352278745275,357.16,285.16857142857145,78.41303132102709,71.45,181.38,90.99,378.18,336.8,181.2,4.43,15.77,69.97,8.69,19.59,6.43,0.57,0.85,0.88,40.79,29.59,37.66
1,4,2021,0,4,62.95,278.87,40.55,28.06,0.88,62.68,231,2021-04-01,3,4,91,0,0.43388373911755823,-0.900968867902419,0.8660254037844388,-0.4999999999999998,0.9999855506507186,0.005375731557583884,83.25666666666669,113.20428571428572,45.22724542321196,342.7033333333334,301.20142857142855,63.70641083087612,67.01,111.31,83.85,293.43,356.5,208.21,40.76,66.61,8.58,16.02,7.14,8.25,0.49,1.56,0.53,58.43,37.62,19.28
2,4,2021,1,5,85.17,218.59,58.47,31.37,1.23,45.1,197,2021-04-02,4,4,92,0,-0.433883739117558,-0.9009688679024191,0.8660254037844388,-0.4999999999999998,0.9999300657962057,-0.011826390691832589,67.1366666666667,110.21857142857142,48.08748985913488,316.82666666666665,311.2957142857143,50.80857108045927,62.95,71.45,110.6,278.87,378.18,228.02,40.55,4.43,12.28,28.06,8.69,14.86,0.88,0.57,0.7,62.68,40.79,22.46
3,4,2021,0,6,69.14,189.48,69.28,17.71,1.4,43.44,159,2021-04-03,5,4,93,1,-0.9749279121818236,-0.2225209339563146,0.8660254037844388,-0.4999999999999998,0.9995786855478958,-0.029025013321975237,71.71000000000002,106.58571428571429,49.00568329528846,263.63,309.9485714285714,53.441348981405476,85.17,67.01,166.83,218.59,293.43,307.27,58.47,40.76,13.77,31.37,16.02,23.44,1.23,0.49,0.85,45.1,58.43,27.62
4,4,2021,1,7,94.37,250.37,78.08,28.72,1.66,35.48,198,2021-04-04,6,4,94,1,-0.7818314824680299,0.6234898018587334,0.8660254037844388,-0.4999999999999998,0.9989315138848577,-0.046215046983708354,72.42000000000002,92.63,42.46334850982301,228.98000000000002,293.12142857142857,70.30801221021952,69.14,62.95,181.38,189.48,278.87,336.8,69.28,40.55,15.77,17.71,28.06,19.59,1.4,0.88,0.85,43.44,62.68,29.59
5,4,2021,0,1,76.91,230.03,79.56,20.31,1.81,54.96,188,2021-04-05,0,4,95,0,0.0,1.0,0.8660254037844388,-0.4999999999999998,0.9979887423155984,-0.06339140486951039,82.89333333333336,80.2,17.62454065595347,219.48000000000002,280.77428571428567,68.93475535053486,94.37,85.17,111.31,250.37,218.59,356.5,78.08,58.47,66.61,28.72,31.37,7.14,1.66,1.23,1.56,35.48,45.1,37.62
6,4,2021,0,2,172.48,455.72,18.73,17.63,1.18,47.63,377,2021-04-06,1,4,96,0,0.7818314824680297,0.6234898018587336,0.8660254037844388,-0.4999999999999998,0.9967506498213929,-0.08054900421874167,80.14000000000003,75.28571428571429,11.088185690399762,223.29333333333332,262.70714285714286,62.0049059118943,76.91,69.14,71.45,230.03,189.48,378.18,79.56,69.28,4.43,20.31,17.71,8.69,1.81,1.4,0.57,54.96,43.44,40.79
7,4,2021,0,3,78.51,293.92,9.0,9.48,0.57,39.89,304,2021-04-07,2,4,97,0,0.9749279121818236,-0.22252093395631434,0.8660254037844388,-0.4999999999999998,0.9952176027737294,-0.09768276782171599,114.58666666666669,89.71857142857142,38.10413819546467,312.04,273.7842857142858,87.68191639046655,172.48,94.37,67.01,455.72,250.37,293.43,18.73,78.08,40.76,17.63,28.72,16.02,1.18,1.66,0.49,47.63,35.48,58.43
8,4,2021,0,4,72.39,179.66,54.12,9.76,1.4,50.08,152,2021-04-08,3,4,98,0,0.43388373911755823,-0.900968867902419,0.8660254037844388,-0.4999999999999998,0.9933900548258936,-0.11478762552212701,109.30000000000001,91.36142857142859,37.19904139829954,326.5566666666667,273.8542857142857,87.70040799166652,78.51,76.91,62.95,293.92,230.03,278.87,9.0,79.56,40.55,9.48,20.31,28.06,0.57,1.81,0.88,39.89,54.96,62.68
9,4,2021,0,5,62.75,170.91,55.34,15.53,1.36,55.41,157,2021-04-09,4,4,99,0,-0.433883739117558,-0.9009688679024191,0.8660254037844388,-0.4999999999999998,0.9912685467787256,-0.13185851571739118,107.79333333333334,92.71000000000001,36.15380892796804,309.7666666666667,259.6814285714286,94.50704231759164,72.39,172.48,85.17,179.66,455.72,218.59,54.12,18.73,58.47,9.76,17.63,31.37,1.4,1.18,1.23,50.08,47.63,45.1
10,4,2021,0,6,89.09,241.68,67.94,25.88,1.65,41.17,189,2021-04-10,5,4,100,1,-0.9749279121818236,-0.2225209339563146,0.8660254037844388,-0.4999999999999998,0.9888537064205883,-0.1488903868564548,71.21666666666668,89.50714285714287,37.88475802319731,214.83,252.87000000000003,99.54611862515456,62.75,78.51,69.14,170.91,293.92,189.48,55.34,9.0,69.28,15.53,9.48,17.71,1.36,0.57,1.4,55.41,39.89,43.44
11,4,2021,1,7,83.4,223.02,64.4,20.13,1.65,42.99,181,2021-04-11,6,4,101,1,-0.7818314824680299,0.6234898018587334,0.8660254037844388,-0.4999999999999998,0.986146248341595,-0.16587819893463143,74.74333333333335,92.35714285714286,36.83301359482024,197.41666666666666,260.32714285714286,95.89424691020938,89.09,72.39,94.37,241.68,179.66,250.37,67.94,54.12,78.08,25.88,9.76,28.72,1.65,1.4,1.66,41.17,50.08,35.48
12,4,2021,0,1,116.89,295.56,79.81,22.39,1.79,39.73,226,2021-04-12,0,4,102,0,0.0,1.0,0.8660254037844388,-0.4999999999999998,0.9831469737221499,-0.18281692498501992,78.41333333333336,90.79,36.96622918286395,211.87000000000003,256.42,96.91925969589332,83.4,62.75,76.91,223.02,170.91,230.03,64.4,55.34,79.56,20.13,15.53,20.31,1.65,1.36,1.81,42.99,55.41,54.96
13,4,2021,0,2,119.0,314.03,74.66,26.81,1.78,39.16,279,2021-04-13,1,4,103,0,0.7818314824680297,0.6234898018587336,0.8660254037844388,-0.4999999999999998,0.9798567700958665,-0.1997015525660636,96.46000000000002,96.50142857142858,37.54824737524246,253.42,265.7814285714286,97.10999818566086,116.89,89.09,172.48,295.56,241.68,455.72,79.81,67.94,18.73,22.39,25.88,17.63,1.79,1.65,1.18,39.73,41.17,47.63
14,4,2021,1,3,73.31,234.69,56.01,18.07,1.41,42.58,214,2021-04-14,2,4,104,0,0.9749279121818236,-0.22252093395631434,0.8660254037844388,-0.4999999999999998,0.9762766110869321,-0.2165270852448144,106.43000000000002,88.86142857142856,21.54097059757839,277.53666666666663,245.53999999999996,57.6850156742056,119.0,83.4,78.51,314.03,223.02,293.92,74.66,64.4,9.0,26.81,20.13,9.48,1.78,1.65,0.57,39.16,42.99,39.89
15,4,2021,0,4,97.54,286.71,60.28,22.82,1.58,42.53,235,2021-04-15,3,4,105,0,0.43388373911755823,-0.900968867902419,0.8660254037844388,-0.4999999999999998,0.9724075561219968,-0.2332885440754552,103.06666666666668,88.11857142857143,22.04129641421008,281.4266666666667,237.07857142857142,53.60549394374048,73.31,116.89,72.39,234.69,295.56,179.66,56.01,79.81,54.12,18.07,22.39,9.76,1.41,1.79,1.4,42.58,39.73,50.08
16,4,2021,0,5,132.11,323.16,71.69,19.4,1.69,43.17,232,2021-04-16,4,4,106,0,-0.433883739117558,-0.9009688679024191,0.8660254037844388,-0.4999999999999998,0.9682507501166718,-0.2499809690726521,96.61666666666669,91.71142857142857,21.07892899601566,278.4766666666667,252.37142857142857,49.6161598099422,97.54,119.0,62.75,286.71,314.03,170.91,60.28,74.66,55.34,22.82,26.81,15.53,1.58,1.78,1.36,42.53,39.16,55.41
17,4,2021,0,6,51.27,130.61,42.83,2.59,1.23,27.52,142,2021-04-17,5,4,107,1,-0.9749279121818236,-0.2225209339563146,0.8660254037844388,-0.4999999999999998,0.9638074231367307,-0.26659942067929354,100.9866666666667,101.62,21.49398830681162,281.52000000000004,274.12142857142857,40.48497640218793,132.11,73.31,89.09,323.16,234.69,241.68,71.69,56.01,67.94,19.4,18.07,25.88,1.69,1.41,1.65,43.17,42.58,41.17
18,4,2021,1,7,87.02,197.75,49.58,6.28,1.57,35.45,161,2021-04-18,6,4,108,1,-0.7818314824680299,0.6234898018587334,0.8660254037844388,-0.4999999999999998,0.9590788900341131,-0.28313898122818354,93.64000000000003,96.21714285714286,28.71043579971481,246.8266666666667,258.2542857142857,67.84162951490848,51.27,97.54,83.4,130.61,286.71,223.02,42.83,60.28,64.4,2.59,22.82,20.13,1.23,1.58,1.65,27.52,42.53,42.99
19,4,2021,0,1,99.27,260.87,54.65,9.73,1.51,38.11,212,2021-04-19,0,4,109,0,0.0,1.0,0.8660254037844388,-0.4999999999999998,0.9540665500578387,-0.2995947563972602,90.13333333333337,96.73428571428573,28.472709072105935,217.17333333333337,254.6442857142857,70.64348185481401,87.02,132.11,116.89,197.75,323.16,295.56,49.58,71.69,79.81,6.28,19.4,22.39,1.57,1.69,1.79,35.45,43.17,39.73
20,4,2021,0,2,70.73,204.81,45.32,17.39,1.3,58.95,178,2021-04-20,1,4,110,0,0.7818314824680297,0.6234898018587336,0.8660254037844388,-0.4999999999999998,0.9487718864399473,-0.31596187665790293,79.18666666666668,94.21714285714287,27.14159152437846,196.41,249.6885714285714,68.47841422145903,99.27,51.27,119.0,260.87,130.61,314.03,54.65,42.83,74.66,9.73,2.59,26.81,1.51,1.23,1.78,38.11,27.52,39.16
21,4,2021,0,3,56.54,128.35,31.87,4.41,1.2,44.01,132,2021-04-21,2,4,111,0,0.9749279121818236,-0.22252093395631434,0.8660254037844388,-0.4999999999999998,0.9431964659565866,-0.33223549871590435,85.67333333333335,87.32142857142857,25.899149553973206,221.14333333333335,234.08571428571426,63.64731202942858,70.73,87.02,73.31,204.81,197.75,234.69,45.32,49.58,56.01,17.39,6.28,18.07,1.3,1.57,1.41,58.95,35.45,42.58
22,4,2021,0,4,53.53,129.73,40.15,5.22,1.38,62.0,152,2021-04-22,3,4,112,0,0.43388373911755823,-0.900968867902419,0.8660254037844388,-0.4999999999999998,0.9373419384643772,-0.3484108069446808,75.51333333333335,84.92571428571429,28.093877658749513,198.01000000000002,218.8942857142857,75.13332768200442,56.54,99.27,97.54,128.35,260.87,286.71,31.87,54.65,60.28,4.41,9.73,22.82,1.2,1.51,1.58,44.01,38.11,42.53
23,4,2021,0,5,43.49,106.79,40.0,4.76,1.29,57.59,112,2021-04-23,4,4,113,0,-0.433883739117558,-0.9009688679024191,0.8660254037844388,-0.4999999999999998,0.9312100364121947,-0.3644830148102912,60.26666666666669,78.63857142857144,29.6801541036948,154.29666666666668,196.46857142857144,74.94554877344227,53.53,70.73,132.11,129.73,204.81,323.16,40.15,45.32,71.69,5.22,17.39,19.4,1.38,1.3,1.69,62.0,58.95,43.17
24,4,2021,0,6,57.98,117.01,41.59,6.82,1.29,56.1,96,2021-04-24,5,4,114,1,-0.9749279121818236,-0.2225209339563146,0.8660254037844388,-0.4999999999999998,0.9248025743285089,-0.38044736628785164,51.18666666666669,65.97857142857143,20.57412811321715,121.62333333333335,165.5585714285714,56.27987071430687,43.49,56.54,51.27,106.79,128.35,130.61,40.0,31.87,42.83,4.76,4.41,2.59,1.29,1.2,1.23,57.59,44.01,27.52
25,4,2021,1,7,104.76,189.19,48.65,16.52,1.69,60.4,217,2021-04-25,6,4,115,1,-0.7818314824680299,0.6234898018587334,0.8660254037844388,-0.4999999999999998,0.9181214482844365,-0.39629913726891813,51.666666666666686,66.93714285714286,19.92055698207796,117.84333333333336,163.6157142857143,57.89887933778578,57.98,53.53,87.02,117.01,129.73,197.75,41.59,40.15,49.58,6.82,5.22,6.28,1.29,1.38,1.57,56.1,62.0,35.45
26,4,2021,0,1,202.91,341.63,73.25,34.42,2.53,51.0,288,2021-04-26,0,4,116,0,0.0,1.0,0.8660254037844388,-0.4999999999999998,0.9111686353326631,-0.41203363695942635,68.74333333333335,69.47142857142858,23.675798774678587,137.66333333333336,162.39285714285714,57.14325323672287,104.76,43.49,99.27,189.19,106.79,260.87,48.65,40.0,54.65,16.52,4.76,9.73,1.69,1.29,1.51,60.4,57.59,38.11
27,4,2021,0,2,206.86,365.74,77.02,23.55,2.75,51.18,295,2021-04-27,1,4,117,0,0.7818314824680297,0.6234898018587336,0.8660254037844388,-0.4999999999999998,0.9039461929224011,-0.42764620926777464,121.88333333333337,84.27714285714286,55.89677084122313,215.94333333333336,173.93,82.75322189095344,202.91,57.98,70.73,341.63,117.01,204.81,73.25,41.59,45.32,34.42,6.82,17.39,2.53,1.29,1.3,51.0,56.1,58.95
28,4,2021,0,3,237.88,432.09,80.54,28.81,2.82,43.01,321,2021-04-28,2,4,118,0,0.9749279121818236,-0.22252093395631434,0.8660254037844388,-0.4999999999999998,0.8964562582905575,-0.44313223418263453,171.51000000000002,103.72428571428573,71.81270334630763,298.85333333333335,196.92000000000002,110.47344733765983,206.86,104.76,56.54,365.74,189.19,128.35,77.02,48.65,31.87,23.55,16.52,4.41,2.75,1.69,1.2,51.18,60.4,44.01
29,4,2021,0,4,215.39,406.98,58.3,25.24,2.21,60.72,303,2021-04-29,3,4,119,0,0.43388373911755823,-0.900968867902419,0.8660254037844388,-0.4999999999999998,0.8887010478292915,-0.45848712914008766,215.88333333333335,129.63000000000002,83.68198013909576,379.82,240.3114285714286,135.79989376880624,237.88,202.91,53.53,432.09,341.63,129.73,80.54,73.25,40.15,28.81,34.42,5.22,2.82,2.53,1.38,43.01,51.0,62.0
30,4,2021,0,5,187.38,445.59,11.65,23.63,0.77,35.28,346,2021-04-30,4,4,120,0,-0.433883739117558,-0.9009688679024191,0.8660254037844388,-0.4999999999999998,0.8806828564301475,-0.47370635037968,220.04333333333338,152.75285714285715,81.4830705758945,401.6033333333333,279.91857142857145,138.5753386463565,215.39,206.86,43.49,406.98,365.74,106.79,58.3,77.02,40.0,25.24,23.55,4.76,2.21,2.75,1.29,60.72,51.18,57.59
1,5,2021,0,6,75.01,238.18,46.08,10.7,1.34,69.86,214,2021-05-01,5,5,121,1,-0.9749279121818236,-0.2225209339563146,0.49999999999999994,-0.8660254037844387,0.8724040568049612,-0.48878539428899265,213.55000000000004,173.3085714285714,66.00486104032335,428.21999999999997,328.31857142857143,126.68487602822091,187.38,237.88,57.98,445.59,432.09,117.01,11.65,80.54,41.59,23.63,28.81,6.82,0.77,2.82,1.29,35.28,43.01,56.1
2,5,2021,1,7,83.06,226.18,47.95,11.67,0.69,41.76,193,2021-05-02,6,5,122,1,-0.7818314824680299,0.6234898018587334,0.49999999999999994,-0.8660254037844387,0.8638670987837349,-0.503719798736334,159.26000000000002,175.74142857142854,61.18326062700805,363.5833333333333,345.6285714285714,98.03957014535355,75.01,215.39,104.76,238.18,406.98,189.19,46.08,58.3,48.65,10.7,25.24,16.52,1.34,2.21,1.69,69.86,60.72,60.4
3,5,2021,0,1,105.77,294.37,39.74,11.49,0.72,27.37,258,2021-05-03,0,5,123,0,0.0,1.0,0.49999999999999994,-0.8660254037844387,0.8550745085896932,-0.5185051443911569,115.15000000000003,172.64142857142858,65.75784146613792,303.31666666666666,350.91285714285715,88.75998792892459,83.06,187.38,202.91,226.18,445.59,341.63,47.95,11.65,73.25,11.67,23.63,34.42,0.69,0.77,2.53,41.76,35.28,51.0
4,5,2021,0,2,79.05,188.93,41.41,9.68,0.63,22.98,163,2021-05-04,1,5,124,0,0.7818314824680297,0.6234898018587336,0.49999999999999994,-0.8660254037844387,0.846028888091734,-0.5331370560318089,87.94666666666667,158.7642857142857,68.49834325420905,252.91,344.1614285714286,91.34354883781172,105.77,75.01,206.86,294.37,238.18,365.74,39.74,46.08,77.02,11.49,10.7,23.55,0.72,1.34,2.75,27.37,69.86,51.18
5,5,2021,0,3,69.61,170.36,38.87,5.29,0.86,59.57,151,2021-05-05,2,5,125,0,0.9749279121818236,-0.22252093395631434,0.49999999999999994,-0.8660254037844387,0.8367329140344921,-0.5476112038402311,89.29333333333335,140.50571428571428,70.5451153180581,236.49333333333334,318.9028571428571,107.41435126249587,79.05,83.06,237.88,188.93,226.18,432.09,41.41,47.95,80.54,9.68,11.67,28.81,0.63,0.69,2.82,22.98,41.76,43.01
6,5,2021,0,4,54.81,163.54,36.33,4.5,0.62,47.71,128,2021-05-06,3,5,126,0,0.43388373911755823,-0.900968867902419,0.49999999999999994,-0.8660254037844387,0.8271893372462497,-0.5619233046832195,84.81000000000002,116.46714285714286,59.66456254603353,217.88666666666668,281.5128571428572,107.00048562417614,69.61,105.77,215.39,170.36,294.37,406.98,38.87,39.74,58.3,5.29,11.49,25.24,0.86,0.72,2.21,59.57,27.37,60.72
7,5,2021,0,5,52.47,100.82,42.37,4.33,0.59,42.39,110,2021-05-07,4,5,127,0,-0.433883739117558,-0.9009688679024191,0.49999999999999994,-0.8660254037844387,0.8174009818249189,-0.5760691233798758,67.82333333333335,93.52714285714285,44.14243336982627,174.27666666666667,246.7357142857143,98.6610924422833,54.81,79.05,187.38,163.54,188.93,445.59,36.33,41.41,11.65,4.5,9.68,23.63,0.62,0.63,0.77,47.71,22.98,35.28
8,5,2021,0,6,99.07,257.6,56.43,4.48,0.88,37.87,167,2021-05-08,5,5,128,1,-0.9749279121818236,-0.2225209339563146,0.49999999999999994,-0.8660254037844387,0.8073707443023492,-0.5900444739548626,58.963333333333345,74.25428571428571,18.113326454247076,144.90666666666667,197.48285714285717,62.14435901305029,52.47,69.61,75.01,100.82,170.36,238.18,42.37,38.87,46.08,4.33,5.29,10.7,0.59,0.86,1.34,42.39,59.57,69.86
9,5,2021,1,7,59.8,135.69,42.85,4.63,0.68,53.07,195,2021-05-09,6,5,129,1,-0.7818314824680299,0.6234898018587334,0.49999999999999994,-0.8660254037844387,0.7971015927871943,-0.6038452208771035,68.78333333333335,77.69142857142856,20.416931232494566,173.98666666666668,200.2571428571429,64.64707384826389,99.07,54.81,83.06,257.6,163.54,226.18,56.43,36.33,47.95,4.48,4.5,11.67,0.88,0.62,0.69,37.87,47.71,41.76
10,5,2021,0,1,51.08,94.49,58.1,4.82,0.81,45.97,88,2021-05-10,0,5,130,0,0.0,1.0,0.49999999999999994,-0.8660254037844387,0.7865965660866021,-0.6174672802835514,70.44666666666667,74.36857142857141,21.27243320087634,164.70333333333335,187.32999999999998,67.58033392439967,59.8,52.47,105.77,135.69,100.82,294.37,42.85,42.37,39.74,4.63,4.33,11.49,0.68,0.59,0.72,53.07,42.39,27.37
11,5,2021,0,2,57.75,120.48,44.78,5.09,0.46,56.12,111,2021-05-11,1,5,131,0,0.7818314824680297,0.6234898018587336,0.49999999999999994,-0.8660254037844387,0.7758587728069828,-0.6309066211876704,69.98333333333335,66.55571428571429,17.531501035891406,162.59333333333336,158.7757142857143,56.06080414964454,51.08,99.07,79.05,94.49,257.6,188.93,58.1,56.43,41.41,4.82,4.48,9.68,0.81,0.88,0.63,45.97,37.87,22.98
12,5,2021,0,3,43.88,141.98,40.29,5.94,0.44,45.14,114,2021-05-12,2,5,132,0,0.9749279121818236,-0.22252093395631434,0.49999999999999994,-0.8660254037844387,0.7648913904341226,-0.6441592666722685,56.210000000000015,63.512857142857136,16.836180004469256,116.8866666666667,148.99714285714285,55.893977229002346,57.75,59.8,69.61,120.48,135.69,170.36,44.78,42.85,38.87,5.09,4.63,5.29,0.46,0.68,0.86,56.12,53.07,59.57
13,5,2021,0,4,46.61,83.62,35.88,5.15,0.61,54.08,105,2021-05-13,3,5,133,0,0.43388373911755823,-0.900968867902419,0.49999999999999994,-0.8660254037844387,0.753697664392914,-0.6572212950663319,50.90333333333336,59.83714285714286,18.04826650428117,118.98333333333335,144.94285714285715,55.109932775101754,43.88,51.08,54.81,141.98,94.49,163.54,40.29,58.1,36.33,5.94,4.82,4.5,0.44,0.81,0.62,45.14,45.97,47.71
14,5,2021,1,5,61.6,120.48,41.78,5.21,0.75,52.06,130,2021-05-14,4,5,134,0,-0.433883739117558,-0.9009688679024191,0.49999999999999994,-0.8660254037844387,0.7422809070869821,-0.6700888411055113,49.413333333333355,58.66571428571428,18.683856540825,115.36000000000001,133.5257142857143,58.77188836429207,46.61,57.75,52.47,83.62,120.48,100.82,35.88,44.78,42.37,5.15,5.09,4.33,0.61,0.46,0.59,54.08,56.12,42.39
15,5,2021,0,6,48.99,159.97,41.5,5.51,0.48,38.87,128,2021-05-15,5,5,135,1,-0.9749279121818236,-0.2225209339563146,0.49999999999999994,-0.8660254037844387,0.7306444969184918,-0.6827580970759147,50.69666666666669,59.96999999999999,18.496999756718218,115.36000000000001,136.33428571428573,57.40226414150817,61.6,43.88,99.07,120.48,141.98,257.6,41.78,40.29,56.43,5.21,5.94,4.48,0.75,0.44,0.88,52.06,45.14,37.87
16,5,2021,1,7,69.96,131.21,51.09,6.72,0.91,50.72,177,2021-05-16,6,5,136,1,-0.7818314824680299,0.6234898018587334,0.49999999999999994,-0.8660254037844387,0.7187918772884233,-0.6952253139408722,52.40000000000003,52.815714285714286,6.907698259053448,121.35666666666668,122.38714285714286,26.65124619618327,48.99,46.61,59.8,159.97,83.62,135.69,41.5,35.88,42.85,5.51,5.15,4.63,0.48,0.61,0.68,38.87,54.08,53.07
17,5,2021,0,1,99.12,211.16,77.57,6.99,1.5,19.69,203,2021-05-17,0,5,137,0,0.0,1.0,0.49999999999999994,-0.8660254037844387,0.7067265555776158,-0.7074868024503348,60.183333333333344,54.26714285714286,9.279884543618618,137.22000000000003,121.74714285714285,26.33041062743939,69.96,61.6,51.08,131.21,120.48,94.49,51.09,41.78,58.1,6.72,5.21,4.82,0.91,0.75,0.81,50.72,52.06,45.97
18,5,2021,0,2,30.87,64.67,39.29,5.45,0.44,32.34,92,2021-05-18,1,5,138,0,0.7818314824680297,0.6234898018587336,0.49999999999999994,-0.8660254037844387,0.6944521021088763,-0.719538934232584,72.69000000000001,61.129999999999995,19.098982520892754,167.4466666666667,138.41428571428574,39.72172950965428,99.12,48.99,57.75,211.16,159.97,120.48,77.57,41.5,44.78,6.99,5.51,5.09,1.5,0.48,0.46,19.69,38.87,56.12
19,5,2021,0,3,38.92,42.26,29.65,5.05,0.48,41.58,72,2021-05-19,2,5,139,0,0.9749279121818236,-0.22252093395631434,0.49999999999999994,-0.8660254037844387,0.6819721490904629,-0.7313781428679254,66.65000000000002,57.29,22.32207726295578,135.68000000000004,130.4414285714286,48.54295466511175,30.87,69.96,43.88,64.67,131.21,141.98,39.29,51.09,40.29,5.45,6.72,5.94,0.44,0.91,0.44,32.34,50.72,45.14
20,5,2021,0,4,58.5,43.06,27.87,5.22,0.41,43.84,48,2021-05-20,3,5,140,0,0.43388373911755823,-0.900968867902419,0.49999999999999994,-0.8660254037844387,0.6692903895412567,-0.7430009249440493,56.30333333333336,56.58142857142857,22.890191078693114,106.03000000000002,116.19571428571429,58.25340300707601,38.92,99.12,46.61,42.26,211.16,83.62,29.65,77.57,35.88,5.05,6.99,5.15,0.48,1.5,0.61,41.58,19.69,54.08
21,5,2021,0,5,41.1,79.41,48.59,5.34,0.6,52.13,59,2021-05-21,4,5,141,0,-0.433883739117558,-0.9009688679024191,0.49999999999999994,-0.8660254037844387,0.6564105761979381,-0.7544038410927472,42.76333333333336,58.279999999999994,22.46412176486543,49.9966666666667,110.40142857142857,63.787920859823444,58.5,30.87,61.6,43.06,64.67,120.48,27.87,39.29,41.78,5.22,5.45,5.21,0.41,0.44,0.75,43.84,32.34,52.06
22,5,2021,0,6,41.11,61.27,37.99,5.52,0.62,52.32,70,2021-05-22,5,5,142,1,-0.9749279121818236,-0.2225209339563146,0.49999999999999994,-0.8660254037844387,0.6433365204044917,-0.765583517007675,46.17333333333335,55.35142857142858,23.28058878735133,54.910000000000025,104.53428571428572,64.59014446418907,41.1,38.92,48.99,79.41,42.26,159.97,48.59,29.65,41.5,5.34,5.05,5.51,0.6,0.48,0.48,52.13,41.58,38.87
23,5,2021,1,7,157.53,474.62,35.79,5.42,0.41,44.67,297,2021-05-23,6,5,143,1,-0.7818314824680299,0.6234898018587334,0.49999999999999994,-0.8660254037844387,0.6300720909843687,-0.7765366444428655,46.90333333333336,54.22571428571429,23.823639420502687,61.2466666666667,90.4342857142857,61.153264523693394,41.11,58.5,69.96,61.27,43.06,131.21,37.99,27.87,51.09,5.52,5.22,6.72,0.62,0.41,0.91,52.32,43.84,50.72
24,5,2021,0,1,61.78,137.99,34.39,5.75,0.35,56.43,134,2021-05-24,0,5,144,0,0.0,1.0,0.49999999999999994,-0.8660254037844387,0.6166212130956382,-0.7872599821916922,79.91333333333336,66.73571428571428,46.06897323837518,205.10000000000002,139.49285714285716,158.91671337677556,157.53,41.1,99.12,474.62,79.41,211.16,35.79,48.59,77.57,5.42,5.34,6.99,0.41,0.6,1.5,44.67,52.13,19.69
25,5,2021,0,2,51.73,124.95,42.21,6.34,0.36,65.92,122,2021-05-25,1,5,145,0,0.7818314824680297,0.6234898018587336,0.49999999999999994,-0.8660254037844387,0.6029878670694714,-0.7977503570459932,86.80666666666669,61.40142857142856,43.800183952647366,224.6266666666667,129.04,155.7927974372801,61.78,41.11,30.87,137.99,61.27,64.67,34.39,37.99,39.29,5.75,5.52,5.45,0.35,0.62,0.44,56.43,52.32,32.34
26,5,2021,1,3,65.16,149.77,50.38,6.57,0.67,49.01,137,2021-05-26,2,5,146,0,0.9749279121818236,-0.22252093395631434,0.49999999999999994,-0.8660254037844387,0.5891760872322963,-0.8080046647350754,90.34666666666669,64.38142857142857,42.05144128666398,245.85333333333338,137.65142857142857,153.28758847653788,51.73,157.53,38.92,124.95,474.62,42.26,42.21,35.79,29.65,6.34,5.42,5.05,0.36,0.41,0.48,65.92,44.67,41.58
27,5,2021,0,4,66.99,154.61,64.92,5.8,1.12,41.62,140,2021-05-27,3,5,147,0,0.43388373911755823,-0.900968867902419,0.49999999999999994,-0.8660254037844387,0.5751899607119775,-0.8180198708443175,59.55666666666668,68.13,40.54606762683692,137.57000000000002,153.01000000000002,147.41022341298688,65.16,61.78,58.5,149.77,137.99,43.06,50.38,34.39,27.87,6.57,5.75,5.22,0.67,0.35,0.41,49.01,56.43,43.84
28,5,2021,0,5,36.43,85.77,37.42,4.95,0.74,61.64,95,2021-05-28,4,5,148,0,-0.433883739117558,-0.9009688679024191,0.49999999999999994,-0.8660254037844387,0.5610336262283677,-0.8277930117131022,61.29333333333335,69.34285714285714,40.336433371616906,143.11000000000004,168.9457142857143,139.35241438611007,66.99,51.73,41.1,154.61,124.95,79.41,64.92,42.21,48.59,5.8,6.34,5.34,1.12,0.36,0.6,41.62,65.92,52.13
29,5,2021,0,6,27.2,80.39,30.89,5.49,0.54,55.57,76,2021-05-29,5,5,149,1,-0.9749279121818236,-0.2225209339563146,0.49999999999999994,-0.8660254037844387,0.5467112728685939,-0.8373211953118121,56.19333333333335,68.67571428571428,40.91586646487474,130.05000000000004,169.8542857142857,138.69051227549105,36.43,65.16,41.11,85.77,149.77,61.27,37.42,50.38,37.99,4.95,6.57,5.52,0.74,0.67,0.62,61.64,49.01,52.32
30,5,2021,1,7,28.44,138.19,32.34,5.37,0.53,53.79,102,2021-05-30,6,5,150,1,-0.7818314824680299,0.6234898018587334,0.49999999999999994,-0.8660254037844387,0.5322271388474397,-0.8466016020976267,43.54000000000002,66.68857142857142,42.77338324572593,106.92333333333336,172.58571428571432,136.36436214020435,27.2,66.99,157.53,80.39,154.61,474.62,30.89,64.92,35.79,5.49,5.8,5.42,0.54,1.12,0.41,55.57,41.62,44.67
31,5,2021,0,1,44.64,125.09,64.13,5.12,0.93,24.98,113,2021-05-31,0,5,151,0,0.0,1.0,0.49999999999999994,-0.8660254037844387,0.5175855102531889,-0.8556314858488706,30.690000000000015,48.247142857142855,17.35683315420452,101.45,124.52428571428572,29.890033376330386,28.44,36.43,61.78,138.19,85.77,137.99,32.34,37.42,34.39,5.37,4.95,5.75,0.53,0.74,0.35,53.79,61.64,56.43
1,6,2021,0,2,44.7,108.78,30.79,5.15,0.5,66.73,107,2021-06-01,1,6,152,0,0.7818314824680297,0.6234898018587336,1.2246467991473532e-16,-1.0,0.5027907197793043,-0.8644081744776648,33.426666666666684,45.79857142857143,16.306760794807904,114.55666666666669,122.68142857142857,29.31355285448065,44.64,27.2,51.73,125.09,80.39,124.95,64.13,30.89,42.21,5.12,5.49,6.34,0.93,0.54,0.36,24.98,55.57,65.92
2,6,2021,0,3,61.13,124.94,39.91,5.03,0.77,28.9,132,2021-06-02,2,6,153,0,0.9749279121818236,-0.22252093395631434,1.2246467991473532e-16,-1.0,0.4878471454423119,-0.8729290708206411,39.26000000000002,44.794285714285714,16.095690786816157,124.02000000000002,120.37142857142858,29.739022864788804,44.7,28.44,65.16,108.78,138.19,149.77,30.79,32.34,50.38,5.15,5.37,6.57,0.5,0.53,0.67,66.73,53.79,49.01
3,6,2021,0,4,75.96,144.07,39.25,5.17,0.85,66.52,118,2021-06-03,3,6,154,0,0.43388373911755823,-0.900968867902419,1.2246467991473532e-16,-1.0,0.47275920928627757,-0.881191653407483,50.15666666666669,44.21857142857142,15.298151771344287,119.60333333333335,116.82428571428571,27.00301579277421,61.13,44.64,66.99,124.94,125.09,154.61,39.91,64.13,64.92,5.03,5.12,5.8,0.77,0.93,1.12,28.9,24.98,41.62
4,6,2021,0,5,96.17,183.07,43.35,5.0,1.0,68.98,216,2021-06-04,4,6,155,0,-0.433883739117558,-0.9009688679024191,1.2246467991473532e-16,-1.0,0.4575313760742512,-0.8891934772070711,60.59666666666669,45.5,17.709162411965448,125.93000000000002,115.31857142857143,24.744277741579616,75.96,44.7,36.43,144.07,108.78,85.77,39.25,30.79,37.42,5.17,5.15,4.95,0.85,0.5,0.74,66.52,66.73,61.64
5,6,2021,0,6,47.42,139.41,49.1,6.32,0.66,39.25,104,2021-06-05,5,6,156,1,-0.9749279121818236,-0.2225209339563146,1.2246467991473532e-16,-1.0,0.442168151967072,-0.8969321743510065,77.75333333333336,54.034285714285716,25.35426450464426,150.69333333333336,129.21857142857144,31.72366016533656,96.17,61.13,27.2,183.07,124.94,80.39,43.35,39.91,30.89,5.0,5.03,5.49,1.0,0.77,0.54,68.98,28.9,55.57
6,6,2021,1,7,56.79,205.74,41.7,7.0,0.59,25.73,181,2021-06-06,6,6,157,1,-0.7818314824680299,0.6234898018587334,1.2246467991473532e-16,-1.0,0.42667408318992467,-0.9044054548343001,73.18333333333335,56.92285714285714,22.811895080043037,155.51666666666668,137.65,23.310786487519287,47.42,75.96,28.44,139.41,144.07,138.19,49.1,39.25,32.34,6.32,5.17,5.37,0.66,0.85,0.53,39.25,66.52,53.79
7,6,2021,0,1,73.07,192.02,49.94,7.69,0.88,30.31,158,2021-06-07,0,6,158,0,0.0,1.0,1.2246467991473532e-16,-1.0,0.4110537546870351,-0.9116111071930239,66.79333333333336,60.972857142857144,19.13209494913955,176.07333333333335,147.29999999999998,34.74779513388884,56.79,96.17,44.64,205.74,183.07,125.09,41.7,43.35,64.13,7.0,5.0,5.12,0.59,1.0,0.93,25.73,68.98,24.98
8,6,2021,0,2,96.43,384.33,47.65,7.84,0.8,15.49,194,2021-06-08,1,6,159,0,0.7818314824680297,0.6234898018587336,1.2246467991473532e-16,-1.0,0.3953117887649151,-0.9185469991587165,59.09333333333336,65.03428571428572,18.0754648231093,179.0566666666667,156.86142857142858,36.76752073437127,73.07,47.42,44.7,192.02,139.41,108.78,49.94,49.1,30.79,7.69,6.32,5.15,0.88,0.66,0.5,30.31,39.25,66.73
9,6,2021,0,3,75.25,350.71,42.75,6.91,0.55,23.66,348,2021-06-09,2,6,160,0,0.9749279121818236,-0.22252093395631434,1.2246467991473532e-16,-1.0,0.37945284372454435,-0.925211078289358,75.43000000000002,72.42428571428572,18.930828347032094,260.6966666666667,196.22571428571428,88.21791368672308,96.43,56.79,61.13,384.33,205.74,124.94,47.65,41.7,39.91,7.84,7.0,5.03,0.8,0.59,0.77,15.49,25.73,28.9
10,6,2021,0,4,62.83,219.08,41.92,7.56,0.9,38.08,218,2021-06-10,3,6,161,0,0.43388373911755823,-0.900968867902419,1.2246467991473532e-16,-1.0,0.36348161248290634,-0.9316013725767187,81.58333333333336,74.44142857142857,18.26745414534857,309.02000000000004,228.47857142857143,98.48554520479506,75.25,73.07,75.96,350.71,192.02,144.07,42.75,49.94,39.25,6.91,7.69,5.17,0.55,0.88,0.85,23.66,30.31,66.52
11,6,2021,0,5,50.98,134.62,52.56,7.44,0.64,48.9,127,2021-06-11,4,6,162,0,-0.433883739117558,-0.9009688679024191,1.2246467991473532e-16,-1.0,0.3474028211842774,-0.9377159910299093,78.17000000000003,72.56571428571428,18.753179159050887,318.04,239.1942857142857,91.61164060990343,62.83,96.43,96.17,219.08,384.33,183.07,41.92,47.65,43.35,7.56,7.84,5.0,0.9,0.8,1.0,38.08,15.49,68.98
12,6,2021,0,6,37.69,95.55,85.93,9.98,0.66,27.65,114,2021-06-12,5,6,163,1,-0.9749279121818236,-0.2225209339563146,1.2246467991473532e-16,-1.0,0.3312212278016865,-0.9435531242349544,63.02000000000002,66.11,16.966326453695466,234.80333333333337,232.27285714285716,98.15519916850832,50.98,75.25,47.42,134.62,350.71,139.41,52.56,42.75,49.1,7.44,6.91,6.32,0.64,0.55,0.66,48.9,23.66,39.25
13,6,2021,1,7,38.56,73.37,69.08,8.53,0.65,29.04,97,2021-06-13,6,6,164,1,-0.7818314824680299,0.6234898018587334,1.2246467991473532e-16,-1.0,0.31494162072895193,-0.9491110448902284,50.50000000000002,64.72,19.026266931097304,149.75000000000003,226.00714285714284,106.14571269631921,37.69,62.83,56.79,95.55,219.08,205.74,85.93,41.92,41.7,9.98,7.56,7.0,0.66,0.9,0.59,27.65,38.08,25.73
14,6,2021,0,1,44.43,100.54,66.48,8.66,0.71,34.16,88,2021-06-14,0,6,165,0,0.0,1.0,1.2246467991473532e-16,-1.0,0.2985688173637202,-0.9543881083175908,42.410000000000025,62.11571428571428,21.393057952790727,101.18000000000002,207.09714285714284,121.0961722095688,38.56,50.98,73.07,73.37,134.62,192.02,69.08,52.56,49.94,8.53,7.44,7.69,0.65,0.64,0.88,29.04,48.9,30.31
15,6,2021,0,2,36.99,119.58,65.44,9.02,0.51,29.73,97,2021-06-15,1,6,166,0,0.7818314824680297,0.6234898018587336,1.2246467991473532e-16,-1.0,0.28210766268191934,-0.9593827529490743,40.226666666666695,58.02428571428572,21.685583427048105,89.82000000000001,194.0285714285714,127.74798699373859,44.43,37.69,96.43,100.54,95.55,384.33,66.48,85.93,47.65,8.66,9.98,7.84,0.71,0.66,0.8,34.16,27.65,15.49
16,6,2021,0,3,41.19,92.69,51.18,8.11,0.78,39.87,123,2021-06-16,2,6,167,0,0.9749279121818236,-0.22252093395631434,1.2246467991473532e-16,-1.0,0.26556302780405594,-0.9640935007889755,39.99333333333336,49.53285714285715,14.630441681971202,97.83000000000003,156.20714285714286,97.66611655947808,36.99,38.56,75.25,119.58,73.37,350.71,65.44,69.08,42.75,9.02,8.53,6.91,0.51,0.65,0.55,29.73,29.04,23.66
17,6,2021,0,4,49.51,84.06,43.13,7.09,0.95,48.44,85,2021-06-17,3,6,168,0,0.43388373911755823,-0.900968867902419,1.2246467991473532e-16,-1.0,0.24893980855376655,-0.9685189578512204,40.870000000000026,44.667142857142856,9.370205821800004,104.27000000000002,119.34714285714286,48.17411258974649,41.19,44.43,62.83,92.69,100.54,219.08,51.18,66.48,41.92,8.11,8.66,7.56,0.78,0.71,0.9,39.87,34.16,38.08
18,6,2021,0,5,35.59,58.46,43.56,7.31,0.63,50.58,70,2021-06-18,4,6,169,0,-0.433883739117558,-0.9009688679024191,1.2246467991473532e-16,-1.0,0.23224292400907015,-0.9726578145718654,42.563333333333354,42.76428571428572,5.701204133467464,98.77666666666669,100.05857142857144,20.891256088431682,49.51,36.99,50.98,84.06,119.58,134.62,43.13,65.44,52.56,7.09,9.02,7.44,0.95,0.51,0.64,48.44,29.73,48.9
19,6,2021,0,6,37.02,58.77,48.51,7.89,0.52,27.99,63,2021-06-19,5,6,170,1,-0.9749279121818236,-0.2225209339563146,1.2246467991473532e-16,-1.0,0.21547731504673012,-0.976508846196619,42.09666666666669,40.565714285714286,4.918651092674385,78.40333333333335,89.17857142857143,19.689233461101775,35.59,41.19,37.69,58.46,92.69,95.55,43.56,51.18,85.93,7.31,8.11,9.98,0.63,0.78,0.66,50.58,39.87,27.65
20,6,2021,1,7,27.82,34.46,44.46,8.03,0.42,30.84,54,2021-06-20,6,6,171,1,-0.7818314824680299,0.6234898018587334,1.2246467991473532e-16,-1.0,0.1986479428801711,-0.9800709131432666,40.7066666666667,40.470000000000006,4.989939879401191,67.09666666666668,83.92428571428572,22.423309937908037,37.02,49.51,38.56,58.77,84.06,73.37,48.51,43.13,69.08,7.89,7.09,8.53,0.52,0.95,0.65,27.99,48.44,29.04
21,6,2021,0,1,31.18,67.07,44.71,7.21,0.74,44.43,55,2021-06-21,0,6,172,0,0.0,1.0,1.2246467991473532e-16,-1.0,0.18175978759137534,-0.9833429613388902,33.476666666666695,38.93571428571429,6.943740243663155,50.563333333333354,78.36571428571428,29.257100481276108,27.82,35.59,44.43,34.46,58.46,100.54,44.46,43.56,66.48,8.03,7.31,8.66,0.42,0.63,0.71,30.84,50.58,34.16
22,6,2021,0,2,51.51,159.71,38.19,8.02,0.67,38.95,108,2021-06-22,1,6,173,0,0.7818314824680297,0.6234898018587336,1.2246467991473532e-16,-1.0,0.16481784665719793,-0.9863240225317866,32.00666666666669,37.042857142857144,7.002103765504777,53.433333333333344,73.58428571428571,27.724018983031442,31.18,37.02,36.99,67.07,58.77,119.58,44.71,48.51,65.44,7.21,7.89,9.02,0.74,0.52,0.51,44.43,27.99,29.73
23,6,2021,0,3,95.84,285.92,50.92,8.78,0.8,33.85,236,2021-06-23,2,6,174,0,0.9749279121818236,-0.22252093395631434,1.2246467991473532e-16,-1.0,0.14782713347053048,-0.9890132145779883,36.836666666666694,39.11714285714286,8.882131340106145,87.08000000000003,79.31714285714285,40.17399810585924,51.51,27.82,41.19,159.71,34.46,92.69,38.19,44.46,51.18,8.02,8.03,8.11,0.67,0.42,0.78,38.95,30.84,39.87
24,6,2021,0,4,56.41,152.56,42.0,8.26,0.84,55.86,129,2021-06-24,3,6,175,0,0.43388373911755823,-0.900968867902419,1.2246467991473532e-16,-1.0,0.1307926758567592,-0.9914097417023038,59.510000000000026,46.924285714285716,23.3090789587405,170.9,106.92142857142858,88.37008532842114,95.84,31.18,49.51,285.92,67.07,84.06,50.92,44.71,43.13,8.78,7.21,7.09,0.8,0.74,0.95,33.85,44.43,48.44
25,6,2021,0,5,65.38,226.41,41.52,8.51,0.61,39.63,182,2021-06-25,4,6,176,0,-0.433883739117558,-0.9009688679024191,1.2246467991473532e-16,-1.0,0.11371951458594969,-0.9935128947338007,67.92000000000003,47.910000000000004,23.58096124701812,199.39666666666668,116.70714285714287,89.20532938382235,56.41,51.51,35.59,152.56,159.71,58.46,42.0,38.19,43.56,8.26,8.02,7.31,0.84,0.67,0.63,55.86,38.95,50.58
26,6,2021,0,6,46.95,158.6,48.7,10.45,0.84,26.44,138,2021-06-26,5,6,177,1,-0.9749279121818236,-0.2225209339563146,1.2246467991473532e-16,-1.0,0.0966127018812031,-0.9953220513156602,72.54333333333336,52.16571428571428,23.674920525839113,221.63,140.70000000000002,93.41478434023908,65.38,95.84,37.02,226.41,285.92,58.77,41.52,50.92,48.51,8.51,8.78,7.89,0.61,0.8,0.52,39.63,33.85,27.99
27,6,2021,1,7,72.04,166.74,47.39,9.44,1.02,54.78,150,2021-06-27,6,6,178,1,-0.7818314824680299,0.6234898018587334,1.2246467991473532e-16,-1.0,0.07947729992362097,-0.9968366760893436,56.24666666666669,53.58428571428572,22.901003513051517,179.19000000000003,154.96142857142857,86.16079762640946,46.95,56.41,27.82,158.6,152.56,34.46,48.7,42.0,44.46,10.45,8.26,8.03,0.84,0.84,0.42,26.44,55.86,30.84
28,6,2021,0,1,63.33,149.28,41.92,9.49,0.89,54.9,136,2021-06-28,0,6,179,0,0.0,1.0,1.2246467991473532e-16,-1.0,0.06231837935432508,-0.998056320853012,61.4566666666667,59.901428571428575,20.592096727120396,183.91666666666666,173.85857142857142,67.89762475682845,72.04,65.38,31.18,166.74,226.41,67.07,47.39,41.52,44.71,9.44,8.51,7.21,1.02,0.61,0.74,54.78,39.63,44.43
29,6,2021,0,2,77.96,237.98,47.58,9.92,0.92,40.47,196,2021-06-29,1,6,180,0,0.7818314824680297,0.6234898018587336,1.2246467991473532e-16,-1.0,0.045141017773971934,-0.9989806246941579,60.77333333333337,64.49428571428572,16.24490161778343,158.2066666666667,185.60285714285715,51.470597015605804,63.33,46.95,51.51,149.28,158.6,159.71,41.92,48.7,38.19,9.49,10.45,8.02,0.89,0.84,0.67,54.9,26.44,38.95
30,6,2021,0,3,87.86,415.77,44.54,7.87,0.56,21.44,215,2021-06-30,2,6,181,0,0.9749279121818236,-0.22252093395631434,1.2246467991473532e-16,-1.0,0.02795029824021032,-0.999609314096404,71.11000000000003,68.27285714285715,15.791197668624038,184.66666666666666,196.78428571428572,53.37460190550799,77.96,72.04,95.84,237.98,166.74,285.92,47.58,47.39,50.92,9.92,9.44,8.78,0.92,1.02,0.8,40.47,54.78,33.85
1,7,2021,0,4,56.77,289.39,34.89,7.66,0.47,21.55,302,2021-07-01,3,7,182,0,0.43388373911755823,-0.900968867902419,-0.4999999999999998,-0.8660254037844388,0.010751307763521931,-0.9999422030204416,76.38333333333337,67.13285714285713,13.60626781338503,267.6766666666667,215.3342857142857,95.47594703329621,87.86,63.33,56.41,415.77,149.28,152.56,44.54,41.92,42.0,7.87,9.49,8.26,0.56,0.89,0.84,21.44,54.9,55.86
2,7,2021,0,5,64.92,291.96,35.87,7.4,0.62,31.75,280,2021-07-02,4,7,183,0,-0.433883739117558,-0.9009688679024191,-0.4999999999999998,-0.8660254037844388,-0.006450864198105151,-0.9999791929590823,74.1966666666667,67.18428571428572,13.559583151340929,314.38000000000005,234.8814285714286,94.48363269698655,56.77,77.96,65.38,289.39,237.98,226.41,34.89,47.58,41.52,7.66,9.92,8.51,0.47,0.92,0.61,21.55,40.47,39.63
3,7,2021,0,6,39.55,136.24,36.65,6.61,0.59,46.81,140,2021-07-03,5,7,184,1,-0.9749279121818236,-0.2225209339563146,-0.4999999999999998,-0.8660254037844388,-0.02365112724523159,-0.9997202729664083,69.85000000000004,67.11857142857143,13.57089462608912,332.37333333333333,244.24571428571426,96.72582417278632,64.92,87.86,46.95,291.96,415.77,158.6,35.87,44.54,48.7,7.4,7.87,10.45,0.62,0.56,0.84,31.75,21.44,26.44
4,7,2021,1,7,67.12,164.01,51.56,7.19,0.92,47.31,126,2021-07-04,6,7,185,1,-0.7818314824680299,0.6234898018587334,-0.4999999999999998,-0.8660254037844388,-0.04084439154329611,-0.9991655196610109,53.7466666666667,66.06142857142856,15.548028201428464,239.1966666666667,241.0514285714286,100.3277396716335,39.55,56.77,72.04,136.24,289.39,166.74,36.65,34.89,47.39,6.61,7.66,9.44,0.59,0.47,1.02,46.81,21.55,54.78
5,7,2021,0,1,66.23,223.87,33.63,7.18,0.49,38.63,151,2021-07-05,0,7,186,0,0.0,1.0,-0.4999999999999998,-0.8660254037844388,-0.05802556932878034,-0.9983150972033183,57.196666666666694,65.35857142857142,15.342567612769871,197.40333333333334,240.6614285714286,100.66947624587635,67.12,64.92,63.33,164.01,291.96,149.28,51.56,35.87,41.92,7.19,7.4,9.49,0.92,0.62,0.89,47.31,31.75,54.9
6,7,2021,0,2,51.65,250.51,30.24,7.64,0.46,49.21,239,2021-07-06,1,7,187,0,0.7818314824680297,0.6234898018587336,-0.4999999999999998,-0.8660254037844388,-0.07518957641475855,-0.9971692572470178,57.63333333333336,65.77285714285713,15.317795440039374,174.7066666666667,251.31714285714287,93.04357182064147,66.23,39.55,77.96,223.87,136.24,237.98,33.63,36.65,47.58,7.18,6.61,9.92,0.49,0.59,0.92,38.63,46.81,40.47
7,7,2021,0,3,66.85,223.86,36.65,8.32,0.57,43.92,179,2021-07-07,2,7,188,0,0.9749279121818236,-0.22252093395631434,-0.4999999999999998,-0.8660254037844388,-0.09233133369539122,-0.9957283388645872,61.66666666666669,62.01428571428571,15.054621502099058,212.7966666666667,253.10714285714286,92.86457966923055,51.65,67.12,87.86,250.51,164.01,415.77,30.24,51.56,44.54,7.64,7.19,7.87,0.46,0.92,0.56,49.21,47.31,21.44
8,7,2021,0,4,53.3,238.31,31.66,9.54,0.33,25.64,196,2021-07-08,3,7,189,0,0.43388373911755823,-0.900968867902419,-0.4999999999999998,-0.8660254037844388,-0.10944576864891556,-0.993992768446958,61.57666666666669,59.01285714285715,10.425712948102198,232.74666666666667,225.6914285714286,58.98844729509106,66.85,66.23,56.77,223.86,223.87,289.39,36.65,33.63,34.89,8.32,7.18,7.66,0.57,0.49,0.47,43.92,38.63,21.55
9,7,2021,0,5,40.09,95.93,36.45,7.87,0.72,33.01,133,2021-07-09,4,7,190,0,-0.433883739117558,-0.9009688679024191,-0.4999999999999998,-0.8660254037844388,-0.12652781683868314,-0.9919630595773397,57.26666666666669,58.51714285714286,10.630609443625168,237.56000000000003,218.3942857142857,52.60989097661631,53.3,51.65,64.92,238.31,250.51,291.96,31.66,30.24,35.87,9.54,7.64,7.4,0.33,0.46,0.62,25.64,49.21,31.75
10,7,2021,0,6,31.78,72.43,32.48,7.86,0.71,16.44,82,2021-07-10,5,7,191,1,-0.9749279121818236,-0.2225209339563146,-0.4999999999999998,-0.8660254037844388,-0.1435724234118113,-0.9896398128792412,53.413333333333355,54.970000000000006,12.169268671536354,186.0333333333334,190.39000000000001,58.740546189720654,40.09,66.85,39.55,95.93,223.86,136.24,36.45,36.65,36.65,7.87,8.32,6.61,0.72,0.57,0.59,33.01,43.92,46.81
11,7,2021,1,7,38.91,88.44,29.15,7.62,0.67,23.58,79,2021-07-11,6,7,192,1,-0.7818314824680299,0.6234898018587334,-0.4999999999999998,-0.8660254037844388,-0.16057454459499376,-0.9870237158387383,41.723333333333365,53.86000000000001,14.023323429203092,135.5566666666667,181.2742857142857,71.99927774108666,31.78,53.3,67.12,72.43,238.31,164.01,32.48,31.66,51.56,7.86,9.54,7.19,0.71,0.33,0.92,16.44,25.64,47.31
12,7,2021,0,1,34.46,72.26,33.47,7.23,0.61,31.73,77,2021-07-12,0,7,193,0,0.0,1.0,-0.4999999999999998,-0.8660254037844388,-0.177529149187035,-0.984115542601034,36.9266666666667,49.83,13.625406415958288,85.60000000000002,170.47857142857143,80.21605500741374,38.91,40.09,66.23,88.44,95.93,223.87,29.15,36.45,33.63,7.62,7.87,7.18,0.67,0.72,0.49,23.58,33.01,38.63
13,7,2021,0,2,29.09,44.2,33.56,7.46,0.56,21.52,59,2021-07-13,1,7,194,0,0.7818314824680297,0.6234898018587336,-0.4999999999999998,-0.8660254037844388,-0.19443122004766197,-0.9809161537413774,35.05000000000003,45.291428571428575,12.496644120953132,77.71000000000002,148.82,83.78571875126883,34.46,31.78,51.65,72.26,72.43,250.51,33.47,32.48,30.24,7.23,7.86,7.64,0.61,0.71,0.46,31.73,16.44,49.21
14,7,2021,0,3,40.07,103.57,36.41,7.42,0.74,25.88,75,2021-07-14,2,7,195,0,0.9749279121818236,-0.22252093395631434,-0.4999999999999998,-0.8660254037844388,-0.2112757555821793,-0.9774264960104055,34.15333333333336,42.06857142857143,13.455753947131804,68.30000000000003,119.34714285714287,78.14966745808705,29.09,38.91,66.85,44.2,88.44,223.86,33.56,29.15,36.65,7.46,7.62,8.32,0.56,0.67,0.57,21.52,23.58,43.92
15,7,2021,0,4,38.79,53.48,31.25,7.92,0.63,25.04,65,2021-07-15,3,7,196,0,0.43388373911755823,-0.900968867902419,-0.4999999999999998,-0.8660254037844388,-0.22805777122151982,-0.9736476020539838,34.54000000000003,38.24285714285714,7.892679549825279,73.34333333333335,102.16285714285713,63.11775548245463,40.07,34.46,53.3,103.57,72.26,238.31,36.41,33.47,31.66,7.42,7.23,9.54,0.74,0.61,0.33,25.88,31.73,25.64
16,7,2021,0,5,44.13,83.13,35.36,8.81,0.66,19.68,70,2021-07-16,4,7,197,0,-0.433883739117558,-0.9009688679024191,-0.4999999999999998,-0.8660254037844388,-0.2447723008972596,-0.9695805901076308,35.983333333333356,36.17,4.4209915931504336,67.08333333333334,75.75857142857144,21.82039674904656,38.79,29.09,40.09,53.48,44.2,95.93,31.25,33.56,36.45,7.92,7.46,7.87,0.63,0.56,0.72,25.04,21.52,33.01
17,7,2021,0,6,54.56,117.34,42.77,9.35,0.72,15.47,92,2021-07-17,5,7,198,1,-0.9749279121818236,-0.2225209339563146,-0.4999999999999998,-0.8660254037844388,-0.2614143985111562,-0.965226663665613,40.9966666666667,36.74714285714286,5.211118607640509,80.06000000000002,73.92999999999999,20.333978131854938,44.13,40.07,31.78,83.13,103.57,72.43,35.36,36.41,32.48,8.81,7.42,7.86,0.66,0.74,0.71,19.68,25.88,16.44
18,7,2021,1,7,34.43,71.7,41.59,8.63,0.71,16.82,92,2021-07-18,6,7,199,1,-0.7818314824680299,0.6234898018587334,-0.4999999999999998,-0.8660254037844388,-0.2779791393987801,-0.9605871111248129,45.82666666666669,40.00142857142857,7.9731558548515515,84.65000000000002,80.34571428571428,26.060418170823358,54.56,38.79,38.91,117.34,53.48,88.44,42.77,31.25,29.15,9.35,7.92,7.62,0.72,0.63,0.67,15.47,25.04,23.58
19,7,2021,0,1,38.03,15.72,28.7,8.94,0.41,22.44,41,2021-07-19,0,7,200,0,0.0,1.0,-0.4999999999999998,-0.8660254037844388,-0.29446162178680124,-0.9556633054034704,44.37333333333336,39.361428571428576,8.250350353313511,90.72333333333336,77.9542857142857,25.961737138299924,34.43,44.13,34.46,71.7,83.13,72.26,41.59,35.36,33.47,8.63,8.81,7.23,0.71,0.66,0.61,16.82,19.68,31.73
20,7,2021,0,2,40.13,64.37,7.66,2.88,0.56,14.86,77,2021-07-20,1,7,201,0,0.7818314824680297,0.6234898018587336,-0.4999999999999998,-0.8660254037844388,-0.3108569682435036,-0.9504567035349151,42.34000000000003,39.871428571428574,8.003516786539544,68.25333333333336,69.87714285714286,35.18539124612582,38.03,54.56,29.09,15.72,117.34,44.2,28.7,42.77,33.56,8.94,9.35,7.46,0.41,0.72,0.56,22.44,15.47,21.52
21,7,2021,1,3,40.55,75.73,41.05,8.58,1.27,40.19,65,2021-07-21,2,7,202,0,0.9749279121818236,-0.22252093395631434,-0.4999999999999998,-0.8660254037844388,-0.3271603271220951,-0.9449688462364056,37.53000000000003,41.44857142857143,6.464694962055045,50.59666666666669,72.75857142857141,33.51856472094934,40.13,34.43,40.07,64.37,71.7,103.57,7.66,41.59,36.41,2.88,8.63,7.42,0.56,0.71,0.74,14.86,16.82,25.88
22,7,2021,0,4,29.84,43.57,23.74,7.65,0.56,58.83,58,2021-07-22,3,7,203,0,0.43388373911755823,-0.900968867902419,-0.4999999999999998,-0.8660254037844388,-0.34336687399638804,-0.939201357453208,39.57000000000003,41.51714285714286,6.4501646342990915,51.94000000000002,68.78142857142858,30.794281627478696,40.55,38.03,38.79,75.73,15.72,53.48,41.05,28.7,31.25,8.58,8.94,7.92,1.27,0.41,0.63,40.19,22.44,25.04
23,7,2021,0,5,36.58,72.89,31.29,7.12,0.76,81.23,75,2021-07-23,4,7,204,0,-0.433883739117558,-0.9009688679024191,-0.4999999999999998,-0.8660254037844388,-0.3594718130884232,-0.9331559438780432,36.84000000000003,40.23857142857143,7.8220083281567465,61.22333333333336,67.36571428571429,31.82551222795197,29.84,40.13,44.13,43.57,64.37,83.13,23.74,7.66,35.36,7.65,2.88,8.81,0.56,0.56,0.66,58.83,14.86,19.68
24,7,2021,0,6,49.88,90.47,26.76,6.55,0.94,79.73,94,2021-07-24,5,7,205,1,-0.9749279121818236,-0.2225209339563146,-0.4999999999999998,-0.8660254037844388,-0.3754703786876202,-0.9268343944460494,35.656666666666695,39.160000000000004,7.715801967393894,64.06333333333335,65.90285714285714,31.209519762559893,36.58,40.55,54.56,72.89,75.73,117.34,31.29,41.05,42.77,7.12,8.58,9.35,0.76,1.27,0.72,81.23,40.19,15.47
25,7,2021,1,7,59.63,78.24,33.41,5.91,0.64,115.87,213,2021-07-25,6,7,206,1,-0.7818314824680299,0.6234898018587334,-0.4999999999999998,-0.8660254037844388,-0.39135783656102596,-0.9202385798054075,38.7666666666667,38.49142857142857,6.215988600838479,68.97666666666669,62.06428571428571,24.828837975994563,49.88,29.84,34.43,90.47,43.57,71.7,26.76,23.74,41.59,6.55,7.65,8.63,0.94,0.56,0.71,79.73,58.83,16.82
26,7,2021,0,1,47.02,79.43,26.14,5.57,0.69,106.1,130,2021-07-26,0,7,207,0,0.0,1.0,-0.4999999999999998,-0.8660254037844388,-0.4071294853542516,-0.9133704517637858,48.696666666666694,42.09142857142857,9.759227135677959,80.53333333333335,62.99857142857143,25.369022073238753,59.63,36.58,38.03,78.24,72.89,15.72,33.41,31.29,28.7,5.91,7.12,8.94,0.64,0.76,0.41,115.87,81.23,22.44
27,7,2021,0,2,42.01,54.57,21.44,7.0,0.68,29.48,90,2021-07-27,1,7,208,0,0.7818314824680297,0.6234898018587336,-0.4999999999999998,-0.8660254037844388,-0.4227806579826773,-0.9062320427107697,52.1766666666667,43.375714285714295,9.727152473264397,82.71333333333335,72.10000000000001,14.812158294233237,47.02,49.88,40.13,79.43,90.47,64.37,26.14,26.76,7.66,5.57,6.55,2.88,0.69,0.94,0.56,106.1,79.73,14.86
28,7,2021,0,3,24.57,32.89,16.14,6.06,0.58,23.33,34,2021-07-28,2,7,209,0,0.9749279121818236,-0.22252093395631434,-0.4999999999999998,-0.8660254037844388,-0.4383067230125192,-0.898825465016444,49.55333333333336,43.644285714285715,9.648234479502815,70.74666666666668,70.7,16.07393438666329,42.01,59.63,40.55,54.57,78.24,75.73,21.44,33.41,41.05,7.0,5.91,8.58,0.68,0.64,1.27,29.48,115.87,40.19
29,7,2021,0,4,31.12,60.07,18.29,6.78,0.65,22.73,49,2021-07-29,3,7,210,0,0.43388373911755823,-0.900968867902419,-0.4999999999999998,-0.8660254037844388,-0.45370308603134424,-0.8911529104063088,37.866666666666696,41.361428571428576,12.085144363463483,55.630000000000024,64.58,21.183100969092315,24.57,47.02,29.84,32.89,79.43,43.57,16.14,26.14,23.74,6.06,5.57,7.65,0.58,0.69,0.56,23.33,106.1,58.83
30,7,2021,0,5,29.74,40.97,56.05,7.3,0.8,29.3,53,2021-07-30,4,7,211,0,-0.433883739117558,-0.9009688679024191,-0.4999999999999998,-0.8660254037844388,-0.46896519100763184,-0.8832166493127127,32.56666666666669,41.544285714285714,11.889868035634407,49.17666666666668,66.93714285714286,19.288898978677235,31.12,42.01,36.58,60.07,54.57,72.89,18.29,21.44,31.29,6.78,7.0,7.12,0.65,0.68,0.76,22.73,29.48,81.23
31,7,2021,0,6,37.02,80.5,20.07,6.39,0.81,28.98,55,2021-07-31,5,7,212,1,-0.9749279121818236,-0.2225209339563146,-0.4999999999999998,-0.8660254037844388,-0.4840885216389759,-0.8750190302029955,28.4766666666667,40.56714285714286,12.624230292426924,44.64333333333335,62.37714285714286,21.31380828968906,29.74,24.57,49.88,40.97,32.89,90.47,56.05,16.14,26.76,7.3,6.06,6.55,0.8,0.58,0.94,29.3,23.33,79.73
1,8,2021,1,7,45.89,59.77,19.15,9.89,0.88,18.48,99,2021-08-01,6,8,213,1,-0.7818314824680299,0.6234898018587334,-0.8660254037844384,-0.5000000000000004,-0.4990686026885319,-0.8665624788845385,32.626666666666694,38.730000000000004,11.961426893701807,60.51333333333334,60.95285714285715,19.367927710770164,37.02,31.12,59.63,80.5,60.07,78.24,20.07,18.29,33.41,6.39,6.78,5.91,0.81,0.65,0.64,28.98,22.73,115.87
2,8,2021,0,1,44.42,56.22,21.79,12.87,0.98,17.44,76,2021-08-02,0,8,214,0,0.0,1.0,-0.8660254037844384,-0.5000000000000004,-0.5139010013093104,-0.8578494977869301,37.55000000000003,36.76714285714286,8.621101465371492,60.41333333333335,58.31428571428571,17.81628081011462,45.89,29.74,47.02,59.77,40.97,79.43,19.15,56.05,26.14,9.89,7.3,5.57,0.88,0.8,0.69,18.48,29.3,106.1
3,8,2021,0,2,33.9,53.49,23.08,13.88,0.54,13.18,54,2021-08-03,1,8,215,0,0.7818314824680297,0.6234898018587336,-0.8660254037844384,-0.5000000000000004,-0.5285813283559292,-0.8488826652214553,42.443333333333364,36.395714285714284,8.148821708574518,65.49666666666668,54.99857142857143,15.19909035498986,44.42,37.02,42.01,56.22,80.5,54.57,21.79,20.07,21.44,12.87,6.39,7.0,0.98,0.81,0.68,17.44,28.98,29.48
4,8,2021,0,3,35.7,69.66,23.56,12.16,0.5,19.4,59,2021-08-04,2,8,216,0,0.9749279121818236,-0.22252093395631434,-0.8660254037844384,-0.5000000000000004,-0.5431052396834317,-0.8396646346181327,41.40333333333336,35.23714285714286,7.786014629421406,56.49333333333335,54.84428571428571,15.20964371393558,33.9,45.89,24.57,53.49,59.77,32.89,23.08,19.15,16.14,13.88,9.89,6.06,0.54,0.88,0.58,13.18,18.48,23.33
5,8,2021,0,4,48.55,86.49,24.25,12.05,0.54,21.78,93,2021-08-05,3,8,217,0,0.43388373911755823,-0.900968867902419,-0.8660254037844384,-0.5000000000000004,-0.5574684374327892,-0.8301981337405212,38.006666666666696,36.82714285714286,6.224437629984238,59.79000000000001,60.097142857142856,12.465731311999013,35.7,44.42,31.12,69.66,56.22,60.07,23.56,21.79,18.29,12.16,12.87,6.78,0.5,0.98,0.65,19.4,17.44,22.73
6,8,2021,0,5,49.27,96.53,6.8,3.61,1.16,16.85,104,2021-08-06,4,8,218,0,-0.433883739117558,-0.9009688679024191,-0.8660254037844384,-0.5000000000000004,-0.5716666713027052,-0.8204859638785327,39.38333333333336,39.317142857142855,6.998987341720461,69.88000000000001,63.871428571428574,15.964712575525473,48.55,33.9,29.74,86.49,53.49,40.97,24.25,23.08,56.05,12.05,13.88,7.3,0.54,0.54,0.8,21.78,13.18,29.3
7,8,2021,0,6,57.15,98.51,24.04,8.28,0.81,15.96,106,2021-08-07,5,8,219,1,-0.9749279121818236,-0.2225209339563146,-0.8660254037844384,-0.5000000000000004,-0.5856957398073508,-0.8105309990194823,44.506666666666696,42.107142857142854,6.413058849688086,84.22666666666667,71.80857142857143,16.484090742868926,49.27,35.7,37.02,96.53,69.66,80.5,6.8,23.56,20.07,3.61,12.16,6.39,1.16,0.5,0.81,16.85,19.4,28.98
8,8,2021,1,7,49.75,64.09,28.19,7.55,0.89,13.84,88,2021-08-08,6,8,220,1,-0.7818314824680299,0.6234898018587334,-0.8660254037844384,-0.5000000000000004,-0.5995514915196489,-0.8003361849976323,51.656666666666695,44.98285714285715,8.0548571563723,93.84333333333336,74.38142857142857,19.24162019215471,57.15,48.55,45.89,98.51,86.49,59.77,24.04,24.25,19.15,8.28,12.05,9.89,0.81,0.54,0.88,15.96,21.78,18.48
9,8,2021,0,1,58.02,88.0,30.15,7.7,1.19,14.77,97,2021-08-09,0,8,221,0,0.0,1.0,-0.8660254037844384,-0.5000000000000004,-0.6132298262997502,-0.7899045386224707,52.05666666666669,45.534285714285716,8.25690187488423,86.37666666666668,74.99857142857142,18.758079529075875,49.75,49.27,44.42,64.09,96.53,56.22,28.19,6.8,21.79,7.55,3.61,12.87,0.89,1.16,0.98,13.84,16.85,17.44
10,8,2021,0,2,46.72,149.79,29.09,7.71,0.58,14.54,101,2021-08-10,1,8,222,0,0.7818314824680297,0.6234898018587336,-0.8660254037844384,-0.5000000000000004,-0.6267266965083301,-0.7792391467859886,54.97333333333336,47.47714285714286,9.462972954779849,83.53333333333335,79.53857142857143,17.240042951004106,58.02,57.15,33.9,88.0,98.51,53.49,30.15,24.04,23.08,7.7,8.28,13.88,1.19,0.81,0.54,14.77,15.96,13.18
11,8,2021,0,3,53.16,164.97,44.66,8.15,0.48,15.95,146,2021-08-11,2,8,223,0,0.9749279121818236,-0.22252093395631434,-0.8660254037844384,-0.5000000000000004,-0.6400381082043503,-0.7683431655492202,51.4966666666667,49.308571428571426,7.416678116633592,100.62666666666667,93.29571428571428,28.03342282416069,46.72,49.75,35.7,149.79,64.09,69.66,29.09,28.19,23.56,7.71,7.55,12.16,0.58,0.89,0.5,14.54,13.84,19.4
12,8,2021,0,4,40.67,151.31,26.57,8.24,0.41,39.92,151,2021-08-12,3,8,224,0,0.43388373911755823,-0.900968867902419,-0.8660254037844384,-0.5000000000000004,-0.65316012232693,-0.7572198192083127,52.63333333333336,51.80285714285714,4.3994837359506125,134.25333333333336,106.91142857142857,36.50588830520979,53.16,58.02,48.55,164.97,88.0,86.49,44.66,30.15,24.25,8.15,7.7,12.05,0.48,1.19,0.54,15.95,14.77,21.78
13,8,2021,0,5,41.29,167.99,22.04,7.46,0.47,66.02,139,2021-08-13,4,8,225,0,-0.433883739117558,-0.9009688679024191,-0.8660254037844384,-0.5000000000000004,-0.6660888558609771,-0.7458723993404063,46.85000000000002,50.67714285714286,6.063848377300851,155.35666666666668,116.17142857142858,38.62219673908319,40.67,46.72,49.27,151.31,149.79,96.53,26.57,29.09,6.8,8.24,7.71,3.61,0.41,0.58,1.16,39.92,14.54,16.85
14,8,2021,0,6,42.79,190.31,23.75,7.37,0.43,68.92,166,2021-08-14,5,8,226,1,-0.9749279121818236,-0.2225209339563146,-0.8660254037844384,-0.5000000000000004,-0.6788204829862357,-0.734304263829602,45.04000000000002,49.537142857142854,7.043469112794801,161.42333333333335,126.38000000000001,41.87266132772945,41.29,53.16,57.15,167.99,164.97,98.51,22.04,44.66,24.04,7.46,8.15,8.28,0.47,0.48,0.81,66.02,15.95,15.96
15,8,2021,1,7,37.18,123.48,20.61,8.16,0.43,68.21,119,2021-08-15,6,8,227,1,-0.7818314824680299,0.6234898018587334,-0.8660254037844384,-0.5000000000000004,-0.6913512362094071,-0.722518835873311,41.583333333333364,47.48571428571428,6.529070523803488,169.87000000000003,139.49428571428572,45.873621998248105,42.79,40.67,49.75,190.31,151.31,64.09,23.75,26.57,28.19,7.37,8.24,7.55,0.43,0.41,0.89,68.92,39.92,13.84
16,8,2021,0,1,40.98,134.95,20.99,7.28,0.48,57.5,115,2021-08-16,0,8,228,0,0.0,1.0,-0.8660254037844384,-0.5000000000000004,-0.7036774074790128,-0.7105196029692745,40.42000000000003,45.69,7.464149873453193,160.59333333333336,147.97857142857143,33.39936248322365,37.18,41.29,58.02,123.48,167.99,88.0,20.61,22.04,30.15,8.16,7.46,7.7,0.43,0.47,1.19,68.21,66.02,14.77
17,8,2021,0,2,55.64,159.26,18.93,7.48,0.63,53.16,144,2021-08-17,1,8,229,0,0.7818314824680297,0.6234898018587336,-0.8660254037844384,-0.5000000000000004,-0.7157953492826641,-0.6983101158835585,40.31666666666669,43.255714285714284,5.211464468342881,149.58,154.68571428571428,22.175507402796413,40.98,42.79,46.72,134.95,190.31,149.79,20.99,23.75,29.09,7.28,7.37,7.71,0.48,0.43,0.58,57.5,68.92,14.54
18,8,2021,0,3,66.42,167.05,21.59,7.54,0.75,57.0,146,2021-08-18,2,8,230,0,0.9749279121818236,-0.22252093395631434,-0.8660254037844384,-0.5000000000000004,-0.7277014757264236,-0.6858939875998223,44.60000000000003,44.529999999999994,6.987593768008046,139.23000000000002,156.03857142857143,22.115843814313234,55.64,37.18,53.16,159.26,123.48,164.97,18.93,20.61,44.66,7.48,8.16,8.15,0.63,0.43,0.48,53.16,68.21,15.95
19,8,2021,0,4,84.47,181.2,30.64,7.75,1.02,64.39,163,2021-08-19,3,8,231,0,0.43388373911755823,-0.900968867902419,-0.8660254037844384,-0.5000000000000004,-0.739392263595924,-0.673274892250183,54.34666666666669,46.424285714285716,10.587223207155553,153.75333333333336,156.33571428571426,22.269285168249365,66.42,40.98,40.67,167.05,134.95,151.31,21.59,20.99,26.57,7.54,7.28,8.24,0.75,0.48,0.41,57.0,57.5,39.92
20,8,2021,1,5,45.09,66.46,24.28,9.13,0.68,56.36,107,2021-08-20,4,8,232,0,-0.433883739117558,-0.9009688679024191,-0.8660254037844384,-0.5000000000000004,-0.7508642533989489,-0.6604565640279754,68.84333333333336,52.68142857142857,17.382162723677904,169.17000000000002,160.6057142857143,23.947411034141922,84.47,55.64,41.29,181.2,159.26,167.99,30.64,18.93,22.04,7.75,7.48,7.46,1.02,0.63,0.47,64.39,53.16,66.02
21,8,2021,0,6,28.0,24.6,24.01,7.63,0.57,45.26,49,2021-08-21,5,8,233,1,-0.9749279121818236,-0.2225209339563146,-0.8660254037844384,-0.5000000000000004,-0.7621140503891487,-0.6474427960827475,65.3266666666667,53.22428571428572,17.022728783545013,138.23666666666668,146.10142857142858,42.38147922091011,45.09,66.42,42.79,66.46,167.05,190.31,24.28,21.59,23.75,9.13,7.54,7.37,0.68,0.75,0.43,56.36,57.0,68.92
22,8,2021,1,7,38.59,46.83,46.07,7.44,0.94,39.06,53,2021-08-22,6,8,234,1,-0.7818314824680299,0.6234898018587334,-0.8660254037844384,-0.5000000000000004,-0.7731383255706026,-0.6342374393978054,52.52000000000003,51.11142857142857,19.299312965813524,90.75333333333334,122.42857142857143,57.245827920345256,28.0,84.47,37.18,24.6,181.2,123.48,24.01,30.64,20.61,7.63,7.75,8.16,0.57,1.02,0.43,45.26,64.39,68.21
23,8,2021,0,1,41.84,71.74,30.66,6.6,0.78,41.03,73,2021-08-23,0,8,235,0,0.0,1.0,-0.8660254037844384,-0.5000000000000004,-0.7839338166829201,-0.620844401650647,37.226666666666695,51.31285714285714,19.13634562317374,45.963333333333345,111.47857142857143,63.94949815507379,38.59,45.09,40.98,46.83,66.46,134.95,46.07,24.28,20.99,7.44,9.13,7.28,0.94,0.68,0.48,39.06,56.36,57.5
24,8,2021,0,2,51.28,93.19,29.03,7.41,1.07,39.93,86,2021-08-24,1,8,236,0,0.7818314824680297,0.6234898018587336,-0.8660254037844384,-0.5000000000000004,-0.7944973291665992,-0.6072676460566135,36.143333333333366,51.4357142857143,19.061565917786822,47.72333333333336,102.44857142857144,64.54286648643513,41.84,28.0,55.64,71.74,24.6,159.26,30.66,24.01,18.93,6.6,7.63,7.48,0.78,0.57,0.63,41.03,45.26,53.16
25,8,2021,0,3,45.47,141.03,32.64,7.61,0.65,44.65,108,2021-08-25,2,8,237,0,0.9749279121818236,-0.22252093395631434,-0.8660254037844384,-0.5000000000000004,-0.8048257371083452,-0.593511190196115,43.903333333333364,50.81285714285714,18.97231466662834,70.58666666666669,93.01,59.48286307836973,51.28,38.59,66.42,93.19,46.83,167.05,29.03,46.07,21.59,7.41,7.44,7.54,1.07,0.94,0.75,39.93,39.06,57.0
26,8,2021,0,4,45.32,158.52,27.0,6.86,0.52,47.87,125,2021-08-26,3,8,238,0,0.43388373911755823,-0.900968867902419,-0.8660254037844384,-0.5000000000000004,-0.8149159841660791,-0.5795791048257612,46.196666666666694,47.82,17.710426307687726,101.98666666666668,89.29285714285713,54.706100730566966,45.47,41.84,84.47,141.03,71.74,181.2,32.64,30.66,30.64,7.61,6.6,7.75,0.65,0.78,1.02,44.65,41.03,64.39
27,8,2021,0,5,46.5,158.08,29.94,6.88,0.47,41.37,146,2021-08-27,4,8,239,0,-0.433883739117558,-0.9009688679024191,-0.8660254037844384,-0.5000000000000004,-0.8247650844733614,-0.5654755126737576,47.35666666666669,42.22714285714286,7.371367386238163,130.91333333333338,86.05285714285715,48.697255129452024,45.32,51.28,45.09,158.52,93.19,66.46,27.0,29.03,24.28,6.86,7.41,9.13,0.52,1.07,0.68,47.87,39.93,56.36
28,8,2021,0,6,47.74,123.63,38.53,6.91,0.77,31.44,131,2021-08-28,5,8,240,1,-0.9749279121818236,-0.2225209339563146,-0.8660254037844384,-0.5000000000000004,-0.8343701235229537,-0.5512045872199277,45.76333333333336,42.42857142857143,7.481083764118187,152.54333333333338,99.14142857142858,54.518177833506066,46.5,45.47,28.0,158.08,141.03,24.6,29.94,32.64,24.01,6.88,7.61,7.63,0.47,0.65,0.57,41.37,44.65,45.26
29,8,2021,1,7,58.68,116.87,25.47,7.14,0.79,34.54,111,2021-08-29,6,8,241,1,-0.7818314824680299,0.6234898018587334,-0.8660254037844384,-0.5000000000000004,-0.8437282590292712,-0.5367705514607104,46.52000000000003,45.24857142857143,4.085757492283678,146.74333333333337,113.28857142857144,43.733405015911856,47.74,45.32,38.59,123.63,158.52,46.83,38.53,27.0,46.07,6.91,6.86,7.44,0.77,0.52,0.94,31.44,47.87,39.06
30,8,2021,1,1,25.59,46.3,25.33,7.63,0.42,32.27,67,2021-08-30,0,8,242,0,0.0,1.0,-0.8660254037844384,-0.5000000000000004,-0.8528367217694593,-0.522177676659508,50.973333333333365,48.11857142857143,5.455408412980494,132.86000000000004,123.29428571428572,32.58565372324904,58.68,46.5,41.84,116.87,158.08,71.74,25.47,29.94,30.66,7.14,6.88,6.6,0.79,0.47,0.78,34.54,41.37,41.03
31,8,2021,0,2,29.47,39.15,27.81,7.24,0.62,33.01,45,2021-08-31,1,8,243,0,0.7818314824680297,0.6234898018587336,-0.8660254037844384,-0.5000000000000004,-0.8616928164028521,-0.5074302810827519,44.003333333333366,45.79714285714285,10.074404389816882,95.60000000000002,119.66,39.8931247209349,25.59,47.74,51.28,46.3,123.63,93.19,25.33,38.53,29.03,7.63,6.91,7.41,0.42,0.77,1.07,32.27,31.44,39.93
1,9,2021,0,3,31.18,28.48,23.23,7.11,0.53,33.35,53,2021-09-01,2,9,244,0,0.9749279121818236,-0.22252093395631434,-1.0,-1.8369701987210297e-16,-0.8702939222685674,-0.49253272872205434,37.91333333333336,42.68142857142857,11.383627758865773,67.44000000000003,111.94000000000001,49.85441939621206,29.47,58.68,45.47,39.15,116.87,141.03,27.81,25.47,32.64,7.24,7.14,7.61,0.62,0.79,0.65,33.01,34.54,44.65
2,9,2021,0,4,42.23,53.21,22.78,7.46,0.93,34.63,37,2021-09-02,3,9,245,0,0.43388373911755823,-0.900968867902419,-1.0,-1.8369701987210297e-16,-0.8786374941610001,-0.4774894280028391,28.746666666666695,40.64,12.061347354256853,37.976666666666695,95.86142857142856,56.60164762872009,31.18,25.59,45.32,28.48,46.3,158.52,23.23,25.33,27.0,7.11,7.63,6.86,0.53,0.42,0.52,33.35,32.27,47.87
3,9,2021,0,5,37.07,45.6,27.61,8.53,0.56,33.25,53,2021-09-03,4,9,246,0,-0.433883739117558,-0.9009688679024191,-1.0,-1.8369701987210297e-16,-0.886721063082993,-0.46230483047981086,34.29333333333336,40.19857142857143,11.917202452159362,40.28000000000003,80.81714285714285,50.877652499006004,42.23,29.47,46.5,53.21,39.15,158.08,22.78,27.81,29.94,7.46,7.24,6.88,0.93,0.62,0.47,34.63,33.01,41.37
4,9,2021,0,6,40.13,50.65,32.74,8.71,1.3,29.96,46,2021-09-04,5,9,247,1,-0.9749279121818236,-0.2225209339563146,-1.0,-1.8369701987210297e-16,-0.8945422369764496,-0.4469834295196741,36.82666666666669,38.85142857142857,11.615325262446161,42.43000000000003,64.74857142857142,38.718036894352984,37.07,31.18,47.74,45.6,28.48,123.63,27.61,23.23,38.53,8.53,7.11,6.91,0.56,0.53,0.77,33.25,33.35,31.44
5,9,2021,1,7,48.88,78.56,31.81,9.96,1.68,39.8,86,2021-09-05,6,9,248,1,-0.7818314824680299,0.6234898018587334,-1.0,-1.8369701987210297e-16,-0.9020987014301837,-0.43152975897147144,39.81000000000003,37.76428571428572,10.983696792889653,49.82000000000003,54.32285714285715,28.767449032015815,40.13,42.23,58.68,50.65,53.21,116.87,32.74,22.78,25.47,8.71,7.46,7.14,1.3,0.93,0.79,29.96,34.63,34.54
6,9,2021,0,1,66.59,94.23,33.14,8.55,1.56,45.01,126,2021-09-06,0,9,249,0,0.0,1.0,-1.0,-1.8369701987210297e-16,-0.9093882203647925,-0.4159483918249421,42.0266666666667,36.364285714285714,8.126310883264805,58.27000000000003,48.85,15.443583349299914,48.88,37.07,25.59,78.56,45.6,46.3,31.81,27.61,25.33,9.96,8.53,7.63,1.68,0.56,0.42,39.8,33.25,32.27
7,9,2021,0,2,45.95,70.27,25.04,8.55,0.58,40.35,94,2021-09-07,1,9,250,0,0.7818314824680297,0.6234898018587336,-1.0,-1.8369701987210297e-16,-0.9164086366943458,-0.4002439388573056,51.8666666666667,42.22142857142857,12.60679238687434,74.48000000000003,55.69714285714286,22.933541458083326,66.59,40.13,29.47,94.23,50.65,39.15,33.14,32.74,27.81,8.55,8.71,7.24,1.56,1.3,0.62,45.01,29.96,33.01
8,9,2021,0,3,36.32,73.63,26.7,8.7,0.66,39.22,61,2021-09-08,2,9,251,0,0.9749279121818236,-0.22252093395631434,-1.0,-1.8369701987210297e-16,-0.9231578729647039,-0.38442104726885545,53.8066666666667,44.57571428571429,11.299645801445873,81.02000000000002,60.142857142857146,22.195696064994767,45.95,48.88,31.18,70.27,78.56,28.48,25.04,31.81,23.23,8.55,9.96,7.11,0.58,1.68,0.53,40.35,39.8,33.35
9,9,2021,0,4,41.9,80.16,34.95,8.88,0.71,44.57,84,2021-09-09,3,9,252,0,0.43388373911755823,-0.900968867902419,-1.0,-1.8369701987210297e-16,-0.9296339319682695,-0.3684843993077793,49.62000000000003,45.31,10.416568532872907,79.3766666666667,66.59285714285714,17.531127282910827,36.32,66.59,42.23,73.63,94.23,53.21,26.7,33.14,22.78,8.7,8.55,7.46,0.66,1.56,0.93,39.22,45.01,34.63
10,9,2021,0,5,41.77,72.74,30.49,8.89,0.58,38.25,77,2021-09-10,4,9,253,0,-0.433883739117558,-0.9009688679024191,-1.0,-1.8369701987210297e-16,-0.9358348973349941,-0.35243871088460327,41.390000000000036,45.262857142857136,10.43356397128494,74.6866666666667,70.44285714285714,17.055065439421558,41.9,45.95,37.07,80.16,70.27,45.6,34.95,25.04,27.61,8.88,8.55,8.53,0.71,0.58,0.56,44.57,40.35,33.25
11,9,2021,0,6,31.73,31.49,29.61,8.78,0.44,35.2,49,2021-09-11,5,9,254,1,-0.9749279121818236,-0.2225209339563146,-1.0,-1.8369701987210297e-16,-0.9417589340994617,-0.3362887301766828,39.9966666666667,45.934285714285714,9.95889026137617,75.51000000000003,74.32000000000001,13.090296660762085,41.77,36.32,40.13,72.74,73.63,50.65,30.49,26.7,32.74,8.89,8.7,8.71,0.58,0.66,1.3,38.25,39.22,29.96
12,9,2021,1,7,37.69,53.58,25.28,8.83,0.56,34.77,37,2021-09-12,6,9,255,1,-0.7818314824680299,0.6234898018587334,-1.0,-1.8369701987210297e-16,-0.9474042892438845,-0.32003923622313857,38.466666666666704,44.73428571428571,11.203191297042702,61.46333333333336,71.58285714285714,19.364191793349335,31.73,41.9,48.88,31.49,80.16,78.56,29.61,34.95,31.81,8.78,8.88,9.96,0.44,0.71,1.68,35.2,44.57,39.8
13,9,2021,0,1,35.27,51.81,24.77,8.89,0.65,35.23,67,2021-09-13,0,9,256,0,0.0,1.0,-1.0,-1.8369701987210297e-16,-0.9527692922168511,-0.3036950375106588,37.06333333333337,43.135714285714286,11.310879507718823,52.60333333333335,68.0142857142857,20.1499006260128,37.69,41.77,66.59,53.58,72.74,94.23,25.28,30.49,33.14,8.83,8.89,8.55,0.56,0.58,1.56,34.77,38.25,45.01
14,9,2021,0,2,34.25,67.3,22.61,7.69,0.48,33.55,44,2021-09-14,1,9,257,0,0.7818314824680297,0.6234898018587336,-1.0,-1.8369701987210297e-16,-0.9578523554276669,-0.28726097055059635,34.896666666666704,38.66142857142857,4.817455858896905,45.626666666666694,61.95428571428572,17.099517397815482,35.27,31.73,45.95,51.81,31.49,70.27,24.77,29.61,25.04,8.89,8.78,8.55,0.65,0.44,0.58,35.23,35.2,40.35
15,9,2021,0,3,35.11,79.59,40.22,3.59,0.89,26.56,71,2021-09-15,2,9,258,0,0.9749279121818236,-0.22252093395631434,-1.0,-1.8369701987210297e-16,-0.9626519747161487,-0.2707418984477642,35.7366666666667,36.99,3.786577170309109,57.56333333333336,61.529999999999994,16.894409331692128,34.25,37.69,36.32,67.3,53.58,73.63,22.61,25.28,26.7,7.69,8.83,8.7,0.48,0.56,0.66,33.55,34.77,39.22
16,9,2021,0,4,41.28,75.33,39.2,3.85,1.22,22.11,95,2021-09-16,3,9,259,0,0.43388373911755823,-0.900968867902419,-1.0,-1.8369701987210297e-16,-0.9671667297977312,-0.2541427094613622,34.8766666666667,36.817142857142855,3.849358016981097,66.23333333333336,62.381428571428565,17.73511340869143,35.11,35.27,41.9,79.59,51.81,80.16,40.22,24.77,34.95,3.59,8.89,8.88,0.89,0.65,0.71,26.56,35.23,44.57
17,9,2021,0,5,23.99,44.07,26.73,3.76,0.35,10.26,37,2021-09-17,4,9,260,0,-0.433883739117558,-0.9009688679024191,-1.0,-1.8369701987210297e-16,-0.97139528468375,-0.23746831555846842,36.88000000000003,36.728571428571435,3.7177969667201842,74.07333333333337,61.691428571428574,17.007158716821188,41.28,34.25,41.77,75.33,67.3,72.74,39.2,22.61,30.49,3.85,7.69,8.89,1.22,0.48,0.58,22.11,33.55,38.25
18,9,2021,0,6,31.95,64.68,4.46,1.92,1.1,13.02,60,2021-09-18,5,9,261,1,-0.9749279121818236,-0.2225209339563146,-1.0,-1.8369701987210297e-16,-0.9753363880767837,-0.22072365096050223,33.46000000000003,34.18857142857143,5.394844540771086,66.33000000000003,57.59571428571429,17.351658765226553,23.99,35.11,31.73,44.07,79.59,31.49,26.73,40.22,29.61,3.76,3.59,8.78,0.35,0.89,0.44,10.26,26.56,35.2
19,9,2021,1,7,40.98,94.91,7.13,2.2,1.12,15.55,89,2021-09-19,6,9,262,1,-0.7818314824680299,0.6234898018587334,-1.0,-1.8369701987210297e-16,-0.9789888737409319,-0.20391367068311472,32.406666666666695,34.22,5.378751404062716,61.360000000000035,62.33714285714286,13.024279524908705,31.95,41.28,37.69,64.68,75.33,53.58,4.46,39.2,25.28,1.92,3.85,8.83,1.1,1.22,0.56,13.02,22.11,34.77
20,9,2021,0,1,40.95,98.19,8.41,2.46,0.97,17.79,91,2021-09-20,0,9,263,0,0.0,1.0,-1.0,-1.8369701987210297e-16,-0.9823516608469237,-0.1870433490699166,32.3066666666667,34.690000000000005,5.855143038392818,67.8866666666667,68.24142857142857,17.117585916803318,40.98,23.99,35.27,94.91,44.07,51.81,7.13,26.73,24.77,2.2,3.76,8.89,1.12,0.35,0.65,15.55,10.26,35.23
21,9,2021,0,2,33.1,70.33,8.45,1.93,1.02,13.28,89,2021-09-21,1,9,264,0,0.7818314824680297,0.6234898018587336,-1.0,-1.8369701987210297e-16,-0.9854237542919524,-0.17011767832049055,37.960000000000036,35.50142857142857,6.323744746515893,85.92666666666669,74.86714285714285,18.608667079516536,40.95,31.95,34.25,98.19,64.68,67.3,8.41,4.46,22.61,2.46,1.92,7.69,0.97,1.1,0.48,17.79,13.02,33.55
22,9,2021,0,3,31.75,57.01,5.94,2.15,1.0,12.7,54,2021-09-22,2,9,265,0,0.9749279121818236,-0.22252093395631434,-1.0,-1.8369701987210297e-16,-0.9882042449941422,-0.15314166701312007,38.34333333333337,35.33714285714286,6.37639321844491,87.81000000000002,75.3,18.437766495251672,33.1,40.98,35.11,70.33,94.91,79.59,8.45,7.13,40.22,1.93,2.2,3.59,1.02,1.12,0.89,13.28,15.55,26.56
23,9,2021,0,4,33.85,68.68,32.63,8.31,0.34,10.3,61,2021-09-23,3,9,266,0,0.43388373911755823,-0.900968867902419,-1.0,-1.8369701987210297e-16,-0.9906923101615609,-0.13612033862266704,35.2666666666667,34.857142857142854,6.521164809773659,75.17666666666669,72.07428571428571,19.506369777712496,31.75,40.95,41.28,57.01,98.19,75.33,5.94,8.41,39.2,2.15,2.46,3.85,1.0,0.97,1.22,12.7,17.79,22.11
24,9,2021,0,5,31.2,45.57,28.98,8.13,0.41,11.16,55,2021-09-24,4,9,267,0,-0.433883739117558,-0.9009688679024191,-1.0,-1.8369701987210297e-16,-0.9928872135356962,-0.11905873003404988,32.900000000000034,33.79571428571428,5.874072571178245,65.34000000000003,71.12428571428572,19.483303841277092,33.85,33.1,23.99,68.68,70.33,44.07,32.63,8.45,26.73,8.31,1.93,3.76,0.34,1.02,0.35,10.3,13.28,10.26
25,9,2021,0,6,29.94,52.34,25.04,8.12,0.36,11.41,50,2021-09-25,5,9,268,1,-0.9749279121818236,-0.2225209339563146,-1.0,-1.8369701987210297e-16,-0.994788305609327,-0.10196189005174576,32.2666666666667,34.825714285714284,4.285397131126638,57.0866666666667,71.33857142857143,19.141405755215796,31.2,31.75,31.95,45.57,57.01,64.68,28.98,5.94,4.46,8.13,2.15,1.92,0.41,1.0,1.1,11.16,12.7,13.02
26,9,2021,1,7,39.82,60.03,28.45,8.19,0.53,13.06,55,2021-09-26,6,9,269,1,-0.7818314824680299,0.6234898018587334,-1.0,-1.8369701987210297e-16,-0.9963950238187231,-0.08483487790576538,31.663333333333366,34.53857142857142,4.568206900497631,55.53000000000004,69.57571428571428,20.384700028163042,29.94,33.85,40.98,52.34,68.68,94.91,25.04,32.63,7.13,8.12,8.31,2.2,0.36,0.34,1.12,11.41,10.3,15.55
27,9,2021,0,1,57.51,110.73,32.18,8.25,0.7,12.82,102,2021-09-27,0,9,270,0,0.0,1.0,-1.0,-1.8369701987210297e-16,-0.9977068927101168,-0.06768276175455162,33.653333333333364,34.37285714285714,4.3092989154730335,52.646666666666704,64.59285714285714,17.169296932109802,39.82,31.2,40.95,60.03,45.57,98.19,28.45,28.98,8.41,8.19,8.13,2.46,0.53,0.41,0.97,13.06,11.16,17.79
28,9,2021,0,2,48.43,99.35,32.47,8.2,0.57,12.13,103,2021-09-28,1,9,271,0,0.7818314824680297,0.6234898018587336,-1.0,-1.8369701987210297e-16,-0.9987235240803972,-0.05051061718522288,42.42333333333337,36.73857142857143,9.69804693150914,74.3666666666667,66.38428571428572,21.393581480704103,57.51,29.94,33.1,110.73,52.34,70.33,32.18,25.04,8.45,8.25,8.12,1.93,0.7,0.36,1.02,12.82,11.41,13.28
29,9,2021,0,3,44.98,95.02,29.83,8.09,0.72,12.02,86,2021-09-29,2,9,272,0,0.9749279121818236,-0.22252093395631434,-1.0,-1.8369701987210297e-16,-0.9994446170919858,-0.033323525711631344,48.5866666666667,38.92857142857143,10.441825237273106,90.0366666666667,70.53,24.822614017600184,48.43,39.82,31.75,99.35,60.03,57.01,32.47,28.45,5.94,8.2,8.19,2.15,0.57,0.53,1.0,12.13,13.06,12.7
30,9,2021,0,4,34.88,80.39,32.85,7.29,0.88,12.77,82,2021-09-30,3,9,273,0,0.43388373911755823,-0.900968867902419,-1.0,-1.8369701987210297e-16,-0.9998699583618592,-0.016126573270657762,50.3066666666667,40.81857142857143,10.11824660135111,101.70000000000003,75.96000000000001,25.51975835831441,44.98,57.51,33.85,95.02,110.73,68.68,29.83,32.18,32.63,8.09,8.25,8.31,0.72,0.7,0.34,12.02,12.82,10.3
1,10,2021,0,5,56.87,137.83,38.56,9.12,1.24,14.74,108,2021-10-01,4,10,274,0,-0.433883739117558,-0.9009688679024191,-0.8660254037844386,0.5,-0.9999994220246925,0.001075151282798226,42.76333333333337,40.965714285714284,10.006894052175607,91.5866666666667,77.63285714285713,25.346221752816486,34.88,48.43,31.2,80.39,99.35,45.57,32.85,32.47,28.98,7.29,8.2,8.13,0.88,0.57,0.41,12.77,12.13,11.16
2,10,2021,1,6,66.65,107.55,28.64,8.2,0.74,14.66,130,2021-10-02,5,10,275,1,-0.9749279121818236,-0.2225209339563146,-0.8660254037844386,0.5,-0.999832969770105,0.018276557681691223,45.57666666666669,44.63285714285714,10.5219543721479,104.41333333333337,90.81285714285715,29.536046177672585,56.87,44.98,29.94,137.83,95.02,52.34,38.56,29.83,25.04,9.12,8.09,8.12,1.24,0.72,0.36,14.74,12.02,11.41
3,10,2021,1,7,46.59,106.1,23.52,8.64,0.64,14.95,91,2021-10-03,6,10,276,1,-0.7818314824680299,0.6234898018587334,-0.8660254037844386,0.5,-0.9993706508539969,0.035472555753125565,52.80000000000003,49.87714285714286,11.110250093625032,108.59000000000003,98.7,24.490781258807274,66.65,34.88,39.82,107.55,80.39,60.03,28.64,32.85,28.45,8.2,7.29,8.19,0.74,0.88,0.53,14.66,12.77,13.06
4,10,2021,0,1,37.73,105.88,20.43,8.79,0.61,15.15,94,2021-10-04,0,10,277,0,0.0,1.0,-0.8660254037844386,0.5,-0.9986126020839734,0.052658056924614005,56.703333333333376,50.84428571428572,10.358069088306614,117.16000000000003,105.28142857142858,17.583016833082322,46.59,56.87,57.51,106.1,137.83,110.73,23.52,38.56,32.18,8.64,9.12,8.25,0.64,1.24,0.7,14.95,14.74,12.82
5,10,2021,0,2,41.88,96.77,33.02,9.17,0.79,22.7,105,2021-10-05,1,10,278,0,0.7818314824680297,0.6234898018587336,-0.8660254037844386,0.5,-0.9975590477788613,0.0698279757298709,50.32333333333337,48.01857142857143,10.919384031120336,106.51000000000003,104.58857142857143,17.427401248774586,37.73,66.65,48.43,105.88,107.55,99.35,20.43,28.64,32.47,8.79,8.2,8.2,0.61,0.74,0.57,15.15,14.66,12.13
6,10,2021,0,3,45.09,92.96,28.48,9.52,0.69,20.95,85,2021-10-06,2,10,279,0,0.9749279121818236,-0.22252093395631434,-0.8660254037844386,0.5,-0.9962102997023297,0.08697723131368611,42.0666666666667,47.08285714285715,11.156325133135407,102.91666666666669,104.22,17.58324202188197,41.88,46.59,44.98,96.77,106.1,95.02,33.02,23.52,29.83,9.17,8.64,8.09,0.79,0.64,0.72,22.7,14.95,12.02
7,10,2021,0,4,64.65,117.52,44.95,9.55,0.87,33.12,105,2021-10-07,3,10,280,0,0.43388373911755823,-0.900968867902419,-0.8660254037844386,0.5,-0.9945667569706337,0.1041007489354256,41.5666666666667,47.098571428571425,11.152946439652284,98.53666666666669,103.92571428571428,17.779031523253398,45.09,37.73,34.88,92.96,105.88,80.39,28.48,20.43,32.85,9.52,8.79,7.29,0.69,0.61,0.88,20.95,15.15,12.77
8,10,2021,0,5,68.31,179.04,40.87,7.71,1.13,38.89,138,2021-10-08,4,10,281,0,-0.433883739117558,-0.9009688679024191,-0.8660254037844386,0.5,-0.9926289059345095,0.12119346147073601,50.54000000000004,51.35142857142858,11.390645911701055,102.4166666666667,109.22999999999999,14.89121888899875,64.65,41.88,56.87,117.52,96.77,137.83,44.95,33.02,38.56,9.55,9.17,9.12,0.87,0.79,1.24,33.12,22.7,14.74
9,10,2021,0,6,79.29,214.39,52.39,7.74,1.22,37.67,181,2021-10-09,5,10,282,1,-0.9749279121818236,-0.2225209339563146,-0.8660254037844386,0.5,-0.9903973200352558,0.1382503109109819,59.350000000000044,52.98571428571429,13.01872479308679,129.84000000000003,115.11714285714287,29.278425910721246,68.31,45.09,66.65,179.04,92.96,107.55,40.87,28.48,28.64,7.71,9.52,8.2,1.13,0.69,0.74,38.89,20.95,14.66
10,10,2021,1,7,77.59,186.18,44.57,7.74,1.39,37.77,181,2021-10-10,6,10,283,1,-0.7818314824680299,0.6234898018587334,-0.8660254037844386,0.5,-0.9878726596350429,0.1552662498599956,70.75000000000004,54.79142857142857,15.807707432950279,170.3166666666667,130.38,47.10009235659799,79.29,64.65,46.59,214.39,117.52,106.1,52.39,44.95,23.52,7.74,9.55,8.64,1.22,0.87,0.64,37.67,33.12,14.95
11,10,2021,0,1,79.17,207.03,46.88,8.22,1.78,36.23,168,2021-10-11,0,10,284,0,0.0,1.0,-0.8660254037844386,0.5,-0.9850556718215013,0.172236243027682,75.06333333333338,59.220000000000006,17.390262601046885,193.20333333333338,141.82,49.86401274132197,77.59,68.31,37.73,186.18,179.04,105.88,44.57,40.87,20.43,7.74,7.71,8.79,1.39,1.13,0.61,37.77,38.89,15.15
12,10,2021,0,2,79.44,199.22,44.2,7.93,1.48,38.5,181,2021-10-12,1,10,285,0,0.7818314824680297,0.6234898018587336,-0.8660254037844386,0.5,-0.981947190186646,0.18915526872004093,78.68333333333338,65.14,15.839744316119369,202.5333333333334,156.26999999999998,52.309275149505865,79.17,79.29,41.88,207.03,214.39,96.77,46.88,52.39,33.02,8.22,7.74,9.17,1.78,1.22,0.79,36.23,37.67,22.7
13,10,2021,0,3,75.56,181.8,31.41,7.78,0.96,57.19,146,2021-10-13,2,10,286,0,0.9749279121818236,-0.22252093395631434,-0.8660254037844386,0.5,-0.9785481345802031,0.2060183203251708,78.73333333333336,70.50571428571429,12.69718585244241,197.4766666666667,170.90571428571428,46.944266904896196,79.44,77.59,45.09,199.22,186.18,92.96,44.2,44.57,28.48,7.93,7.74,9.52,1.48,1.39,0.69,38.5,37.77,20.95
14,10,2021,0,4,76.6,182.05,42.55,7.8,0.99,61.36,171,2021-10-14,3,10,287,0,0.43388373911755823,-0.900968867902419,-0.8660254037844386,0.5,-0.9748595108374125,0.22282040779479959,78.05666666666671,74.85857142857142,5.975880489022696,196.01666666666668,183.59714285714284,31.984969758876122,75.56,79.17,64.65,181.8,207.03,117.52,31.41,46.88,44.95,7.78,8.22,9.55,0.96,1.78,0.87,57.19,36.23,33.12
15,10,2021,1,5,99.7,194.26,49.88,8.0,1.37,55.28,199,2021-10-15,4,10,288,0,-0.433883739117558,-0.9009688679024191,-0.8660254037844386,0.5,-0.9708824104813836,0.23955655912092708,77.20000000000003,76.5657142857143,3.9303132069589872,187.69000000000005,192.81571428571428,14.021175482276306,76.6,79.44,68.31,182.05,199.22,179.04,42.55,44.2,40.87,7.8,7.93,7.71,0.99,1.48,1.13,61.36,38.5,38.89
16,10,2021,0,6,145.48,248.36,50.86,8.14,1.85,50.33,273,2021-10-16,5,10,289,1,-0.9749279121818236,-0.2225209339563146,-0.8660254037844386,0.5,-0.9666180104000972,0.2562218218071163,83.95333333333336,81.05,8.356243175017939,186.03666666666672,194.99,12.641091725006316,99.7,75.56,79.29,194.26,181.8,214.39,49.88,31.41,52.39,8.0,7.78,7.74,1.37,0.96,1.22,55.28,57.19,37.67
17,10,2021,1,7,224.0,260.6,48.41,8.07,1.9,34.06,327,2021-10-17,6,10,290,1,-0.7818314824680299,0.6234898018587334,-0.8660254037844386,0.5,-0.9620675724981452,0.27281126433401914,107.26000000000003,90.50571428571428,25.62945691786689,208.22333333333336,199.84285714285716,23.330697027940346,145.48,76.6,77.59,248.36,182.05,186.18,50.86,42.55,44.57,8.14,7.8,7.74,1.85,0.99,1.39,50.33,61.36,37.77
18,10,2021,0,1,27.65,22.37,24.42,7.84,0.51,27.19,32,2021-10-18,0,10,291,0,0.0,1.0,-0.8660254037844386,0.5,-0.9572324433233119,0.28931997761869527,156.39333333333335,111.42142857142858,55.57705354687681,234.40666666666667,210.47428571428574,31.568693277329523,224.0,99.7,79.17,260.6,194.26,207.03,48.41,49.88,46.88,8.07,8.0,8.22,1.9,1.37,1.78,34.06,55.28,36.23
19,10,2021,1,2,48.43,81.37,27.97,7.93,0.81,35.42,49,2021-10-19,1,10,292,0,0.7818314824680297,0.6234898018587336,-0.8660254037844386,0.5,-0.9521140536681102,0.30574307646728316,132.3766666666667,104.06142857142858,63.41814105037885,177.11,184.09428571428572,77.9738447295296,27.65,145.48,79.44,22.37,248.36,199.22,24.42,50.86,44.2,7.84,8.14,7.93,0.51,1.85,1.48,27.19,50.33,38.5
20,10,2021,0,3,116.65,183.52,54.74,6.9,1.63,37.59,234,2021-10-20,2,10,293,0,0.9749279121818236,-0.22252093395631434,-0.8660254037844386,0.5,-0.9467139181463862,0.3220757010206104,100.0266666666667,99.63142857142857,66.43597229126512,121.4466666666667,167.25857142857143,86.42812571313667,48.43,224.0,75.56,81.37,260.6,181.8,27.97,48.41,31.41,7.93,8.07,7.78,0.81,1.9,0.96,35.42,34.06,57.19
21,10,2021,0,4,82.51,208.51,58.77,5.82,1.39,35.41,193,2021-10-21,3,10,294,0,0.43388373911755823,-0.900968867902419,-0.8660254037844386,0.5,-0.9410336347451197,0.3383130181923076,64.24333333333335,105.50142857142858,65.76654454167722,95.75333333333337,167.50428571428571,86.47878715946165,116.65,27.65,76.6,183.52,22.37,182.05,54.74,24.42,42.55,6.9,7.84,7.8,1.63,0.51,0.99,37.59,27.19,61.36
22,10,2021,0,5,77.12,160.18,46.57,5.88,0.93,29.88,165,2021-10-22,4,10,295,0,-0.433883739117558,-0.9009688679024191,-0.8660254037844386,0.5,-0.9350748843515574,0.3544502230989869,82.53000000000003,106.3457142857143,65.37042370398197,157.80000000000004,171.28428571428572,87.78890948503386,82.51,48.43,99.7,208.51,81.37,194.26,58.77,27.97,49.88,5.82,7.93,8.0,1.39,0.81,1.37,35.41,35.42,55.28
23,10,2021,0,6,155.65,150.32,73.91,5.31,2.39,26.86,151,2021-10-23,5,10,296,1,-0.9749279121818236,-0.2225209339563146,-0.8660254037844386,0.5,-0.9288394302558068,0.37048254048209633,92.09333333333336,103.11999999999999,66.30346144810264,184.07000000000002,166.4157142857143,87.24568429768587,77.12,116.65,145.48,160.18,183.52,248.36,46.57,54.74,50.86,5.88,6.9,8.14,0.93,1.63,1.85,29.88,37.59,50.33
24,10,2021,1,7,85.65,173.32,10.92,3.71,0.82,32.16,187,2021-10-24,6,10,297,1,-0.7818314824680299,0.6234898018587334,-0.8660254037844386,0.5,-0.9223291176290545,0.3864052261209853,105.09333333333336,104.57285714285715,67.48722069505374,173.00333333333336,152.41000000000003,79.41656250430415,155.65,82.51,224.0,150.32,208.51,260.6,73.91,58.77,48.41,5.31,5.82,8.07,2.39,1.39,1.9,26.86,35.41,34.06
25,10,2021,0,1,58.93,107.75,10.15,3.4,0.63,22.01,84,2021-10-25,0,10,298,0,0.0,1.0,-0.8660254037844386,0.5,-0.9155458729775467,0.4022135682368037,106.14000000000003,84.80857142857144,42.205830730114556,161.27333333333334,139.9414285714286,65.17391794999311,85.65,77.12,27.65,173.32,160.18,22.37,10.92,46.57,24.42,3.71,5.88,7.84,0.82,0.93,0.51,32.16,29.88,27.19
26,10,2021,0,2,63.12,127.72,44.68,4.75,1.25,39.95,98,2021-10-26,1,10,299,0,0.7818314824680297,0.6234898018587336,-0.8660254037844386,0.5,-0.9084917035725082,0.41790288888678667,100.0766666666667,89.27714285714286,36.40241325072041,143.79666666666665,152.13857142857142,44.078892691995215,58.93,155.65,48.43,107.75,150.32,81.37,10.15,73.91,27.97,3.4,5.31,7.93,0.63,2.39,0.81,22.01,26.86,35.42
27,10,2021,0,3,94.53,193.14,55.06,4.99,1.6,45.57,162,2021-10-27,2,10,300,0,0.9749279121818236,-0.22252093395631434,-0.8660254037844386,0.5,-0.9011686968561569,0.4334685453485363,69.23333333333336,91.37571428571428,33.999247960871074,136.26333333333335,158.76,34.00702231402672,63.12,85.65,116.65,127.72,173.32,183.52,44.68,10.92,54.74,4.75,3.71,6.9,1.25,0.82,1.63,39.95,32.16,37.59
28,10,2021,0,4,166.48,216.63,62.98,5.41,2.07,42.99,168,2021-10-28,3,10,301,0,0.43388373911755823,-0.900968867902419,-0.8660254037844386,0.5,-0.8935790198239952,0.4489059314938798,72.19333333333337,88.21571428571428,32.24115892103544,142.87,160.1342857142857,35.34254181443102,94.53,58.93,82.51,193.14,107.75,208.51,55.06,10.15,58.77,4.99,3.4,5.82,1.6,0.63,1.39,45.57,22.01,35.41
29,10,2021,0,5,164.44,230.99,67.24,5.71,1.88,31.06,198,2021-10-29,4,10,302,0,-0.433883739117558,-0.9009688679024191,-0.8660254037844386,0.5,-0.8857249183835637,0.4642104791518923,108.04333333333335,100.21142857142857,43.44041337609194,179.16333333333333,161.2942857142857,37.27534567563577,166.48,63.12,77.12,216.63,127.72,160.18,62.98,44.68,46.57,5.41,4.75,5.88,2.07,1.25,0.93,42.99,39.95,29.88
30,10,2021,0,6,122.44,198.8,63.88,5.51,1.42,42.39,259,2021-10-30,5,10,303,1,-0.9749279121818236,-0.2225209339563146,-0.8660254037844386,0.5,-0.8776087166898392,0.47937765946069455,141.8166666666667,112.68571428571428,48.00218358128576,213.58666666666667,171.41,45.60092396724768,164.44,94.53,155.65,230.99,193.14,150.32,67.24,55.06,73.91,5.71,4.99,5.31,1.88,1.6,2.39,31.06,45.57,26.86
31,10,2021,1,7,142.65,245.63,56.07,5.8,1.64,40.01,293,2021-10-31,6,10,304,1,-0.7818314824680299,0.6234898018587334,-0.8660254037844386,0.5,-0.8692328164574792,0.49440298420761813,151.12000000000003,107.94142857142857,44.56627328244697,215.47333333333336,178.33571428571426,45.545455264363405,122.44,166.48,85.65,198.8,216.63,173.32,63.88,62.98,10.92,5.51,5.41,3.71,1.42,2.07,0.82,42.39,42.99,32.16
1,11,2021,0,1,151.11,255.77,97.32,7.55,4.7,28.41,277,2021-11-01,0,11,305,0,0.0,1.0,-0.5000000000000004,0.8660254037844384,-0.8605996962501181,0.5092820071573356,143.1766666666667,116.08428571428571,45.01953385555497,225.14000000000001,188.6657142857143,51.96590576430655,142.65,164.44,58.93,245.63,230.99,107.75,56.07,67.24,10.15,5.8,5.71,3.4,1.64,1.88,0.63,40.01,31.06,22.01
2,11,2021,0,2,137.05,237.8,76.1,6.4,2.58,34.32,295,2021-11-02,1,11,306,0,0.7818314824680297,0.6234898018587336,-0.5000000000000004,0.8660254037844384,-0.8517119107469189,0.5240103253675755,138.73333333333335,129.25285714285715,38.52890677326424,233.4,209.8114285714286,42.87263285149469,151.11,122.44,63.12,255.77,198.8,127.72,97.32,63.88,44.68,7.55,5.51,4.75,4.7,1.42,1.25,28.41,42.39,39.95
3,11,2021,0,3,172.52,277.81,95.15,7.33,3.39,31.81,309,2021-11-03,2,11,307,0,0.9749279121818236,-0.22252093395631434,-0.5000000000000004,0.8660254037844384,-0.8425720899866032,0.538583580492023,143.60333333333335,139.81428571428572,25.21009775013688,246.4,225.53714285714287,23.59960007732185,137.05,142.65,94.53,237.8,245.63,193.14,76.1,56.07,55.06,6.4,5.8,4.99,2.58,1.64,1.6,34.32,40.01,45.57
4,11,2021,1,4,271.39,380.04,67.34,8.67,2.88,30.77,394,2021-11-04,3,11,308,0,0.43388373911755823,-0.900968867902419,-0.5000000000000004,0.8660254037844384,-0.8331829385891785,0.5529974600700271,153.56000000000003,150.9557142857143,18.08945996719603,257.1266666666667,237.63285714285712,25.821113269496905,172.52,151.11,166.48,277.81,255.77,216.63,95.15,97.32,62.98,7.33,7.55,5.41,3.39,4.7,2.07,31.81,28.41,42.99
5,11,2021,0,5,275.97,492.19,68.63,9.42,3.3,24.64,384,2021-11-05,4,11,309,0,-0.433883739117558,-0.9009688679024191,-0.5000000000000004,0.8660254037844384,-0.8235472349556007,0.5672476988027229,193.65333333333334,165.94285714285712,49.42078500465379,298.55,260.9771428571429,57.770182538020215,271.39,137.05,164.44,380.04,237.8,230.99,67.34,76.1,67.24,8.67,6.4,5.71,2.88,2.58,1.88,30.77,34.32,31.06
6,11,2021,0,6,248.18,348.85,58.21,8.49,2.47,35.37,402,2021-11-06,5,11,310,1,-0.9749279121818236,-0.2225209339563146,-0.5000000000000004,0.8660254037844384,-0.8136678304455991,0.5813300798152042,239.96000000000004,181.8757142857143,64.52545488852789,383.34666666666664,298.2914285714286,102.33770003092219,275.97,172.52,122.44,492.19,277.81,198.8,68.63,95.15,63.88,9.42,7.33,5.51,3.3,3.39,1.42,24.64,31.81,42.39
7,11,2021,1,7,235.88,356.91,73.39,8.55,2.52,36.57,403,2021-11-07,6,11,311,1,-0.7818314824680299,0.6234898018587334,-0.5000000000000004,0.8660254037844384,-0.8035476485339116,0.5952404359043674,265.18000000000006,199.8385714285714,62.697967119775065,407.0266666666667,319.7271428571429,93.34454540648215,248.18,271.39,142.65,348.85,380.04,245.63,58.21,67.34,56.07,8.49,8.67,5.8,2.47,2.88,1.64,35.37,30.77,40.01
8,11,2021,0,1,209.2,338.15,81.6,8.44,2.45,37.4,287,2021-11-08,0,11,312,0,0.0,1.0,-0.5000000000000004,0.8660254037844384,-0.7931896839451844,0.6089746507720486,253.34333333333333,213.15714285714287,58.270878865944134,399.31666666666666,335.6242857142857,87.94161810677602,235.88,275.97,151.11,356.91,492.19,255.77,73.39,68.63,97.32,8.55,9.42,7.55,2.52,3.3,4.7,36.57,24.64,28.41
9,11,2021,0,2,300.38,466.43,21.57,8.43,1.93,13.94,431,2021-11-09,1,11,313,0,0.7818314824680297,0.6234898018587336,-0.5000000000000004,0.8660254037844384,-0.7825970017677834,0.6225286602431057,231.08666666666667,221.4557142857143,51.73122682260142,347.97,347.39285714285717,80.68720111522929,209.2,248.18,137.05,338.15,348.85,237.8,81.6,58.21,76.1,8.44,8.49,6.4,2.45,2.47,2.58,37.4,35.37,34.32
10,11,2021,0,3,252.45,317.7,121.53,8.75,3.07,28.78,255,2021-11-10,2,11,314,0,0.9749279121818236,-0.22252093395631434,-0.5000000000000004,0.8660254037844384,-0.7717727365467837,0.6358984534680745,248.48666666666668,244.78857142857143,43.49421740437514,387.1633333333334,380.05428571428575,75.00490114144549,300.38,235.88,172.52,466.43,356.91,277.81,21.57,73.39,95.15,8.43,8.55,7.33,1.93,2.52,3.39,13.94,36.57,31.81
11,11,2021,0,4,369.13,434.16,150.17,7.75,3.93,20.39,425,2021-11-11,3,11,315,0,0.43388373911755823,-0.900968867902419,-0.5000000000000004,0.8660254037844384,-0.7607200913564104,0.6490800741100397,254.01,256.20714285714286,29.64722118191725,374.0933333333333,385.7528571428571,67.03389458930039,252.45,209.2,271.39,317.7,338.15,380.04,121.53,81.6,67.34,8.75,8.44,8.67,3.07,2.45,2.88,28.78,37.4,30.77
12,11,2021,0,5,387.18,451.81,101.76,7.96,4.02,23.8,489,2021-11-12,4,11,316,0,-0.433883739117558,-0.9009688679024191,-0.5000000000000004,0.8660254037844384,-0.7494423368521954,0.6620696215153815,307.32,270.16999999999996,52.329197076456865,406.09666666666664,393.4842857142857,69.346290421608,369.13,300.38,275.97,434.16,466.43,492.19,150.17,21.57,68.63,7.75,8.43,9.42,3.93,1.93,3.3,20.39,13.94,24.64
13,11,2021,0,6,285.55,348.41,22.52,7.85,3.01,29.3,415,2021-11-13,5,11,317,1,-0.9749279121818236,-0.2225209339563146,-0.5000000000000004,0.8660254037844384,-0.7379428103031386,0.6748632518680403,336.2533333333334,286.0571428571428,68.70342075769963,401.22333333333336,387.7157142857142,60.93655713312006,387.18,252.45,248.18,451.81,317.7,348.85,101.76,121.53,58.21,7.96,8.75,8.49,4.02,3.07,2.47,23.8,28.78,35.37
14,11,2021,1,7,222.71,287.86,13.21,8.04,2.34,26.54,359,2021-11-14,6,11,318,1,-0.7818314824680299,0.6234898018587334,-0.5000000000000004,0.8660254037844384,-0.7262249146041543,0.6874571793269664,347.2866666666667,291.3957142857143,66.69212468678805,411.46000000000004,387.65285714285716,60.9835384111382,285.55,369.13,235.88,348.41,434.16,356.91,22.52,150.17,73.39,7.85,7.75,8.55,3.01,3.93,2.52,29.3,20.39,36.57
15,11,2021,0,1,224.86,283.28,12.06,7.76,2.16,26.84,374,2021-11-15,0,11,319,0,0.0,1.0,-0.5000000000000004,0.8660254037844384,-0.7142921172691034,0.699847677146407,298.48,289.5142857142857,68.67555529617569,362.6933333333333,377.7885714285715,71.46830752824847,222.71,387.18,209.2,287.86,451.81,338.15,13.21,101.76,81.6,8.04,7.96,8.44,2.34,4.02,2.45,26.54,23.8,37.4
16,11,2021,0,2,278.12,331.05,11.42,7.89,2.16,32.47,417,2021-11-16,1,11,320,0,0.7818314824680297,0.6234898018587336,-0.5000000000000004,0.8660254037844384,-0.7021479494046978,0.7120310787787131,244.37333333333336,291.7514285714286,65.81888012532855,306.5166666666667,369.95,79.13792306262901,224.86,285.55,300.38,283.28,348.41,466.43,12.06,22.52,21.57,7.76,7.85,8.43,2.16,3.01,1.93,26.84,29.3,13.94
17,11,2021,0,3,240.34,287.99,11.22,8.23,2.41,34.0,390,2021-11-17,2,11,321,0,0.9749279121818236,-0.22252093395631434,-0.5000000000000004,0.8660254037844384,-0.6897960046655887,0.7240037789593305,241.89666666666668,288.57142857142856,65.87023440790514,300.73,350.61000000000007,67.28476251475219,278.12,222.71,252.45,331.05,287.86,317.7,11.42,13.21,121.53,7.89,8.04,8.75,2.16,2.34,3.07,32.47,26.54,28.78
18,11,2021,0,4,252.34,311.51,11.22,8.7,2.81,32.82,361,2021-11-18,3,11,322,0,0.43388373911755823,-0.900968867902419,-0.5000000000000004,0.8660254037844384,-0.6772399381909491,0.7357622347736527,247.77333333333334,286.84142857142854,67.12412567489454,300.7733333333333,346.36571428571426,70.56384127326143,240.34,224.86,369.13,287.99,283.28,434.16,11.22,12.06,150.17,8.23,7.76,7.75,2.41,2.16,3.93,34.0,26.84,20.39
19,11,2021,1,5,252.25,407.59,28.93,7.84,1.62,25.25,402,2021-11-19,4,11,323,0,-0.433883739117558,-0.9009688679024191,-0.5000000000000004,0.8660254037844384,-0.6644834655228552,0.7473029667054297,256.93333333333334,270.1571428571429,57.0150146055948,310.18333333333334,328.8442857142858,59.48895579773368,252.34,278.12,387.18,311.51,331.05,451.81,11.22,11.42,101.76,8.7,7.89,7.96,2.81,2.16,4.02,32.82,32.47,23.8
20,11,2021,0,6,227.78,279.56,11.58,8.46,1.86,16.4,401,2021-11-20,5,11,324,1,-0.9749279121818236,-0.2225209339563146,-0.5000000000000004,0.8660254037844384,-0.6515303615068021,0.75862255966641,248.31000000000003,250.8814285714286,24.254607416991693,335.69666666666666,322.52714285714285,44.78577107158191,252.25,240.34,285.55,407.59,287.99,348.41,28.93,11.22,22.52,7.84,8.23,7.85,1.62,2.41,3.01,25.25,34.0,29.3
21,11,2021,1,7,182.25,221.87,10.55,7.76,1.12,32.5,319,2021-11-21,6,11,325,1,-0.7818314824680299,0.6234898018587334,-0.5000000000000004,0.8660254037844384,-0.6383844591746642,0.7697176640069211,244.12333333333333,242.62857142857143,19.936208623650728,332.8866666666667,312.6914285714286,45.70495211264319,227.78,252.34,222.71,279.56,311.51,287.86,11.58,11.22,13.21,8.46,8.7,8.04,1.86,2.81,2.34,16.4,32.82,26.54
22,11,2021,0,1,151.6,244.82,10.39,9.0,0.9,34.58,324,2021-11-22,0,11,326,0,0.0,1.0,-0.5000000000000004,0.8660254037844384,-0.6250496486104377,0.7805849965070866,220.76000000000002,236.84857142857143,29.999105780323884,303.00666666666666,303.2642857142857,57.07230906407001,182.25,252.25,224.86,221.87,407.59,283.28,10.55,28.93,12.06,7.76,7.84,7.76,1.12,1.62,2.16,32.5,25.25,26.84
23,11,2021,0,2,174.02,254.28,11.78,9.26,1.85,24.65,311,2021-11-23,1,11,327,0,0.7818314824680297,0.6234898018587336,-0.5000000000000004,0.8660254037844384,-0.6115298757991053,0.7912213413483807,187.21000000000004,226.38285714285712,44.26539834313264,248.75,297.77,61.0307892242375,151.6,227.78,278.12,244.82,279.56,331.05,10.39,11.58,11.42,9.0,8.46,7.89,0.9,1.86,2.16,34.58,16.4,32.47
24,11,2021,0,3,278.41,370.8,14.12,9.13,3.88,40.12,398,2021-11-24,2,11,328,0,0.9749279121818236,-0.22252093395631434,-0.5000000000000004,0.8660254037844384,-0.5978291414589552,0.801623551065242,169.29000000000005,211.51142857142855,41.379491872412764,240.32333333333335,286.80285714285714,60.951370702193145,174.02,182.25,240.34,254.28,221.87,287.99,11.78,10.55,11.22,9.26,7.76,8.23,1.85,1.12,2.41,24.65,32.5,34.0
25,11,2021,0,4,299.04,389.01,13.27,9.34,3.45,30.88,429,2021-11-25,3,11,329,0,0.43388373911755823,-0.900968867902419,-0.5000000000000004,0.8660254037844384,-0.5839514998576998,0.8117885474764613,201.34333333333336,216.95000000000002,47.80317283751527,289.9666666666667,298.6328571428572,68.75667960624743,278.41,151.6,252.34,370.8,244.82,311.51,14.12,10.39,11.22,9.13,9.0,8.7,3.88,0.9,2.81,40.12,34.58,32.82
26,11,2021,0,5,277.22,337.28,12.56,9.3,3.07,36.52,414,2021-11-26,4,11,330,0,-0.433883739117558,-0.9009688679024191,-0.5000000000000004,0.8660254037844384,-0.5699010576127624,0.821713322596059,250.49,223.62142857142857,56.10350595954234,338.03000000000003,309.70428571428573,76.92968366353388,299.04,174.02,252.25,389.01,254.28,407.59,13.27,11.78,28.93,9.34,9.26,7.84,3.45,1.85,1.62,30.88,24.65,25.25
27,11,2021,0,6,280.0,363.55,13.71,11.33,3.45,57.1,403,2021-11-27,5,11,331,1,-0.9749279121818236,-0.2225209339563146,-0.5000000000000004,0.8660254037844384,-0.5556819724760489,0.8313949395234058,284.89000000000004,227.1885714285714,58.94879202284303,365.6966666666667,299.65999999999997,65.8048258108778,277.22,278.41,227.78,337.28,370.8,279.56,12.56,14.12,11.58,9.3,9.13,8.46,3.07,3.88,1.86,36.52,40.12,16.4
28,11,2021,1,7,258.95,321.76,11.24,10.07,2.21,46.81,410,2021-11-28,6,11,332,1,-0.7818314824680299,0.6234898018587334,-0.5000000000000004,0.8660254037844384,-0.5412984521036173,0.8408305333122887,285.42,234.64857142857142,62.248020699074424,363.28000000000003,311.65857142857146,69.10356079310007,280.0,299.04,182.25,363.55,389.01,221.87,13.71,13.27,10.55,11.33,9.34,7.76,3.45,3.45,1.12,57.1,30.88,32.5
29,11,2021,0,1,220.47,285.13,11.45,10.6,2.13,50.73,376,2021-11-29,0,11,333,0,0.0,1.0,-0.5000000000000004,0.8660254037844384,-0.5267547528105542,0.8500173118187018,272.0566666666667,245.6057142857143,58.09967408317744,340.8633333333334,325.92857142857144,56.66632404658287,258.95,277.22,151.6,321.76,337.28,244.82,11.24,12.56,10.39,10.07,9.3,9.0,2.21,3.07,0.9,46.81,36.52,34.58
30,11,2021,0,2,184.6,247.68,10.92,10.06,1.37,56.62,327,2021-11-30,1,11,334,0,0.7818314824680297,0.6234898018587336,-0.5000000000000004,0.8660254037844384,-0.5120551783114646,0.8589525565270845,253.14000000000001,255.44428571428574,43.53270833796241,323.48,331.6871428571429,48.51156003616879,220.47,280.0,174.02,285.13,363.55,254.28,11.45,13.71,11.78,10.6,11.33,9.26,2.13,3.45,1.85,50.73,57.1,24.65
1,12,2021,0,3,276.66,358.33,11.05,6.14,2.27,32.43,391,2021-12-01,2,12,335,0,0.9749279121818236,-0.22252093395631434,-2.4492935982947064e-16,1.0,-0.4972040784469378,0.8676336233547726,221.34,256.9557142857143,40.29803091018347,284.85666666666674,330.7442857142857,50.29801217316028,184.6,258.95,278.41,247.68,321.76,370.8,10.92,11.24,14.12,10.06,10.07,9.13,1.37,2.21,3.88,56.62,46.81,40.12
2,12,2021,0,4,278.37,325.51,10.65,6.02,1.91,31.07,429,2021-12-02,3,12,336,0,0.43388373911755823,-0.900968867902419,-2.4492935982947064e-16,1.0,-0.4822058478963526,0.8760579434344281,227.24333333333334,256.7057142857143,40.14789901399701,297.0466666666667,328.9628571428571,48.842667724809445,276.66,220.47,299.04,358.33,285.13,389.01,11.05,11.45,13.27,6.14,10.6,9.34,2.27,2.13,3.45,32.43,50.73,30.88
3,12,2021,0,5,213.08,265.58,10.55,5.37,1.75,35.18,370,2021-12-03,4,12,337,0,-0.433883739117558,-0.9009688679024191,-2.4492935982947064e-16,1.0,-0.46706492487743034,0.8842230238742036,246.54333333333332,253.75285714285715,37.16458157721585,310.50666666666666,319.89142857142855,41.11744213371016,278.37,184.6,277.22,325.51,247.68,337.28,10.65,10.92,12.56,6.02,10.06,9.3,1.91,1.37,3.07,31.07,56.62,36.52
4,12,2021,0,6,207.73,269.59,11.35,5.98,2.78,36.75,380,2021-12-04,5,12,338,1,-0.9749279121818236,-0.2225209339563146,-2.4492935982947064e-16,1.0,-0.451785789832884,0.8921264484954345,256.0366666666667,244.59,38.30384140875009,316.47333333333336,309.6485714285714,44.82711286285354,213.08,276.66,280.0,265.58,358.33,363.55,10.55,11.05,13.71,5.37,6.14,11.33,1.75,2.27,3.45,35.18,32.43,57.1
5,12,2021,1,7,231.11,289.04,12.29,6.44,3.3,32.11,345,2021-12-05,6,12,339,1,-0.7818314824680299,0.6234898018587334,-2.4492935982947064e-16,1.0,-0.4363729641045924,0.8997658785476209,233.06000000000003,234.2657142857143,36.88215686803188,286.8933333333334,296.2257142857143,39.780509824595384,207.73,278.37,258.95,269.59,325.51,321.76,11.35,10.65,11.24,5.98,6.02,10.07,2.78,1.91,2.21,36.75,31.07,46.81
6,12,2021,0,1,128.13,179.13,10.4,5.22,0.92,40.96,311,2021-12-06,0,12,340,0,0.0,1.0,-2.4492935982947064e-16,1.0,-0.4208310085956556,0.9071390534005044,217.3066666666667,230.28857142857143,35.24126815187555,274.73666666666674,291.5514285714286,38.16985260148404,231.11,213.08,220.47,289.04,265.58,285.13,12.29,10.55,11.45,6.44,5.37,10.6,3.3,1.75,2.13,32.11,35.18,50.73
7,12,2021,0,2,113.25,213.0,16.47,2.71,0.93,15.91,255,2021-12-07,1,12,341,0,0.7818314824680297,0.6234898018587336,-2.4492935982947064e-16,1.0,-0.4051645224207563,0.9142437912130223,188.99,217.09714285714287,52.5571985917205,245.92000000000004,276.4085714285714,57.34955083479173,128.13,207.73,184.6,179.13,269.59,247.68,10.4,11.35,10.92,5.22,5.98,10.06,0.92,2.78,1.37,40.96,36.75,56.62
8,12,2021,0,3,135.38,243.35,22.68,3.51,1.05,16.77,266,2021-12-08,2,12,342,0,0.9749279121818236,-0.22252093395631434,-2.4492935982947064e-16,1.0,-0.3893781415452015,0.9210779895789526,157.49666666666667,206.90428571428575,65.28713396914273,227.0566666666667,271.4542857142857,61.586426225574066,113.25,231.11,276.66,213.0,289.04,358.33,16.47,12.29,11.05,2.71,6.44,6.14,0.93,3.3,2.27,15.91,32.11,32.43
9,12,2021,0,4,193.46,327.61,23.9,3.56,1.3,12.65,332,2021-12-09,3,12,343,0,0.43388373911755823,-0.900968867902419,-2.4492935982947064e-16,1.0,-0.37347653741307074,0.9276396261490467,125.58666666666666,186.72142857142856,61.877417643965636,211.8266666666667,255.0285714285714,48.495979018392575,135.38,128.13,278.37,243.35,179.13,325.51,22.68,10.4,10.65,3.51,5.22,6.02,1.05,0.92,1.91,16.77,40.96,31.07
10,12,2021,0,5,175.67,303.5,22.32,2.73,1.01,13.83,324,2021-12-10,4,12,344,0,-0.433883739117558,-0.9009688679024191,-2.4492935982947064e-16,1.0,-0.35746441556486136,0.9339267592294762,147.36333333333334,174.59142857142857,47.59005198168087,261.32000000000005,255.32857142857142,49.00843785464267,193.46,113.25,213.08,327.61,213.0,265.58,23.9,16.47,10.55,3.56,2.71,5.37,1.3,0.93,1.75,12.65,15.91,35.18
11,12,2021,0,6,146.83,250.15,16.58,2.72,1.05,15.55,294,2021-12-11,5,12,345,1,-0.9749279121818236,-0.2225209339563146,-2.4492935982947064e-16,1.0,-0.34134651424503615,0.9399375283564133,168.17,169.24714285714285,44.550985291867924,291.48666666666674,260.7457142857143,52.31465468908386,175.67,135.38,207.73,303.5,243.35,269.59,22.32,22.68,11.35,2.73,3.51,5.98,1.01,1.05,2.78,13.83,16.77,36.75
12,12,2021,1,7,186.97,312.46,20.76,2.5,1.47,16.08,289,2021-12-12,6,12,346,1,-0.7818314824680299,0.6234898018587334,-2.4492935982947064e-16,1.0,-0.3251276029999093,0.9456701548465688,171.98666666666668,160.54714285714286,41.634340279104165,293.7533333333334,257.96857142857147,52.28288229384807,146.83,193.46,231.11,250.15,327.61,289.04,16.58,23.9,12.29,2.72,3.56,6.44,1.05,1.3,3.3,15.55,12.65,32.11
13,12,2021,0,1,310.74,508.8,29.58,3.52,2.34,15.02,397,2021-12-13,0,12,347,0,0.0,1.0,-2.4492935982947064e-16,1.0,-0.30881248126625377,0.9511229423235357,169.82333333333332,154.24142857142857,31.20156536061016,288.7033333333334,261.31428571428575,55.26681368812647,186.97,175.67,128.13,312.46,303.5,179.13,20.76,22.32,10.4,2.5,2.73,5.22,1.47,1.01,0.92,16.08,13.83,40.96
14,12,2021,0,2,254.02,448.07,25.21,3.05,1.85,14.04,408,2021-12-14,1,12,348,0,0.7818314824680297,0.6234898018587336,-2.4492935982947064e-16,1.0,-0.29240597695107734,0.9562942772197719,214.84666666666666,180.32857142857142,64.40425592266725,357.1366666666667,308.40999999999997,97.72018044737037,310.74,146.83,113.25,508.8,250.15,213.0,29.58,16.58,16.47,3.52,2.72,2.71,2.34,1.05,0.93,15.02,15.55,15.91
15,12,2021,0,3,220.34,383.87,20.51,3.95,1.3,16.78,381,2021-12-15,2,12,349,0,0.9749279121818236,-0.22252093395631434,-2.4492935982947064e-16,1.0,-0.27591294500296043,0.9611826292540837,250.57666666666668,200.4385714285714,61.897033162226336,423.11000000000007,341.99142857142857,99.83591795684382,254.02,186.97,135.38,448.07,312.46,243.35,25.21,20.76,22.68,3.05,2.5,3.51,1.85,1.47,1.05,14.04,16.08,16.77
16,12,2021,0,4,228.92,374.35,17.62,3.58,1.08,15.76,383,2021-12-16,3,12,350,0,0.43388373911755823,-0.900968867902419,-2.4492935982947064e-16,1.0,-0.25933826597540555,0.9657865518844574,261.7,212.57571428571433,54.95412294424738,446.9133333333334,362.0657142857143,90.37524344958275,220.34,310.74,193.46,383.87,508.8,327.61,20.51,29.58,23.9,3.95,3.52,3.56,1.3,2.34,1.3,16.78,15.02,12.65
17,12,2021,0,5,161.36,271.12,10.05,1.69,0.93,22.51,347,2021-12-17,4,12,351,0,-0.433883739117558,-0.9009688679024191,-2.4492935982947064e-16,1.0,-0.2426868445825954,0.9701046827361175,234.42666666666665,217.64142857142858,54.53107475821232,402.09666666666675,368.74285714285713,89.12325317863332,228.92,254.02,175.67,374.35,448.07,303.5,17.62,25.21,22.32,3.58,3.05,2.73,1.08,1.85,1.01,15.76,14.04,13.83
18,12,2021,0,6,128.71,227.08,9.6,1.25,0.93,17.09,327,2021-12-18,5,12,352,1,-0.9749279121818236,-0.2225209339563146,-2.4492935982947064e-16,1.0,-0.22596360824801906,0.974135744004672,203.54,215.59714285714287,56.59589699918965,343.1133333333334,364.1171428571429,93.79191218050794,161.36,220.34,146.83,271.12,383.87,250.15,10.05,20.51,16.58,1.69,3.95,2.72,0.93,1.3,1.05,22.51,16.78,15.55
19,12,2021,1,7,159.71,267.73,15.01,2.4,1.04,16.73,301,2021-12-19,6,12,353,1,-0.7818314824680299,0.6234898018587334,-2.4492935982947064e-16,1.0,-0.2091735056463564,0.9778785428342386,172.99666666666667,213.00857142857143,60.542167241400776,290.8500000000001,360.82142857142856,98.73885885313327,128.71,228.92,186.97,227.08,374.35,312.46,9.6,17.62,20.76,1.25,3.58,2.5,0.93,1.08,1.47,17.09,15.76,16.08
20,12,2021,0,1,252.52,337.61,22.11,3.17,1.31,16.27,355,2021-12-20,0,12,354,0,0.0,1.0,-2.4492935982947064e-16,1.0,-0.19232150523909483,0.9813319716704275,149.9266666666667,209.1142857142857,63.30968379248778,255.31000000000006,354.43142857142857,103.71237075498263,159.71,161.36,310.74,267.73,271.12,508.8,15.01,10.05,29.58,2.4,1.69,3.52,1.04,0.93,2.34,16.73,22.51,15.02
21,12,2021,0,2,365.37,577.09,26.84,4.5,1.99,15.14,444,2021-12-21,1,12,355,0,0.7818314824680297,0.6234898018587336,-2.4492935982947064e-16,1.0,-0.17541259380427843,0.9844950085880858,180.31333333333336,200.79714285714286,50.200834227559284,277.4733333333334,329.9757142857143,78.32013999330809,252.52,128.71,254.02,337.61,227.08,448.07,22.11,9.6,25.21,3.17,1.25,3.05,1.31,0.93,1.85,16.27,17.09,14.04
22,12,2021,0,3,347.83,571.69,26.87,4.85,1.91,16.85,428,2021-12-22,2,12,356,0,0.9749279121818236,-0.22252093395631434,-2.4492935982947064e-16,1.0,-0.15845177496083634,0.9873667175937016,259.2,216.70428571428573,79.1633700767267,394.14333333333343,348.4071428571429,116.58005328446825,365.37,159.71,220.34,577.09,267.73,383.87,26.84,15.01,20.51,4.5,2.4,3.95,1.99,1.04,1.3,15.14,16.73,16.78
23,12,2021,0,4,408.83,679.54,37.89,6.68,2.52,16.67,468,2021-12-23,3,12,357,0,0.43388373911755823,-0.900968867902419,-2.4492935982947064e-16,1.0,-0.14144406768794202,0.9899462489023779,321.9066666666667,234.91714285714286,93.50562580477644,495.4633333333334,375.23857142857145,144.39736498387228,347.83,252.52,228.92,571.69,337.61,374.35,26.87,22.11,17.62,4.85,3.17,3.58,1.91,1.31,1.08,16.85,16.27,15.76
24,12,2021,0,5,414.69,671.99,33.35,4.28,2.7,12.8,473,2021-12-24,4,12,358,0,-0.433883739117558,-0.9009688679024191,-2.4492935982947064e-16,1.0,-0.12439450483979998,0.9922328391893008,374.01,260.61857142857144,114.05085450923075,609.44,418.8371428571428,184.56991265410167,408.83,365.37,161.36,679.54,577.09,271.12,37.89,26.84,10.05,6.68,4.5,1.69,2.52,1.99,0.93,16.67,15.14,22.51
25,12,2021,1,6,430.84,656.11,31.39,4.28,2.57,11.81,467,2021-12-25,5,12,359,1,-0.9749279121818236,-0.2225209339563146,-2.4492935982947064e-16,1.0,-0.10730813165636247,0.9942258118156161,390.45,296.8085714285714,117.44737323989996,641.0733333333334,476.1042857142857,193.09136489040077,414.69,347.83,128.71,671.99,571.69,227.08,33.35,26.87,9.6,4.28,4.85,1.25,2.7,1.91,0.93,12.8,16.85,17.09
26,12,2021,1,7,432.88,595.44,26.81,3.25,2.02,7.09,490,2021-12-26,6,12,360,1,-0.7818314824680299,0.6234898018587334,-2.4492935982947064e-16,1.0,-0.09019000427034513,0.9959245770286599,418.12000000000006,339.96999999999997,99.52407129266084,669.2133333333334,537.3942857142857,167.2320567213052,430.84,408.83,159.71,656.11,679.54,267.73,31.39,37.89,15.01,4.28,6.68,2.4,2.57,2.52,1.04,11.81,16.67,16.73
27,12,2021,0,1,158.89,245.79,13.82,3.26,1.13,10.29,279,2021-12-27,0,12,361,0,0.0,1.0,-2.4492935982947064e-16,1.0,-0.07304518821104744,0.9973286321364752,426.1366666666666,378.9942857142857,64.43159288660118,641.1800000000001,584.21,117.69159202480458,432.88,414.69,252.52,595.44,671.99,337.61,26.81,33.35,22.11,3.25,4.28,3.17,2.02,2.7,1.31,7.09,12.8,16.27
28,12,2021,0,2,161.08,260.93,21.59,3.61,1.13,5.96,343,2021-12-28,1,12,362,0,0.7818314824680297,0.6234898018587336,-2.4492935982947064e-16,1.0,-0.05587875690537313,0.9984375616565666,340.86999999999995,365.61857142857144,96.70088286887048,499.1133333333334,571.0928571428572,150.34404175249486,158.89,430.84,365.37,245.79,656.11,577.09,13.82,31.39,26.84,3.26,4.28,4.5,1.13,2.57,1.99,10.29,11.81,15.14
29,12,2021,0,3,141.64,238.91,15.9,2.39,0.95,8.25,284,2021-12-29,2,12,363,0,0.9749279121818236,-0.22252093395631434,-2.4492935982947064e-16,1.0,-0.03869579017652689,0.9992510374388481,250.95000000000002,336.4342857142857,123.81456037924107,367.38666666666677,525.9271428571429,190.39670223984785,161.08,432.88,347.83,260.93,595.44,571.69,21.59,26.81,26.87,3.61,3.25,4.85,1.13,2.02,1.91,5.96,7.09,16.85
30,12,2021,0,4,164.51,290.17,18.49,3.49,0.97,11.31,296,2021-12-30,3,12,364,0,0.43388373911755823,-0.900968867902419,-2.4492935982947064e-16,1.0,-0.021501372740813793,0.999768818762748,153.87,306.9785714285714,143.59767284889764,248.54333333333338,478.3871428571429,216.78317329490616,141.64,158.89,408.83,238.91,245.79,679.54,15.9,13.82,37.89,2.39,3.26,6.68,0.95,1.13,2.52,8.25,10.29,16.67
31,12,2021,0,5,181.46,287.61,19.89,2.33,1.1,11.41,315,2021-12-31,4,12,365,0,-0.433883739117558,-0.9009688679024191,-2.4492935982947064e-16,1.0,-0.004300592702981974,0.9999907524084426,155.74333333333334,272.0757142857143,144.40560017500968,263.33666666666676,422.7628571428572,206.26619457344282,164.51,161.08,414.69,290.17,260.93,671.99,18.49,21.59,33.35,3.49,3.61,4.28,0.97,1.13,2.7,11.31,5.96,12.8
1,1,2022,0,6,258.39,300.41,19.4,7.78,2.74,32.37,389,2022-01-01,5,1,1,1,-0.9749279121818236,-0.2225209339563146,0.49999999999999994,0.8660254037844387,0.017201575418260506,0.9998520419557735,162.53666666666666,238.75714285714284,132.42566905177233,272.2300000000001,367.8514285714286,178.10096822014268,181.46,141.64,430.84,287.61,238.91,656.11,19.89,15.9,31.39,2.33,2.39,4.28,1.1,0.95,2.57,11.41,8.25,11.81
2,1,2022,1,7,277.7,325.39,20.99,8.06,2.99,29.64,415,2022-01-02,6,1,2,1,-0.7818314824680299,0.6234898018587334,0.49999999999999994,0.8660254037844387,0.03439806061360801,0.9994082116062598,201.45333333333335,214.1214285714286,103.65048889233019,292.7300000000001,317.0371428571429,124.96694905911237,258.39,164.51,432.88,300.41,290.17,595.44,19.4,18.49,26.81,7.78,3.49,3.25,2.74,0.97,2.02,32.37,11.31,7.09
3,1,2022,0,1,305.63,376.27,26.21,8.01,3.34,31.7,406,2022-01-03,0,1,3,0,0.0,1.0,0.49999999999999994,0.8660254037844387,0.051584366869408364,0.9986686402879997,239.1833333333333,191.95285714285714,53.552694209935694,304.47,278.4585714285714,31.20872283436686,277.7,181.46,158.89,325.39,287.61,245.79,20.99,19.89,13.82,8.06,2.33,3.26,2.99,1.1,1.13,29.64,11.41,10.29
4,1,2022,0,2,253.02,318.67,22.38,7.87,2.83,28.56,413,2022-01-04,1,1,4,0,0.7818314824680297,0.6234898018587336,0.49999999999999994,0.8660254037844387,0.06875540848113941,0.9976335468520451,280.5733333333333,212.9157142857143,65.7781586995621,334.02333333333337,297.09857142857146,44.556329677001564,305.63,258.39,161.08,376.27,300.41,260.93,26.21,19.4,21.59,8.01,7.78,3.61,3.34,2.74,1.13,31.7,32.37,5.96
5,1,2022,0,3,291.78,319.14,21.62,8.01,3.02,26.9,389,2022-01-05,2,1,5,0,0.9749279121818236,-0.22252093395631434,0.49999999999999994,0.8660254037844387,0.08590610426133272,0.9963032375991965,278.78333333333336,226.04999999999998,62.815129812278066,340.11,305.3471428571429,42.016836987999476,253.02,277.7,141.64,318.67,325.39,238.91,22.38,20.99,15.9,7.87,8.06,2.39,2.83,2.99,0.95,28.56,29.64,8.25
6,1,2022,0,4,110.85,130.96,13.86,6.93,1.81,27.78,290,2022-01-06,3,1,6,0,0.43388373911755823,-0.900968867902419,0.49999999999999994,0.8660254037844387,0.10303137904317879,0.9946781061893646,283.4766666666667,247.49857142857144,54.2364260832673,338.0266666666667,316.8085714285714,30.13659482454796,291.78,305.63,164.51,319.14,376.27,290.17,21.62,26.21,18.49,8.01,8.01,3.49,3.02,3.34,0.97,26.9,31.7,11.31
7,1,2022,0,5,69.03,87.91,11.58,6.56,1.35,27.84,173,2022-01-07,4,1,7,0,-0.433883739117558,-0.9009688679024191,0.49999999999999994,0.8660254037844387,0.1201261651823505,0.9927586335250793,218.54999999999998,239.83285714285714,69.55085231068604,256.2566666666667,294.0642857142857,77.09112180987314,110.85,253.02,181.46,130.96,318.67,287.61,13.86,22.38,19.89,6.93,7.87,2.33,1.81,2.83,1.1,27.78,28.56,11.41
8,1,2022,0,6,48.56,53.88,6.31,6.54,1.1,27.01,90,2022-01-08,5,1,8,1,-0.9749279121818236,-0.2225209339563146,0.49999999999999994,0.8660254037844387,0.13718540405660057,0.9905453876091833,157.22,223.77142857142857,93.97195103302043,179.3366666666667,265.5357142857143,109.86281018572535,69.03,291.78,258.39,87.91,319.14,300.41,11.58,21.62,19.4,6.56,8.01,7.78,1.35,3.02,2.74,27.84,26.9,32.37
9,1,2022,1,7,39.3,44.1,3.14,6.29,0.87,27.27,41,2022-01-09,6,1,9,1,-0.7818314824680299,0.6234898018587334,0.49999999999999994,0.8660254037844387,0.1542040475626894,0.988039023376751,76.14666666666666,193.79571428571427,112.69069805698894,90.9166666666667,230.31714285714287,133.74011710705767,48.56,110.85,277.7,53.88,130.96,325.39,6.31,13.86,20.99,6.54,6.93,8.06,1.1,1.81,2.99,27.01,27.78,29.64
10,1,2022,0,1,86.47,99.65,10.81,7.5,1.24,31.21,118,2022-01-10,0,1,10,0,0.0,1.0,0.49999999999999994,0.8660254037844387,0.17117705961019986,0.985240282501282,52.29666666666666,159.73857142857142,118.95722920845296,61.96333333333337,190.13285714285712,142.3920947845872,39.3,69.03,305.63,44.1,87.91,376.27,3.14,11.58,26.21,6.29,6.56,8.01,0.87,1.35,3.34,27.27,27.84,31.7
11,1,2022,0,2,93.69,113.94,6.91,7.52,1.22,34.49,231,2022-01-11,1,1,11,0,0.7818314824680297,0.6234898018587336,0.49999999999999994,0.8660254037844387,0.18809941761179758,0.9821499931752291,58.10999999999999,128.43,101.75732766407232,65.87666666666671,150.6157142857143,118.50592908614934,86.47,48.56,253.02,99.65,53.88,318.67,10.81,6.31,22.38,7.5,6.54,7.87,1.24,1.1,2.83,31.21,27.01,28.56
12,1,2022,0,3,115.58,161.38,8.93,7.75,1.49,30.86,179,2022-01-12,2,1,12,0,0.9749279121818236,-0.22252093395631434,0.49999999999999994,0.8660254037844387,0.20496611396949532,0.9787690698649216,73.15333333333332,105.66857142857143,85.81466802137673,85.8966666666667,121.36857142857143,92.53560475632658,93.69,39.3,291.78,113.94,44.1,319.14,6.91,3.14,21.62,7.52,6.29,8.01,1.22,0.87,3.02,34.49,27.27,26.9
13,1,2022,0,4,156.23,217.25,14.17,12.11,1.92,33.83,322,2022-01-13,3,1,13,0,0.43388373911755823,-0.900968867902419,0.49999999999999994,0.8660254037844387,0.22177215755648186,0.975098513039961,98.58,80.49714285714286,29.468939418924684,124.99000000000002,98.83142857142856,41.45066482320605,115.58,86.47,110.85,161.38,99.65,130.96,8.93,10.81,13.86,7.75,7.5,6.93,1.49,1.24,1.81,30.86,31.21,27.78
14,1,2022,0,5,161.15,216.8,11.81,13.68,2.01,23.39,300,2022-01-14,4,1,14,0,-0.433883739117558,-0.9009688679024191,0.49999999999999994,0.8660254037844387,0.23851257519407648,0.9711394088771653,121.83333333333333,86.97999999999999,40.27093244512797,164.19000000000003,111.15857142857142,60.87685587275701,156.23,93.69,69.03,217.25,113.94,87.91,14.17,6.91,11.58,12.11,7.52,6.56,1.92,1.22,1.35,33.83,34.49,27.84
15,1,2022,0,6,92.03,175.69,3.48,2.06,0.9,14.59,205,2022-01-15,5,1,15,1,-0.9749279121818236,-0.2225209339563146,0.49999999999999994,0.8660254037844387,0.2551824131233728,0.9668929289391521,144.32000000000002,100.14,47.77931072476234,198.4766666666667,129.57142857142858,71.27684486764093,161.15,115.58,48.56,216.8,161.38,53.88,11.81,8.93,6.31,13.68,7.75,6.54,2.01,1.49,1.1,23.39,30.86,27.01
16,1,2022,1,7,132.88,227.47,5.1,1.69,1.15,14.04,310,2022-01-16,6,1,16,1,-0.7818314824680299,0.6234898018587334,0.49999999999999994,0.8660254037844387,0.2717767384711357,0.9623603298276545,136.47,106.35000000000001,42.490199262104994,203.2466666666667,146.97285714285712,64.23964760029082,92.03,156.23,39.3,175.69,217.25,44.1,3.48,14.17,3.14,2.06,12.11,6.29,0.9,1.92,0.87,14.59,33.83,27.27
17,1,2022,0,1,169.34,338.88,13.31,2.53,1.34,10.23,338,2022-01-17,0,1,17,0,0.0,1.0,0.49999999999999994,0.8660254037844387,0.2882906407095177,0.9575429528116719,128.68666666666667,119.71857142857142,31.06340206125364,206.6533333333334,173.16857142857143,51.40339010498942,132.88,161.15,86.47,227.47,216.8,99.65,5.1,11.81,10.81,1.69,13.68,7.5,1.15,2.01,1.24,14.04,23.39,31.21
18,1,2022,0,2,159.39,306.91,7.92,3.07,1.35,8.61,330,2022-01-18,1,1,18,0,0.7818314824680297,0.6234898018587336,0.49999999999999994,0.8660254037844387,0.3047192331091634,0.9524422234305676,131.41666666666666,131.55714285714285,32.05559218726486,247.34666666666672,207.3442857142857,70.39565821297562,169.34,92.03,93.69,338.88,175.69,113.94,13.31,3.48,6.91,2.53,2.06,7.52,1.34,0.9,1.22,10.23,14.59,34.49
19,1,2022,0,3,168.08,344.99,7.29,3.22,1.51,13.58,337,2022-01-19,2,1,19,0,0.9749279121818236,-0.22252093395631434,0.49999999999999994,0.8660254037844387,0.321057654185271,0.9470596510722283,153.87,140.94285714285715,28.546663386046227,291.0866666666667,234.9114285714286,65.32308357402471,159.39,132.88,115.58,306.91,227.47,161.38,7.92,5.1,8.93,3.07,1.69,7.75,1.35,1.15,1.49,8.61,14.04,30.86
20,1,2022,0,4,284.88,539.69,14.36,9.91,1.98,9.02,465,2022-01-20,3,1,20,0,0.43388373911755823,-0.900968867902419,0.49999999999999994,0.8660254037844387,0.3373010691361842,0.9413968285264122,165.60333333333335,148.44285714285712,27.655234413691556,330.26000000000005,261.14142857142855,67.69658052136506,168.08,169.34,156.23,344.99,338.88,217.25,7.29,13.31,14.17,3.22,2.53,12.11,1.51,1.34,1.92,13.58,10.23,33.83
21,1,2022,0,5,333.91,419.02,9.76,10.27,3.9,28.03,434,2022-01-21,4,1,21,0,-0.433883739117558,-0.9009688679024191,0.49999999999999994,0.8660254037844387,0.3534446712740877,0.9354554315134164,204.11666666666667,166.82142857142858,58.84856708212257,397.1966666666667,307.20428571428573,121.31728619026782,284.88,159.39,161.15,539.69,306.91,216.8,14.36,7.92,11.81,9.91,3.07,13.68,1.98,1.35,2.01,9.02,8.61,23.39
22,1,2022,0,6,146.49,170.95,9.65,9.0,1.93,19.13,365,2022-01-22,5,1,22,1,-0.9749279121818236,-0.2225209339563146,0.49999999999999994,0.8660254037844387,0.3694836834473831,0.9292372181882051,262.29,191.50142857142856,86.02483351307578,434.5666666666668,336.09285714285716,120.27418380714992,333.91,168.08,92.03,419.02,344.99,175.69,9.76,7.29,3.48,10.27,3.22,2.06,3.9,1.51,0.9,28.03,13.58,14.59
23,1,2022,1,7,112.86,128.02,9.59,7.93,1.56,20.27,220,2022-01-23,6,1,23,1,-0.7818314824680299,0.6234898018587334,0.49999999999999994,0.8660254037844387,0.38541335945432564,0.9227440286201427,255.09333333333333,199.28142857142856,77.57726974412287,376.55333333333334,335.4157142857143,121.33641441012115,146.49,284.88,132.88,170.95,539.69,227.47,9.65,14.36,5.1,9.0,9.91,1.69,1.93,1.98,1.15,19.13,9.02,14.04
24,1,2022,0,1,136.58,162.36,9.6,8.39,2.2,19.4,283,2022-01-24,0,1,24,0,0.0,1.0,0.49999999999999994,0.8660254037844387,0.4012289854475009,0.9159777842484877,197.75333333333333,196.42142857142858,80.73790217499504,239.33000000000004,321.2085714285714,140.40593380487505,112.86,333.91,169.34,128.02,419.02,338.88,9.59,9.76,13.31,7.93,10.27,2.53,1.56,3.9,1.34,20.27,28.03,10.23
25,1,2022,0,2,117.64,164.14,9.58,8.21,1.96,19.53,207,2022-01-25,1,1,25,0,0.7818314824680297,0.6234898018587336,0.49999999999999994,0.8660254037844387,0.4169258813287287,0.908940487313808,131.97666666666666,191.74142857142857,83.47247958230946,153.77666666666673,295.99142857142857,152.07027798889226,136.58,146.49,159.39,162.36,170.95,306.91,9.6,9.65,7.92,8.39,9.0,3.07,2.2,1.93,1.35,19.4,19.13,8.61
26,1,2022,1,3,133.37,179.09,9.59,8.6,1.77,23.4,292,2022-01-26,2,1,26,0,0.9749279121818236,-0.22252093395631434,0.49999999999999994,0.8660254037844387,0.4324994021339788,0.901634220265486,122.36,185.77714285714288,87.56076646426497,151.5066666666667,275.5957142857143,159.7424513456104,117.64,112.86,168.08,164.14,128.02,344.99,9.58,9.59,7.29,8.21,7.93,3.22,1.96,1.56,1.51,19.53,20.27,13.58
27,1,2022,0,4,124.59,164.06,9.58,8.3,1.57,29.45,279,2022-01-27,3,1,27,0,0.43388373911755823,-0.900968867902419,0.49999999999999994,0.8660254037844387,0.44794493940789115,0.8940611451454876,129.19666666666666,180.81857142857143,89.68698780175644,168.53000000000006,251.8957142857143,160.0374230044483,133.37,136.58,284.88,179.09,162.36,539.69,9.59,9.6,14.36,8.6,8.39,9.91,1.77,2.2,1.98,23.4,19.4,9.02
28,1,2022,0,5,107.08,159.79,9.54,8.01,1.35,32.61,224,2022-01-28,4,1,28,0,-0.433883739117558,-0.9009688679024191,0.49999999999999994,0.8660254037844387,0.4632579225674917,0.88622350294858,125.2,157.92000000000002,78.44849053147361,169.09666666666672,198.2342857142857,98.66152574283831,124.59,117.64,333.91,164.06,164.14,419.02,9.58,9.58,9.76,8.3,8.21,10.27,1.57,1.96,3.9,29.45,19.53,28.03
29,1,2022,0,6,118.42,194.84,12.09,8.01,1.45,33.76,247,2022-01-29,5,1,29,1,-0.9749279121818236,-0.2225209339563146,0.49999999999999994,0.8660254037844387,0.4784338202547012,0.8781236129591848,121.68,125.51571428571428,14.06505937556409,167.64666666666668,161.20142857142858,16.00095770943288,107.08,133.37,146.49,159.79,179.09,170.95,9.54,9.59,9.65,8.01,8.6,9.0,1.35,1.77,1.93,32.61,23.4,19.13
30,1,2022,1,7,136.49,191.22,9.99,8.69,1.38,35.91,270,2022-01-30,6,1,30,1,-0.7818314824680299,0.6234898018587334,0.49999999999999994,0.8660254037844387,0.49346814167723735,0.8697638720650646,116.69666666666667,121.50571428571428,10.683501075871368,172.89666666666668,164.6142857142857,20.376332559404265,118.42,124.59,112.86,194.84,164.06,128.02,12.09,9.58,9.59,8.01,8.3,7.93,1.45,1.57,1.56,33.76,29.45,20.27
31,1,2022,0,1,212.44,269.23,16.09,9.15,1.98,25.3,321,2022-01-31,0,1,31,0,0.0,1.0,0.49999999999999994,0.8660254037844387,0.5083564379375122,0.8611467540480452,120.66333333333334,124.88142857142857,11.216323563706712,181.95000000000005,173.64285714285714,14.658820682767354,136.49,107.08,136.58,191.22,159.79,162.36,9.99,9.54,9.6,8.69,8.01,8.39,1.38,1.35,2.2,35.91,32.61,19.4
1,2,2022,0,2,200.2,245.48,7.96,11.07,1.48,20.03,376,2022-02-01,1,2,32,0,0.7818314824680297,0.6234898018587336,0.8660254037844386,0.5000000000000001,0.5230943033491326,0.8522748088519838,155.78333333333333,135.71857142857144,35.26654856403007,218.43000000000006,188.91000000000003,38.007204580184464,212.44,118.42,117.64,269.23,194.84,164.14,16.09,12.09,9.58,9.15,8.01,8.21,1.98,1.45,1.96,25.3,33.76,19.53
2,2,2022,0,3,137.15,189.65,7.76,9.79,0.31,30.13,327,2022-02-02,2,2,33,0,0.9749279121818236,-0.22252093395631434,0.8660254037844386,0.5000000000000001,0.5376773767406141,0.8431506618282,183.04333333333332,147.51285714285714,41.47220021262712,235.31000000000006,200.53,41.45022476818817,200.2,136.49,133.37,245.48,191.22,179.09,7.96,9.99,9.59,11.07,8.69,8.6,1.48,1.38,1.77,20.03,35.91,23.4
3,2,2022,0,4,122.9,145.08,6.34,12.69,0.55,27.83,302,2022-02-03,3,2,34,0,0.43388373911755823,-0.900968867902419,0.8660254037844386,0.5000000000000001,0.5521013427459208,0.8337770129585915,183.26333333333332,148.05285714285716,41.281528441619365,234.78666666666672,202.03857142857143,40.725702542976876,137.15,212.44,124.59,189.65,269.23,164.06,7.76,16.09,9.58,9.79,9.15,8.3,0.31,1.98,1.57,30.13,25.3,29.45
4,2,2022,0,5,55.45,51.03,23.56,16.21,1.06,28.64,153,2022-02-04,4,2,35,0,-0.433883739117558,-0.9009688679024191,0.8660254037844386,0.5000000000000001,0.5663619330814524,0.8241566360566663,153.41666666666666,147.8114285714286,41.44623039898505,193.4033333333334,199.3271428571429,44.16246736550746,122.9,200.2,107.08,145.08,245.48,159.79,6.34,7.96,9.54,12.69,11.07,8.01,0.55,1.48,1.35,27.83,20.03,32.61
5,2,2022,0,6,106.6,214.4,22.33,11.45,0.81,25.75,196,2022-02-05,5,2,36,1,-0.9749279121818236,-0.2225209339563146,0.8660254037844386,0.5000000000000001,0.580454927809098,0.8142923779467267,105.16666666666667,140.43571428571428,52.911114414378666,128.5866666666667,183.79,71.22848025895257,55.45,137.15,118.42,51.03,189.65,194.84,23.56,7.76,12.09,16.21,9.79,8.01,1.06,0.31,1.45,28.64,30.13,33.76
6,2,2022,1,7,222.4,306.91,26.94,11.59,3.36,25.55,325,2022-02-06,6,2,37,1,-0.7818314824680299,0.6234898018587334,0.8660254037844386,0.5000000000000001,0.5943761565849831,0.804187157621448,94.98333333333333,138.74714285714285,53.909988472850735,136.8366666666667,186.58428571428573,72.11240273747245,106.6,122.9,136.49,214.4,145.08,191.22,22.33,6.34,9.99,11.45,12.69,8.69,0.81,0.55,1.38,25.75,27.83,35.91
7,2,2022,0,1,177.28,290.62,28.84,10.19,1.47,25.35,291,2022-02-07,0,2,38,0,0.0,1.0,0.8660254037844386,0.5000000000000001,0.6081214998935418,0.7938439653781019,128.15,151.02,62.418033985913915,190.78000000000006,203.1114285714286,85.38730807884956,222.4,55.45,212.44,306.91,51.03,269.23,26.94,23.56,16.09,11.59,16.21,9.15,3.36,1.06,1.98,25.55,28.64,25.3
8,2,2022,0,2,178.34,297.03,26.78,11.34,1.37,28.58,312,2022-02-08,1,2,39,0,0.7818314824680297,0.6234898018587336,0.8660254037844386,0.5000000000000001,0.6216868902665479,0.7832658619336791,168.76000000000002,145.99714285714285,57.90312792768248,270.6433333333334,206.16714285714286,88.47473946731637,177.28,106.6,200.2,290.62,214.4,245.48,28.84,22.33,7.96,10.19,11.45,11.07,1.47,0.81,1.48,25.35,25.75,20.03
9,2,2022,0,3,83.57,130.3,17.15,10.19,1.19,34.29,221,2022-02-09,2,2,40,0,0.9749279121818236,-0.22252093395631434,0.8660254037844386,0.5000000000000001,0.6350683134867438,0.7724559775191742,192.67333333333332,142.87428571428572,55.00981483854921,298.1866666666667,213.53142857142856,94.24932032090395,178.34,222.4,137.15,297.03,306.91,189.65,26.78,26.94,7.76,11.34,11.59,9.79,1.37,3.36,0.31,28.58,25.55,30.13
10,2,2022,0,4,91.43,159.66,17.28,10.28,1.01,30.11,189,2022-02-10,3,2,41,0,0.43388373911755823,-0.900968867902419,0.8660254037844386,0.5000000000000001,0.6482618097757122,0.7614175109532997,146.39666666666668,135.22,59.48472156781137,239.3166666666667,205.05285714285716,99.29044192238666,83.57,177.28,122.9,130.3,290.62,145.08,17.15,28.84,6.34,10.19,10.19,12.69,1.19,1.47,0.55,34.29,25.35,27.83
11,2,2022,0,5,75.33,150.38,16.52,8.6,0.58,32.35,154,2022-02-11,4,2,42,0,-0.433883739117558,-0.9009688679024191,0.8660254037844386,0.5000000000000001,0.6612634749656386,0.7501537286959042,117.78000000000002,130.7242857142857,61.71830383744739,195.66333333333338,207.1357142857143,97.96678941647221,91.43,178.34,55.45,159.66,297.03,51.03,17.28,26.78,23.56,10.28,11.34,16.21,1.01,1.37,1.06,30.11,28.58,28.64
12,2,2022,0,6,103.46,205.6,20.69,6.89,0.64,29.56,206,2022-02-12,5,2,43,1,-0.9749279121818236,-0.2225209339563146,0.8660254037844386,0.5000000000000001,0.6740694616546162,0.7386679638813748,83.44333333333334,133.56428571428572,58.02405215573515,146.78000000000006,221.32857142857142,76.40583276787416,75.33,83.57,106.6,150.38,130.3,214.4,16.52,17.15,22.33,8.6,10.19,11.45,0.58,1.19,0.81,32.35,34.29,25.75
13,2,2022,1,7,128.11,234.49,23.96,7.23,1.22,24.86,261,2022-02-13,6,2,44,1,-0.7818314824680299,0.6234898018587334,0.8660254037844386,0.5000000000000001,0.6866759803451553,0.726963615332308,90.07333333333334,133.1157142857143,58.27882773276077,171.88000000000002,220.07142857142858,76.61095187777673,103.46,91.43,222.4,205.6,159.66,306.91,20.69,17.28,26.94,6.89,10.28,11.59,0.64,1.01,3.36,29.56,30.11,25.55
14,2,2022,0,1,138.33,262.43,29.0,6.63,1.32,23.8,258,2022-02-14,0,2,45,0,0.0,1.0,0.8660254037844386,0.5000000000000001,0.6990793005655562,0.7150441465537444,102.30000000000001,119.6457142857143,43.13122954316059,196.82333333333338,209.7257142857143,67.24724129586835,128.11,75.33,177.28,234.49,150.38,290.62,23.96,16.52,28.84,7.23,8.6,10.19,1.22,0.58,1.47,24.86,32.35,25.35
15,2,2022,0,2,130.54,273.39,48.96,7.67,1.62,21.22,246,2022-02-15,1,2,46,0,0.7818314824680297,0.6234898018587336,0.8660254037844386,0.5000000000000001,0.7112757519738152,0.7029130847082616,123.30000000000003,114.08142857142856,36.45197865163284,234.1733333333334,205.6985714285714,62.254156334756985,138.33,103.46,178.34,262.43,205.6,297.03,29.0,20.69,26.78,6.63,6.89,11.34,1.32,0.64,1.37,23.8,29.56,28.58
16,2,2022,0,3,122.57,259.51,37.99,7.63,1.0,35.12,253,2022-02-16,2,2,47,0,0.9749279121818236,-0.22252093395631434,0.8660254037844386,0.5000000000000001,0.7232617254437387,0.6905740195722294,132.32666666666668,107.25285714285715,25.125668624129673,256.77000000000004,202.32142857142858,56.88342448334459,130.54,128.11,83.57,273.39,234.49,130.3,48.96,23.96,17.15,7.67,7.23,10.19,1.62,1.22,1.19,21.22,24.86,34.29
17,2,2022,0,4,110.41,200.28,32.95,6.58,0.97,23.53,250,2022-02-17,3,2,48,0,0.43388373911755823,-0.900968867902419,0.8660254037844386,0.5000000000000001,0.7350336741329412,0.6780306024735382,130.48,112.82428571428571,23.25312441884196,265.11000000000007,220.78,50.18757880857214,122.57,138.33,91.43,259.51,262.43,159.66,37.99,29.0,17.28,7.63,6.63,10.28,1.0,1.32,1.01,35.12,23.8,30.11
18,2,2022,0,5,119.32,221.72,31.48,6.99,1.18,19.35,258,2022-02-18,4,2,49,0,-0.433883739117558,-0.9009688679024191,0.8660254037844386,0.5000000000000001,0.746588114532413,0.6652865452111116,121.17333333333333,115.53571428571429,21.373258882026942,244.39333333333335,226.58285714285714,43.89692840973606,110.41,130.54,75.33,200.28,273.39,150.38,32.95,48.96,16.52,6.58,7.67,8.6,0.97,1.62,0.58,23.53,21.22,32.35
19,2,2022,0,6,88.12,173.13,26.18,6.76,0.84,27.62,175,2022-02-19,5,2,50,1,-0.9749279121818236,-0.2225209339563146,0.8660254037844386,0.5000000000000001,0.757921627497347,0.6523456189565258,117.43333333333334,121.82000000000001,11.98799955511261,227.17000000000004,236.77428571428572,29.0153906614758,119.32,122.57,103.46,221.72,259.51,205.6,31.48,37.99,20.69,6.99,7.63,6.89,1.18,1.0,0.64,19.35,35.12,29.56
20,2,2022,1,7,79.64,158.27,20.02,6.58,0.7,34.78,176,2022-02-20,6,2,51,1,-0.7818314824680299,0.6234898018587334,0.8660254037844386,0.5000000000000001,0.7690308592589181,0.6392116531380588,105.95,119.62857142857142,16.468437922860044,198.3766666666667,232.13571428571427,36.468027026945954,88.12,110.41,128.11,173.13,200.28,234.49,26.18,32.95,23.96,6.76,6.58,7.23,0.84,0.97,1.22,27.62,23.53,24.86
21,2,2022,0,1,90.28,199.57,29.99,7.45,1.09,28.03,169,2022-02-21,0,2,52,0,0.0,1.0,0.8660254037844386,0.5000000000000001,0.7799125224167177,0.6258885343075018,95.69333333333334,112.7042857142857,21.674823226610425,184.37333333333336,221.24714285714285,45.82607726112754,79.64,119.32,138.33,158.27,221.72,262.43,20.02,31.48,29.0,6.58,6.99,6.63,0.7,1.18,1.32,34.78,19.35,23.8
22,2,2022,0,2,115.54,268.96,40.22,8.11,1.43,33.75,254,2022-02-22,1,2,53,0,0.7818314824680297,0.6234898018587336,0.8660254037844386,0.5000000000000001,0.7905633969115481,0.612380204990065,86.01333333333334,105.83999999999999,19.727857629928216,176.99000000000004,212.2671428571429,42.445188464766,90.28,88.12,130.54,199.57,173.13,273.39,29.99,26.18,48.96,7.45,6.76,7.67,1.09,0.84,1.62,28.03,27.62,21.22
23,2,2022,0,3,110.08,197.08,40.61,7.18,1.03,35.14,184,2022-02-23,2,2,54,0,0.9749279121818236,-0.22252093395631434,0.8660254037844386,0.5000000000000001,0.8009803309782905,0.5986906625177215,95.15333333333335,103.69714285714285,17.25778733817214,208.93333333333337,211.6342857142857,41.40216776013155,115.54,79.64,122.57,268.96,158.27,259.51,40.22,20.02,37.99,8.11,6.58,7.63,1.43,0.7,1.0,33.75,34.78,35.12
24,2,2022,0,4,170.05,282.62,51.29,10.08,1.32,14.35,329,2022-02-24,3,2,55,0,0.43388373911755823,-0.900968867902419,0.8660254037844386,0.5000000000000001,0.8111602420785621,0.5848239578463322,105.30000000000001,101.91285714285713,15.541652329881417,221.87000000000003,202.71571428571428,35.70199287488142,110.08,90.28,110.41,197.08,199.57,200.28,40.61,29.99,32.95,7.18,7.45,6.58,1.03,1.09,0.97,35.14,28.03,23.53
25,2,2022,0,5,141.36,238.14,48.67,9.86,1.12,15.85,300,2022-02-25,4,2,56,0,-0.433883739117558,-0.9009688679024191,0.8660254037844386,0.5000000000000001,0.821100117812889,0.5707841943569038,131.89000000000001,110.43285714285716,30.30839746906634,249.55333333333337,214.47857142857143,46.65119199212056,170.05,115.54,119.32,282.62,268.96,221.72,51.29,40.22,31.48,10.08,8.11,6.99,1.32,1.43,1.18,14.35,33.75,19.35
26,2,2022,0,6,33.68,54.14,20.0,9.9,0.27,35.66,77,2022-02-26,5,2,57,1,-0.9749279121818236,-0.2225209339563146,0.8660254037844386,0.5000000000000001,0.8307970168121247,0.5565755266413304,140.49666666666667,113.58142857142857,32.454342507884775,239.28000000000006,216.8242857142857,47.48141842066297,141.36,110.08,88.12,238.14,197.08,173.13,48.67,40.61,26.18,9.86,7.18,6.76,1.12,1.03,0.84,15.85,35.14,27.62
27,2,2022,1,7,46.46,85.69,25.1,10.21,0.41,25.82,88,2022-02-27,6,2,58,1,-0.7818314824680299,0.6234898018587334,0.8660254037844386,0.5000000000000001,0.8402480696078469,0.5422021592729845,115.03000000000002,105.80428571428571,44.03080809961149,191.63333333333335,199.82571428571427,77.52551920865425,33.68,170.05,79.64,54.14,282.62,158.27,20.0,51.29,20.02,9.9,10.08,6.58,0.27,1.32,0.7,35.66,14.35,34.78
28,2,2022,0,1,46.4,109.67,27.75,7.66,0.43,23.72,81,2022-02-28,0,2,59,0,0.0,1.0,0.8660254037844386,0.5000000000000001,0.8494504794814806,0.527668345562516,73.83333333333333,101.06428571428572,48.84017057612323,125.99000000000002,189.45714285714283,88.13698593936707,46.46,141.36,90.28,85.69,238.14,199.57,25.1,48.67,29.99,10.21,9.86,7.45,0.41,1.12,1.09,25.82,15.85,28.03
1,3,2022,1,2,85.73,151.28,36.07,3.59,0.66,16.6,147,2022-03-01,1,3,60,0,0.7818314824680297,0.6234898018587336,1.0,6.123233995736766e-17,0.8584015232918917,0.5129783862992281,42.18,94.7957142857143,53.08639494796648,83.1666666666667,176.6142857142857,92.84208382286253,46.4,33.68,115.54,109.67,54.14,268.96,27.75,20.0,40.22,7.66,9.9,8.11,0.43,0.27,1.43,23.72,35.66,33.75
2,3,2022,0,3,91.13,189.14,35.72,5.49,0.69,15.45,216,2022-03-02,2,3,61,0,0.9749279121818236,-0.22252093395631434,1.0,6.123233995736766e-17,0.8670985522812081,0.49813662847840556,59.53,90.53714285714285,52.33530634740036,115.5466666666667,159.80285714285716,83.52009872166227,85.73,46.46,110.08,151.28,85.69,197.08,36.07,25.1,40.61,3.59,10.21,7.18,0.66,0.41,1.03,16.6,25.82,35.14
3,3,2022,0,4,84.01,206.66,41.88,6.19,0.69,17.37,157,2022-03-03,3,3,62,0,0.43388373911755823,-0.900968867902419,1.0,6.123233995736766e-17,0.8755389928586301,0.4831474640149688,74.42,87.83000000000001,51.64144588732376,150.03000000000006,158.66857142857143,82.98164223259906,91.13,46.4,170.05,189.14,109.67,282.62,35.72,27.75,51.29,5.49,7.66,10.08,0.69,0.43,1.32,15.45,23.72,14.35
4,3,2022,0,5,73.41,134.65,22.96,6.55,0.46,17.25,164,2022-03-04,4,3,63,0,-0.433883739117558,-0.9009688679024191,1.0,6.123233995736766e-17,0.8837203473619977,0.4680153284438345,86.95666666666666,75.53857142857143,36.963818087680075,182.36000000000004,147.81714285714287,67.61491914123847,84.01,85.73,141.36,206.66,151.28,238.14,41.88,36.07,48.67,6.19,3.59,9.86,0.69,0.66,1.12,17.37,16.6,15.85
5,3,2022,0,6,58.68,118.51,25.18,5.5,0.41,21.35,107,2022-03-05,5,3,64,1,-0.9749279121818236,-0.2225209339563146,1.0,6.123233995736766e-17,0.8916401947968874,0.45274469960737107,82.85000000000001,65.83142857142857,23.13155523563226,176.81666666666672,133.03285714285715,54.64398890829221,73.41,91.13,33.68,134.65,189.14,54.14,22.96,35.72,20.0,6.55,5.49,9.9,0.46,0.69,0.27,17.25,15.45,35.66
6,3,2022,1,7,94.04,170.68,34.49,6.0,0.75,18.36,176,2022-03-06,6,3,65,1,-0.7818314824680299,0.6234898018587334,1.0,6.123233995736766e-17,0.8992961915530253,0.4373400963303323,72.03333333333333,69.40285714285714,18.87924761414629,153.2733333333334,142.22857142857143,43.417921579524574,58.68,84.01,46.46,118.51,206.66,85.69,25.18,41.88,25.1,5.5,6.19,10.21,0.41,0.69,0.41,21.35,17.37,25.82
7,3,2022,0,1,129.2,234.23,50.76,6.57,1.16,20.06,254,2022-03-07,0,3,66,0,0.0,1.0,1.0,6.123233995736766e-17,0.9066860720977985,0.4218060770826634,75.37666666666667,76.20000000000002,17.77527308744904,141.28000000000006,154.36999999999998,36.266764399378424,94.04,73.41,46.4,170.68,134.65,109.67,34.49,22.96,27.75,6.0,6.55,7.66,0.75,0.46,0.43,18.36,17.25,23.72
8,3,2022,0,2,145.6,237.18,43.36,5.95,0.99,12.66,282,2022-03-08,1,3,67,0,0.7818314824680297,0.6234898018587336,1.0,6.123233995736766e-17,0.9138076496466615,0.40614723863057883,93.97333333333334,88.02857142857144,21.74594324509981,174.4733333333334,172.16428571428574,40.93641934233425,129.2,58.68,85.73,234.23,118.51,151.28,50.76,25.18,36.07,6.57,5.5,3.59,1.16,0.41,0.66,20.06,21.35,16.6
9,3,2022,0,3,86.63,183.86,33.09,5.58,0.58,13.61,173,2022-03-09,2,3,68,0,0.9749279121818236,-0.22252093395631434,1.0,6.123233995736766e-17,0.9206588168102428,0.3903682146763026,122.94666666666667,96.58142857142856,30.644310743634517,214.03000000000006,184.43571428571428,46.17271303022412,145.6,94.04,91.13,237.18,170.68,189.14,43.36,34.49,35.72,5.95,6.0,5.49,0.99,0.75,0.69,12.66,18.36,15.45
10,3,2022,0,4,69.99,141.85,25.92,5.51,0.5,14.42,150,2022-03-10,3,3,69,0,0.43388373911755823,-0.900968867902419,1.0,6.123233995736766e-17,0.9272375462179537,0.374473674486883,120.47666666666665,95.93857142857142,30.824402361642534,218.42333333333337,183.68142857142857,46.126158676890874,86.63,129.2,84.01,183.86,234.23,206.66,33.09,50.76,41.88,5.58,6.57,6.19,0.58,1.16,0.69,13.61,20.06,17.37
11,3,2022,0,5,89.92,164.82,28.16,5.61,0.55,12.94,177,2022-03-11,4,3,70,0,-0.433883739117558,-0.9009688679024191,1.0,6.123233995736766e-17,0.9335418911179212,0.35846832151248087,100.74,93.93571428571428,32.15540434470513,187.63000000000002,174.42285714285714,47.23618094719553,69.99,145.6,73.41,141.85,237.18,134.65,25.92,43.36,22.96,5.51,5.95,6.55,0.5,0.99,0.46,14.42,12.66,17.25
12,3,2022,0,6,83.12,178.02,31.83,8.14,0.59,11.86,181,2022-03-12,5,3,71,1,-0.9749279121818236,-0.2225209339563146,1.0,6.123233995736766e-17,0.9395699859530622,0.342356891994542,82.17999999999999,96.2942857142857,30.983063038346423,163.51000000000005,178.73285714285717,44.286647240556924,89.92,86.63,58.68,164.82,183.86,118.51,28.16,33.09,25.18,5.61,5.58,5.5,0.55,0.58,0.41,12.94,13.61,21.35
13,3,2022,1,7,106.78,208.46,34.5,8.05,0.8,8.36,220,2022-03-13,6,3,72,1,-0.7818314824680299,0.6234898018587334,1.0,6.123233995736766e-17,0.945320046913132,0.3261441535642696,81.01,99.78571428571429,27.1817891593768,161.56333333333336,187.23428571428573,35.67360922640284,83.12,69.99,94.04,178.02,141.85,170.68,31.83,25.92,34.49,8.14,5.51,6.0,0.59,0.5,0.75,11.86,14.42,18.36
14,3,2022,0,1,125.69,233.95,31.36,8.64,1.05,5.66,255,2022-03-14,0,3,73,0,0.0,1.0,1.0,6.123233995736766e-17,0.9507903724625832,0.3098349038318025,93.27333333333335,101.60571428571428,27.159461124467853,183.76666666666674,192.6314285714286,35.60950454984889,106.78,89.92,129.2,208.46,164.82,234.23,34.5,28.16,50.76,8.05,5.61,6.57,0.8,0.55,1.16,8.36,12.94,20.06
15,3,2022,0,2,138.44,264.19,16.41,9.21,1.07,5.97,269,2022-03-15,1,3,74,0,0.7818314824680297,0.6234898018587336,1.0,6.123233995736766e-17,0.9559793438440766,0.2934339689665273,105.19666666666667,101.1042857142857,26.5915593482496,206.81000000000003,192.59142857142857,35.55510485081398,125.69,83.12,145.6,233.95,178.02,237.18,31.36,31.83,43.36,8.64,8.14,5.95,1.05,0.59,0.99,5.66,11.86,12.66
16,3,2022,0,3,95.12,216.2,18.71,8.01,0.68,5.33,228,2022-03-16,2,3,75,0,0.9749279121818236,-0.22252093395631434,1.0,6.123233995736766e-17,0.9608854255574977,0.27694620226893646,123.63666666666666,100.08142857142857,24.66248664711448,235.5333333333334,196.45000000000002,42.06936256549009,138.44,106.78,86.63,264.19,208.46,183.86,16.41,34.5,33.09,9.21,8.05,5.58,1.07,0.8,0.58,5.97,8.36,13.61
17,3,2022,0,4,121.13,219.67,24.51,8.59,0.93,6.19,221,2022-03-17,3,3,76,0,0.43388373911755823,-0.900968867902419,1.0,6.123233995736766e-17,0.9655071658143364,0.2603764827344581,119.75,101.29428571428572,24.092900653611927,238.11333333333337,201.07,42.23176371721475,95.12,125.69,69.99,216.2,233.95,141.85,18.71,31.36,25.92,8.01,8.64,5.51,0.68,1.05,0.5,5.33,5.66,14.42
18,3,2022,1,5,154.35,218.23,22.48,9.65,1.4,5.08,301,2022-03-18,4,3,77,0,-0.433883739117558,-0.9009688679024191,1.0,6.123233995736766e-17,0.969843196967294,0.24372971360968387,118.23,108.60000000000001,20.504837640584153,233.35333333333335,212.18714285714285,33.35402710032935,121.13,138.44,89.92,219.67,264.19,164.82,24.51,16.41,28.16,8.59,9.21,5.61,0.93,1.07,0.55,6.19,5.97,12.94
19,3,2022,0,6,104.8,186.04,15.79,8.61,1.11,4.18,216,2022-03-19,5,3,78,1,-0.9749279121818236,-0.2225209339563146,1.0,6.123233995736766e-17,0.9738922359149924,0.22701082094141845,123.53333333333335,117.8042857142857,24.744622888716847,218.0333333333334,219.81714285714284,26.013773091886648,154.35,95.12,83.12,218.23,216.2,178.02,22.48,18.71,31.83,9.65,8.01,8.14,1.4,0.68,0.59,5.08,5.33,11.86
20,3,2022,1,7,96.02,199.8,62.7,9.71,1.01,4.29,241,2022-03-20,6,3,79,1,-0.7818314824680299,0.6234898018587334,1.0,6.123233995736766e-17,0.9776530844816641,0.21022475211898356,126.75999999999999,120.90142857142858,20.707260746392674,207.98000000000002,220.9628571428571,23.961788827412253,104.8,121.13,106.78,186.04,219.67,208.46,15.79,24.51,34.5,8.61,8.59,8.05,1.11,0.93,0.8,4.18,6.19,8.36
21,3,2022,0,1,146.2,257.8,28.46,13.77,1.4,4.89,244,2022-03-21,0,3,80,0,0.0,1.0,1.0,6.123233995736766e-17,0.981124629771712,0.19337647441020586,118.38999999999999,119.36428571428571,22.2705896173588,201.3566666666667,219.72571428571428,24.919321056255477,96.02,154.35,125.69,199.8,218.23,233.95,62.7,22.48,31.36,9.71,9.65,8.64,1.01,1.4,1.05,4.29,5.08,5.66
22,3,2022,0,2,75.06,188.92,18.07,8.63,0.73,7.08,169,2022-03-22,1,3,81,0,0.7818314824680297,0.6234898018587336,1.0,6.123233995736766e-17,0.984305844499033,0.17647097349152166,115.67333333333333,122.2942857142857,24.481018400074962,214.5466666666667,223.13285714285715,28.553738642709536,146.2,104.8,138.44,257.8,186.04,264.19,28.46,15.79,16.41,13.77,8.61,9.21,1.4,1.11,1.07,4.89,4.18,5.97
23,3,2022,0,3,106.34,259.97,27.7,10.45,1.25,7.17,215,2022-03-23,2,3,82,0,0.9749279121818236,-0.22252093395631434,1.0,6.123233995736766e-17,0.9871957872910085,0.15951325197263655,105.75999999999999,113.24,28.845723542090525,215.5066666666667,212.38000000000002,24.383597629006974,75.06,96.02,95.12,188.92,199.8,216.2,18.07,62.7,18.71,8.63,9.71,8.01,0.73,1.01,0.68,7.08,4.29,5.33
24,3,2022,0,4,115.45,314.89,16.62,13.65,1.82,5.84,272,2022-03-24,3,3,83,0,0.43388373911755823,-0.900968867902419,1.0,6.123233995736766e-17,0.9897936029670716,0.14250832791617085,109.2,114.84285714285714,27.969465919276548,235.56333333333336,218.63285714285712,30.39705891161459,106.34,146.2,121.13,259.97,257.8,219.67,27.7,28.46,24.51,10.45,13.77,8.59,1.25,1.4,0.93,7.17,4.89,6.19
25,3,2022,0,5,92.25,230.52,9.85,9.43,0.96,8.29,208,2022-03-25,4,3,84,0,-0.433883739117558,-0.9009688679024191,1.0,6.123233995736766e-17,0.992098522791769,0.12546123335273648,98.95,114.03142857142856,27.838755018003763,254.59333333333336,232.2357142857143,47.45697168914942,115.45,75.06,154.35,314.89,188.92,218.23,16.62,18.07,22.48,13.65,8.63,9.65,1.82,0.73,1.4,5.84,7.08,5.08
26,3,2022,0,6,91.62,274.15,11.3,11.24,0.75,12.77,220,2022-03-26,5,3,85,1,-0.9749279121818236,-0.2225209339563146,1.0,6.123233995736766e-17,0.9941098647022418,0.10837701279187607,104.68,105.15999999999998,22.16568443939229,268.46000000000004,233.99142857142857,47.07828743294528,92.25,106.34,104.8,230.52,259.97,186.04,9.85,27.7,15.79,9.43,10.45,8.61,0.96,1.25,1.11,8.29,7.17,4.18
27,3,2022,1,7,93.61,240.58,11.29,11.18,0.96,15.75,201,2022-03-27,6,3,86,1,-0.7818314824680299,0.6234898018587334,1.0,6.123233995736766e-17,0.9958270335100595,0.09126072172931188,99.77333333333333,103.27714285714285,22.753356319663588,273.18666666666667,246.57857142857145,43.784527491101294,91.62,115.45,96.02,274.15,314.89,199.8,11.3,16.62,62.7,11.24,13.65,9.71,0.75,1.82,1.01,12.77,5.84,4.29
28,3,2022,0,1,116.25,315.46,12.55,17.62,1.87,6.09,264,2022-03-28,0,3,87,0,0.0,1.0,1.0,6.123233995736766e-17,0.9972495210773451,0.07411742515094435,92.49333333333334,102.93285714285715,22.899232675854194,248.4166666666667,252.4042857142857,38.97153784372277,93.61,92.25,146.2,240.58,230.52,257.8,11.29,9.85,28.46,11.18,9.43,13.77,0.96,0.96,1.4,15.75,8.29,4.89
29,3,2022,0,2,138.58,350.07,10.27,19.08,1.69,6.08,287,2022-03-29,1,3,88,0,0.7818314824680297,0.6234898018587336,1.0,6.123233995736766e-17,0.998376906467142,0.056952196034039754,100.49333333333334,98.6542857142857,14.851523891668975,276.73,260.64142857142855,45.797817061722455,116.25,91.62,75.06,315.46,274.15,188.92,12.55,11.3,18.07,17.62,11.24,8.63,1.87,0.75,0.73,6.09,12.77,7.08
30,3,2022,0,3,196.84,413.05,10.14,41.66,2.51,8.82,310,2022-03-30,2,3,89,0,0.9749279121818236,-0.22252093395631434,1.0,6.123233995736766e-17,0.9992088560679753,0.03977011384605573,116.14666666666669,107.72857142857143,17.245193947467357,302.0366666666667,283.66285714285715,44.21207064225927,138.58,93.61,106.34,350.07,240.58,259.97,10.27,11.29,27.7,19.08,11.18,10.45,1.69,0.96,1.25,6.08,15.75,7.17
31,3,2022,0,4,98.54,284.67,177.31,15.96,0.92,65.05,254,2022-03-31,3,3,90,0,0.43388373911755823,-0.900968867902419,1.0,6.123233995736766e-17,0.9997451236925734,0.022576263041545485,150.55666666666667,120.65714285714286,37.75637505300138,359.52666666666664,305.5314285714286,63.9795325158937,196.84,116.25,115.45,413.05,315.46,314.89,10.14,12.55,16.62,41.66,17.62,13.65,2.51,1.87,1.82,8.82,6.09,5.84
1,4,2022,0,5,99.98,245.53,37.06,10.11,0.44,47.41,214,2022-04-01,4,4,91,0,-0.433883739117558,-0.9009688679024191,0.8660254037844388,-0.4999999999999998,0.9999855506507186,0.005375731557583884,144.65333333333334,118.24142857142859,38.67485635766166,349.2633333333334,301.2142857142857,64.26175089873719,98.54,138.58,92.25,284.67,350.07,230.52,177.31,10.27,9.85,15.96,19.08,9.43,0.92,1.69,0.96,65.05,6.08,8.29
2,4,2022,0,6,109.14,288.12,11.47,22.11,0.83,42.17,243,2022-04-02,5,4,92,1,-0.9749279121818236,-0.2225209339563146,0.8660254037844388,-0.4999999999999998,0.9999300657962057,-0.011826390691832589,131.78666666666666,119.3457142857143,37.911863515766974,314.41666666666674,303.3585714285714,61.70940998707006,99.98,196.84,91.62,245.53,413.05,274.15,37.06,10.14,11.3,10.11,41.66,11.24,0.44,2.51,0.75,47.41,8.82,12.77
3,4,2022,1,7,92.99,257.79,11.74,28.66,1.16,49.96,234,2022-04-03,6,4,93,1,-0.7818314824680299,0.6234898018587334,0.8660254037844388,-0.4999999999999998,0.9995786855478958,-0.029025013321975237,102.55333333333334,121.84857142857143,36.3213612210835,272.77333333333337,305.3542857142857,60.82694163420801,109.14,98.54,93.61,288.12,284.67,240.58,11.47,177.31,11.29,22.11,15.96,11.18,0.83,0.92,0.96,42.17,65.05,15.75
4,4,2022,0,1,115.62,336.1,9.15,45.45,0.89,35.77,289,2022-04-04,0,4,94,0,0.0,1.0,0.8660254037844388,-0.4999999999999998,0.9989315138848577,-0.046215046983708354,100.70333333333333,121.76,36.40236484992031,263.81333333333333,307.8128571428571,58.05721623659521,92.99,99.98,116.25,257.79,245.53,315.46,11.74,37.06,12.55,28.66,10.11,17.62,1.16,0.44,1.87,49.96,47.41,6.09
5,4,2022,0,2,112.37,302.26,11.34,45.05,0.84,39.92,251,2022-04-05,1,4,95,0,0.7818314824680297,0.6234898018587336,0.8660254037844388,-0.4999999999999998,0.9979887423155984,-0.06339140486951039,105.91666666666667,121.67,36.419033027617765,294.0033333333334,310.76142857142855,59.02636033405439,115.62,109.14,138.58,336.1,288.12,350.07,9.15,11.47,10.27,45.45,22.11,19.08,0.89,0.83,1.69,35.77,42.17,6.08
6,4,2022,0,3,143.22,369.49,12.62,73.29,1.05,37.86,289,2022-04-06,2,4,96,0,0.9749279121818236,-0.22252093395631434,0.8660254037844388,-0.4999999999999998,0.9967506498213929,-0.08054900421874167,106.99333333333334,117.92571428571429,35.731591930738404,298.7166666666667,303.93142857142857,56.42876849875102,112.37,92.99,196.84,302.26,257.79,413.05,11.34,11.74,10.14,45.05,28.66,41.66,0.84,1.16,2.51,39.92,49.96,8.82
7,4,2022,0,4,222.39,401.14,13.51,102.27,1.14,35.23,347,2022-04-07,3,4,97,0,0.43388373911755823,-0.900968867902419,0.8660254037844388,-0.4999999999999998,0.9952176027737294,-0.09768276782171599,123.73666666666668,110.26571428571428,16.643753439999006,335.95000000000005,297.7085714285714,43.253576895854984,143.22,115.62,98.54,369.49,336.1,284.67,12.62,9.15,177.31,73.29,45.45,15.96,1.05,0.89,0.92,37.86,35.77,65.05
8,4,2022,0,5,192.1,257.82,12.84,60.07,0.78,42.91,313,2022-04-08,4,4,98,0,-0.433883739117558,-0.9009688679024191,0.8660254037844388,-0.4999999999999998,0.9933900548258936,-0.11478762552212701,159.32666666666668,127.95857142857143,44.54434099058779,357.63000000000005,314.34714285714284,57.467952145604045,222.39,112.37,99.98,401.14,302.26,245.53,13.51,11.34,37.06,102.27,45.05,10.11,1.14,0.84,0.44,35.23,39.92,47.41
9,4,2022,0,6,237.21,374.81,10.19,84.44,1.19,32.07,292,2022-04-09,5,4,99,1,-0.9749279121818236,-0.2225209339563146,0.8660254037844388,-0.4999999999999998,0.9912685467787256,-0.13185851571739118,185.90333333333334,141.1185714285714,48.34634264987466,342.81666666666666,316.1028571428572,55.156344668068506,192.1,143.22,109.14,257.82,369.49,288.12,12.84,12.62,11.47,60.07,73.29,22.11,0.78,1.05,0.83,42.91,37.86,42.17
10,4,2022,1,7,187.48,344.34,8.31,87.88,0.85,35.98,325,2022-04-10,6,4,100,1,-0.7818314824680299,0.6234898018587334,0.8660254037844388,-0.4999999999999998,0.9888537064205883,-0.1488903868564548,217.23333333333332,159.41428571428574,57.57895242104358,344.59,328.4871428571429,57.508301926557465,237.21,222.39,92.99,374.81,401.14,257.79,10.19,13.51,11.74,84.44,102.27,28.66,1.19,1.14,1.16,32.07,35.23,49.96
11,4,2022,0,1,307.96,358.11,12.42,100.35,1.13,19.98,295,2022-04-11,0,4,101,0,0.0,1.0,0.8660254037844388,-0.4999999999999998,0.986146248341595,-0.16587819893463143,205.59666666666666,172.91285714285712,49.98672014121576,325.6566666666667,340.8514285714286,48.34998601467163,187.48,192.1,115.62,344.34,257.82,336.1,8.31,12.84,9.15,87.88,60.07,45.45,0.85,0.78,0.89,35.98,42.91,35.77
12,4,2022,0,2,127.14,277.88,10.48,67.15,1.17,15.03,244,2022-04-12,1,4,102,0,0.7818314824680297,0.6234898018587336,0.8660254037844388,-0.4999999999999998,0.9831469737221499,-0.18281692498501992,244.21666666666667,200.39000000000001,64.11232174863136,359.08666666666676,343.9957142857143,48.703872829286595,307.96,237.21,112.37,358.11,374.81,302.26,12.42,10.19,11.34,100.35,84.44,45.05,1.13,1.19,0.84,19.98,32.07,39.92
13,4,2022,0,3,174.31,390.53,9.89,11.29,1.57,11.37,323,2022-04-13,2,4,103,0,0.9749279121818236,-0.22252093395631434,0.8660254037844388,-0.4999999999999998,0.9798567700958665,-0.1997015525660636,207.52666666666664,202.5,60.8950137531804,326.7766666666667,340.5128571428571,52.87864903540386,127.14,187.48,143.22,277.88,344.34,369.49,10.48,8.31,12.62,67.15,87.88,73.29,1.17,0.85,1.05,15.03,35.98,37.86
14,4,2022,1,4,118.18,343.81,8.12,7.86,0.45,21.09,287,2022-04-14,3,4,104,0,0.43388373911755823,-0.900968867902419,0.8660254037844388,-0.4999999999999998,0.9762766110869321,-0.2165270852448144,203.13666666666666,206.94142857142856,56.85022703811959,342.17333333333335,343.5185714285714,55.340926214562096,174.31,307.96,222.39,390.53,358.11,401.14,9.89,12.42,13.51,11.29,100.35,102.27,1.57,1.13,1.14,11.37,19.98,35.23
15,4,2022,1,5,82.38,177.24,8.2,5.59,0.55,39.99,190,2022-04-15,4,4,105,0,-0.433883739117558,-0.9009688679024191,0.8660254037844388,-0.4999999999999998,0.9724075561219968,-0.2332885440754552,139.87666666666667,192.05428571428573,65.16675222257227,337.4066666666667,335.32857142857137,49.305226034220865,118.18,127.14,192.1,343.81,277.88,257.82,8.12,10.48,12.84,7.86,67.15,60.07,0.45,1.17,0.78,21.09,15.03,42.91
16,4,2022,0,6,95.16,254.7,10.89,15.89,0.68,65.24,257,2022-04-16,5,4,106,1,-0.9749279121818236,-0.2225209339563146,0.8660254037844388,-0.4999999999999998,0.9682507501166718,-0.2499809690726521,124.95666666666666,176.37999999999997,77.23222319731602,303.86000000000007,323.8171428571428,73.75958552718933,82.38,174.31,237.21,177.24,390.53,374.81,8.2,9.89,10.19,5.59,11.29,84.44,0.55,1.57,1.19,39.99,11.37,32.07
17,4,2022,1,7,130.14,251.29,11.44,10.19,0.94,44.14,272,2022-04-17,6,4,107,1,-0.7818314824680299,0.6234898018587334,0.8660254037844388,-0.4999999999999998,0.9638074231367307,-0.26659942067929354,98.57333333333334,156.08714285714285,77.24711099544693,258.58333333333337,306.65857142857146,73.89051662844803,95.16,118.18,187.48,254.7,343.81,344.34,10.89,8.12,8.31,15.89,7.86,87.88,0.68,0.45,0.85,65.24,21.09,35.98
18,4,2022,0,1,153.78,295.27,12.63,20.03,1.47,13.23,280,2022-04-18,0,4,108,0,0.0,1.0,0.8660254037844388,-0.4999999999999998,0.9590788900341131,-0.28313898122818354,102.55999999999999,147.8957142857143,76.39889088574175,227.74333333333337,293.36571428571426,74.35022861590951,130.14,82.38,307.96,251.29,177.24,358.11,11.44,8.2,12.42,10.19,5.59,100.35,0.94,0.55,1.13,44.14,39.99,19.98
19,4,2022,0,2,217.62,454.54,26.28,47.55,1.25,23.3,328,2022-04-19,1,4,109,0,0.7818314824680297,0.6234898018587336,0.8660254037844388,-0.4999999999999998,0.9540665500578387,-0.2995947563972602,126.36,125.86999999999999,31.725036905679378,267.0866666666667,284.3885714285714,68.81789869614082,153.78,95.16,127.14,295.27,254.7,277.88,12.63,10.89,10.48,20.03,15.89,67.15,1.47,0.68,1.17,13.23,65.24,15.03
20,4,2022,0,3,149.35,295.44,51.47,70.15,0.8,52.6,286,2022-04-20,2,4,110,0,0.9749279121818236,-0.22252093395631434,0.8660254037844388,-0.4999999999999998,0.9487718864399473,-0.31596187665790293,167.17999999999998,138.79571428571427,47.05634702394719,333.70000000000005,309.62571428571425,93.86708028859037,217.62,130.14,174.31,454.54,251.29,390.53,26.28,11.44,9.89,47.55,10.19,11.29,1.25,0.94,1.57,23.3,44.14,11.37
21,4,2022,0,4,158.74,404.39,51.06,66.06,0.85,45.57,320,2022-04-21,3,4,111,0,0.43388373911755823,-0.900968867902419,0.8660254037844388,-0.4999999999999998,0.9431964659565866,-0.33223549871590435,173.58333333333334,135.23,44.808717529814615,348.4166666666667,296.0414285714286,86.82374280279346,149.35,153.78,118.18,295.44,295.27,343.81,51.47,12.63,8.12,70.15,20.03,7.86,0.8,1.47,0.45,52.6,13.23,21.09
22,4,2022,0,5,71.85,188.81,49.96,42.0,0.68,70.31,188,2022-04-22,4,4,112,0,-0.433883739117558,-0.9009688679024191,0.8660254037844388,-0.4999999999999998,0.9373419384643772,-0.3484108069446808,175.23666666666668,141.02428571428572,44.85890541729861,384.79,304.69571428571425,95.01181836261918,158.74,217.62,82.38,404.39,454.54,177.24,51.06,26.28,8.2,66.06,47.55,5.59,0.85,1.25,0.55,45.57,23.3,39.99
23,4,2022,0,6,151.76,280.78,52.49,60.66,0.94,68.15,269,2022-04-23,5,4,113,1,-0.9749279121818236,-0.2225209339563146,0.8660254037844388,-0.4999999999999998,0.9312100364121947,-0.3644830148102912,126.64666666666666,139.51999999999998,47.26524057557218,296.21333333333337,306.34857142857146,92.49224281501823,71.85,149.35,95.16,188.81,295.44,254.7,49.96,51.47,10.89,42.0,70.15,15.89,0.68,0.8,0.68,70.31,52.6,65.24
24,4,2022,1,7,153.34,368.79,49.99,74.81,0.83,87.03,282,2022-04-24,6,4,114,1,-0.7818314824680299,0.6234898018587334,0.8660254037844388,-0.4999999999999998,0.9248025743285089,-0.38044736628785164,127.45,147.6057142857143,43.06656547607212,291.32666666666665,310.07428571428574,90.57032274373694,151.76,158.74,130.14,280.78,404.39,251.29,52.49,51.06,11.44,60.66,66.06,10.19,0.94,0.85,0.94,68.15,45.57,44.14
25,4,2022,0,1,135.6,391.66,48.93,64.03,0.73,85.59,278,2022-04-25,0,4,115,0,0.0,1.0,0.8660254037844388,-0.4999999999999998,0.9181214482844365,-0.39629913726891813,125.64999999999999,150.92000000000002,42.3857558620823,279.46000000000004,326.86,88.72947800289691,153.34,71.85,153.78,368.79,188.81,295.27,49.99,49.96,12.63,74.81,42.0,20.03,0.83,0.68,1.47,87.03,70.31,13.23
26,4,2022,0,2,89.17,206.28,51.9,50.22,0.8,81.84,226,2022-04-26,1,4,116,0,0.7818314824680297,0.6234898018587336,0.8660254037844388,-0.4999999999999998,0.9111686353326631,-0.41203363695942635,146.9,148.32285714285715,42.73683138866173,347.07666666666677,340.63,90.47222704601981,135.6,151.76,217.62,391.66,280.78,454.54,48.93,52.49,26.28,64.03,60.66,47.55,0.73,0.94,1.25,85.59,68.15,23.3
27,4,2022,0,3,330.82,452.89,58.08,65.72,2.02,41.71,348,2022-04-27,2,4,117,0,0.9749279121818236,-0.22252093395631434,0.8660254037844388,-0.4999999999999998,0.9039461929224011,-0.42764620926777464,126.03666666666668,129.97285714285712,34.87723599249578,322.2433333333334,305.1642857142857,86.96844195015802,89.17,153.34,149.35,206.28,368.79,295.44,51.9,49.99,51.47,50.22,74.81,70.15,0.8,0.83,0.8,81.84,87.03,52.6
28,4,2022,0,4,233.44,332.7,56.12,38.75,1.49,75.73,387,2022-04-28,3,4,118,0,0.43388373911755823,-0.900968867902419,0.8660254037844388,-0.4999999999999998,0.8964562582905575,-0.44313223418263453,185.19666666666663,155.89714285714285,84.22009908849687,350.2766666666667,327.65714285714284,102.93030323383596,330.82,135.6,158.74,452.89,391.66,404.39,58.08,48.93,51.06,65.72,64.03,66.06,2.02,0.73,0.85,41.71,85.59,45.57
29,4,2022,0,5,267.08,391.34,54.89,41.51,1.34,63.83,413,2022-04-29,4,4,119,0,-0.433883739117558,-0.9009688679024191,0.8660254037844388,-0.4999999999999998,0.8887010478292915,-0.45848712914008766,217.80999999999997,166.56857142857143,89.22425649798986,330.6233333333334,317.4157142857143,97.4432954521312,233.44,89.17,71.85,332.7,206.28,188.81,56.12,51.9,49.96,38.75,50.22,42.0,1.49,0.8,0.68,75.73,81.84,70.31
30,4,2022,0,6,197.42,290.64,54.05,83.79,1.32,29.18,360,2022-04-30,5,4,120,1,-0.9749279121818236,-0.2225209339563146,0.8660254037844388,-0.4999999999999998,0.8806828564301475,-0.47370635037968,277.1133333333333,194.45857142857145,85.09972824644667,392.31,346.34857142857146,81.68718145636807,267.08,330.82,151.76,391.34,452.89,280.78,54.89,58.08,52.49,41.51,65.72,60.66,1.34,2.02,0.94,63.83,41.71,68.15
1,5,2022,1,7,166.64,272.39,47.73,10.37,1.32,14.59,226,2022-05-01,6,5,121,1,-0.7818314824680299,0.6234898018587334,0.49999999999999994,-0.8660254037844387,0.8724040568049612,-0.48878539428899265,232.64666666666665,200.98142857142858,83.00557299133035,338.2266666666667,347.7571428571428,80.4436578636009,197.42,233.44,153.34,290.64,332.7,368.79,54.05,56.12,49.99,83.79,38.75,74.81,1.32,1.49,0.83,29.18,75.73,87.03
2,5,2022,0,1,116.44,226.9,42.34,33.06,0.91,12.56,289,2022-05-02,0,5,122,0,0.0,1.0,0.49999999999999994,-0.8660254037844387,0.8638670987837349,-0.503719798736334,210.38,202.88142857142856,81.8778652279463,318.12333333333333,333.9857142857142,84.39722741440023,166.64,267.08,135.6,272.39,391.34,391.66,47.73,54.89,48.93,10.37,41.51,64.03,1.32,1.34,0.73,14.59,63.83,85.59
3,5,2022,1,2,155.22,214.71,37.56,11.29,0.94,9.7,286,2022-05-03,1,5,123,0,0.7818314824680297,0.6234898018587336,0.49999999999999994,-0.8660254037844387,0.8550745085896932,-0.5185051443911569,160.16666666666666,200.1442857142857,84.7710594989319,263.31,310.4485714285714,88.50649626412904,116.44,197.42,89.17,226.9,290.64,206.28,42.34,54.05,51.9,33.06,83.79,50.22,0.91,1.32,0.8,12.56,29.18,81.84
4,5,2022,0,3,147.9,352.92,21.57,26.81,0.93,42.71,324,2022-05-04,2,5,124,0,0.9749279121818236,-0.22252093395631434,0.49999999999999994,-0.8660254037844387,0.846028888091734,-0.5331370560318089,146.1,209.57999999999998,73.25351595657385,238.00000000000003,311.65285714285716,86.8955598624546,155.22,166.64,330.82,214.71,272.39,452.89,37.56,47.73,58.08,11.29,10.37,65.72,0.94,1.32,2.02,9.7,14.59,41.71
5,5,2022,0,4,122.14,400.61,4.82,27.5,0.92,43.68,365,2022-05-05,3,5,125,0,0.43388373911755823,-0.900968867902419,0.49999999999999994,-0.8660254037844387,0.8367329140344921,-0.5476112038402311,139.85333333333332,183.4485714285714,52.475056750349566,264.8433333333334,297.37142857142857,65.36100020363034,147.9,116.44,233.44,352.92,226.9,332.7,21.57,42.34,56.12,26.81,33.06,38.75,0.93,0.91,1.49,42.71,12.56,75.73
6,5,2022,0,5,223.23,399.48,4.64,26.72,1.5,43.44,364,2022-05-06,4,5,126,0,-0.433883739117558,-0.9009688679024191,0.49999999999999994,-0.8660254037844387,0.8271893372462497,-0.5619233046832195,141.75333333333336,167.54857142857142,51.65868349999264,322.7466666666667,307.0728571428571,75.70076259287463,122.14,155.22,267.08,400.61,214.71,391.34,4.82,37.56,54.89,27.5,11.29,41.51,0.92,0.94,1.34,43.68,9.7,63.83
7,5,2022,0,6,169.8,320.74,3.65,28.74,1.45,54.13,335,2022-05-07,5,5,127,1,-0.9749279121818236,-0.2225209339563146,0.49999999999999994,-0.8660254037844387,0.8174009818249189,-0.5760691233798758,164.42333333333332,161.28428571428572,38.58096415640915,384.33666666666676,308.2357142857143,77.2574654121184,223.23,147.9,197.42,399.48,352.92,290.64,4.64,21.57,54.05,26.72,26.81,83.79,1.5,0.93,1.32,43.44,42.71,29.18
8,5,2022,1,7,140.79,204.26,3.55,26.67,1.01,92.53,312,2022-05-08,6,5,128,1,-0.7818314824680299,0.6234898018587334,0.49999999999999994,-0.8660254037844387,0.8073707443023492,-0.5900444739548626,171.72333333333336,157.3385714285714,35.56377296658893,373.61000000000007,312.5357142857143,76.95194796259547,169.8,122.14,166.64,320.74,400.61,272.39,3.65,4.82,47.73,28.74,27.5,10.37,1.45,0.92,1.32,54.13,43.68,14.59
9,5,2022,0,1,103.11,152.61,2.81,26.07,0.84,86.57,267,2022-05-09,0,5,129,0,0.0,1.0,0.49999999999999994,-0.8660254037844387,0.7971015927871943,-0.6038452208771035,177.93999999999997,153.6457142857143,35.77841521417809,308.1600000000001,302.80285714285714,86.5818169352517,140.79,223.23,116.44,204.26,399.48,226.9,3.55,4.64,42.34,26.67,26.72,33.06,1.01,1.5,0.91,92.53,43.44,12.56
10,5,2022,0,2,104.13,156.94,2.49,21.87,0.88,51.9,244,2022-05-10,1,5,130,0,0.7818314824680297,0.6234898018587336,0.49999999999999994,-0.8660254037844387,0.7865965660866021,-0.6174672802835514,137.9,151.74142857142857,38.3509649720284,225.87000000000003,292.19,100.8188867888019,103.11,169.8,155.22,152.61,320.74,214.71,2.81,3.65,37.56,26.07,28.74,11.29,0.84,1.45,0.94,86.57,54.13,9.7
11,5,2022,0,3,93.53,152.07,2.44,11.04,0.88,47.43,200,2022-05-11,2,5,131,0,0.9749279121818236,-0.22252093395631434,0.49999999999999994,-0.8660254037844387,0.7758587728069828,-0.6309066211876704,116.00999999999999,144.44285714285712,42.24263790464433,171.27000000000007,283.9371428571429,110.1509056876495,104.13,140.79,147.9,156.94,204.26,352.92,2.49,3.55,21.57,21.87,26.67,26.81,0.88,1.01,0.93,51.9,92.53,42.71
12,5,2022,0,4,92.97,153.91,2.81,12.21,0.91,49.35,194,2022-05-12,3,5,132,0,0.43388373911755823,-0.900968867902419,0.49999999999999994,-0.8660254037844387,0.7648913904341226,-0.6441592666722685,100.25666666666666,136.67571428571426,46.30426613072278,153.87333333333336,255.24428571428572,115.2292501721592,93.53,103.11,122.14,152.07,152.61,400.61,2.44,2.81,4.82,11.04,26.07,27.5,0.88,0.84,0.92,47.43,86.57,43.68
13,5,2022,0,5,125.05,237.2,3.05,11.57,1.07,37.57,242,2022-05-13,4,5,133,0,-0.433883739117558,-0.9009688679024191,0.49999999999999994,-0.8660254037844387,0.753697664392914,-0.6572212950663319,96.87666666666667,132.50857142857143,49.06094387887126,154.3066666666667,220.00142857142856,100.09138681367992,92.97,104.13,223.23,153.91,156.94,399.48,2.81,2.49,4.64,12.21,21.87,26.72,0.91,0.88,1.5,49.35,51.9,43.44
14,5,2022,0,6,167.49,268.07,4.09,16.78,1.51,30.78,310,2022-05-14,5,5,134,1,-0.9749279121818236,-0.2225209339563146,0.49999999999999994,-0.8660254037844387,0.7422809070869821,-0.6700888411055113,103.84999999999998,118.48285714285713,28.54839558497526,181.06000000000003,196.81857142857143,63.810701147631825,125.05,93.53,169.8,237.2,152.07,320.74,3.05,2.44,3.65,11.57,11.04,28.74,1.07,0.88,1.45,37.57,47.43,54.13
15,5,2022,1,7,118.54,257.73,3.57,24.06,1.24,33.43,295,2022-05-15,6,5,135,1,-0.7818314824680299,0.6234898018587334,0.49999999999999994,-0.8660254037844387,0.7306444969184918,-0.6827580970759147,128.50333333333333,118.15285714285713,27.861424774699426,219.7266666666667,189.2942857142857,47.87966682463551,167.49,92.97,140.79,268.07,153.91,204.26,4.09,2.81,3.55,16.78,12.21,26.67,1.51,0.91,1.01,30.78,49.35,92.53
16,5,2022,1,1,128.94,324.32,2.59,16.86,0.76,35.91,265,2022-05-16,0,5,136,0,0.0,1.0,0.49999999999999994,-0.8660254037844387,0.7187918772884233,-0.6952253139408722,137.02666666666667,114.97428571428573,26.059356513636466,254.3333333333334,196.93285714285713,54.476011452836055,118.54,125.05,103.11,257.73,237.2,152.61,3.57,3.05,2.81,24.06,11.57,26.07,1.24,1.07,0.84,33.43,37.57,86.57
17,5,2022,0,2,99.59,220.11,2.16,12.65,0.79,63.21,206,2022-05-17,1,5,137,0,0.7818314824680297,0.6234898018587336,0.49999999999999994,-0.8660254037844387,0.7067265555776158,-0.7074868024503348,138.32333333333332,118.66428571428573,25.92780865990812,283.3733333333334,221.46285714285713,68.13801819696185,128.94,167.49,104.13,324.32,268.07,156.94,2.59,4.09,2.49,16.86,16.78,21.87,0.76,1.51,0.88,35.91,30.78,51.9
18,5,2022,0,3,128.52,227.35,2.51,14.74,0.93,58.41,296,2022-05-18,2,5,138,0,0.9749279121818236,-0.22252093395631434,0.49999999999999994,-0.8660254037844387,0.6944521021088763,-0.719538934232584,115.69,118.01571428571428,26.404374547376424,267.3866666666667,230.48714285714286,62.082343360595125,99.59,118.54,93.53,220.11,257.73,152.07,2.16,3.57,2.44,12.65,24.06,11.04,0.79,1.24,0.88,63.21,33.43,47.43
19,5,2022,0,4,142.69,263.31,3.84,48.0,1.01,43.31,265,2022-05-19,3,5,139,0,0.43388373911755823,-0.900968867902419,0.49999999999999994,-0.8660254037844387,0.6819721490904629,-0.7313781428679254,119.01666666666665,123.01428571428573,24.217885165819194,257.26000000000005,241.24142857142857,51.92352531321755,128.52,128.94,92.97,227.35,324.32,153.91,2.51,2.59,2.81,14.74,16.86,12.21,0.93,0.76,0.91,58.41,35.91,49.35
20,5,2022,0,5,140.77,251.6,4.89,78.6,0.96,25.7,288,2022-05-20,4,5,140,0,-0.433883739117558,-0.9009688679024191,0.49999999999999994,-0.8660254037844387,0.6692903895412567,-0.7430009249440493,123.59999999999998,130.11714285714285,21.017279965373703,236.9233333333334,256.87,34.94470059966102,142.69,99.59,125.05,263.31,220.11,237.2,3.84,2.16,3.05,48.0,12.65,11.57,1.01,0.79,1.07,43.31,63.21,37.57
21,5,2022,0,6,117.78,344.59,37.17,38.98,1.04,31.82,280,2022-05-21,5,5,141,1,-0.9749279121818236,-0.2225209339563146,0.49999999999999994,-0.8660254037844387,0.6564105761979381,-0.7544038410927472,137.32666666666665,132.36285714285714,21.224440090209644,247.42000000000004,258.9271428571429,34.00498429852313,140.77,128.52,167.49,251.6,227.35,268.07,4.89,2.51,4.09,78.6,14.74,16.78,0.96,0.93,1.51,25.7,58.41,30.78
22,5,2022,1,7,125.68,168.44,52.14,83.06,1.21,9.02,268,2022-05-22,6,5,142,1,-0.7818314824680299,0.6234898018587334,0.49999999999999994,-0.8660254037844387,0.6433365204044917,-0.765583517007675,133.74666666666667,125.26142857142857,14.880595226191629,286.50000000000006,269.85857142857145,47.18067062847154,117.78,142.69,118.54,344.59,263.31,257.73,37.17,3.84,3.57,38.98,48.0,24.06,1.04,1.01,1.24,31.82,43.31,33.43
23,5,2022,0,1,32.25,110.82,4.58,4.08,0.85,35.73,151,2022-05-23,0,5,143,0,0.0,1.0,0.49999999999999994,-0.8660254037844387,0.6300720909843687,-0.7765366444428655,128.07666666666668,126.28142857142858,14.584852220223448,254.8766666666667,257.10285714285715,61.040643212612636,125.68,140.77,128.94,168.44,251.6,324.32,52.14,4.89,2.59,83.06,78.6,16.86,1.21,0.96,0.76,9.02,25.7,35.91
24,5,2022,0,2,44.38,97.45,6.22,3.87,1.09,36.44,73,2022-05-24,1,5,144,0,0.7818314824680297,0.6234898018587336,0.49999999999999994,-0.8660254037844387,0.6166212130956382,-0.7872599821916922,91.90333333333332,112.46857142857142,38.243918657556,207.95000000000005,226.60285714285715,73.85181191961038,32.25,117.78,99.59,110.82,344.59,220.11,4.58,37.17,2.16,4.08,38.98,12.65,0.85,1.04,0.79,35.73,31.82,63.21
25,5,2022,0,3,91.29,183.36,9.19,4.57,1.2,34.18,202,2022-05-25,2,5,145,0,0.9749279121818236,-0.22252093395631434,0.49999999999999994,-0.8660254037844387,0.6029878670694714,-0.7977503570459932,67.43666666666665,104.58142857142857,46.206656601465575,125.57000000000006,209.07999999999998,88.70690540576122,44.38,125.68,128.52,97.45,168.44,227.35,6.22,52.14,2.51,3.87,83.06,14.74,1.09,1.21,0.93,36.44,9.02,58.41
26,5,2022,0,4,105.62,233.43,12.82,6.56,1.23,49.55,222,2022-05-26,3,5,146,0,0.43388373911755823,-0.900968867902419,0.49999999999999994,-0.8660254037844387,0.5891760872322963,-0.8080046647350754,55.97333333333333,99.26285714285713,45.12192213484379,130.5433333333334,202.79571428571427,88.75506574409205,91.29,32.25,142.69,183.36,110.82,263.31,9.19,4.58,3.84,4.57,4.08,48.0,1.2,0.85,1.01,34.18,35.73,43.31
27,5,2022,0,5,100.86,204.27,37.65,20.9,1.41,18.92,238,2022-05-27,4,5,147,0,-0.433883739117558,-0.9009688679024191,0.49999999999999994,-0.8660254037844387,0.5751899607119775,-0.8180198708443175,80.42999999999999,93.96714285714286,41.178699070549904,171.4133333333334,198.52714285714282,86.0365290083784,105.62,44.38,140.77,233.43,97.45,251.6,12.82,6.22,4.89,6.56,3.87,78.6,1.23,1.09,0.96,49.55,36.44,25.7
28,5,2022,0,6,81.46,210.55,37.16,20.91,1.27,17.39,178,2022-05-28,5,5,148,1,-0.9749279121818236,-0.2225209339563146,0.49999999999999994,-0.8660254037844387,0.5610336262283677,-0.8277930117131022,99.25666666666666,88.26571428571428,36.063766607286226,207.0200000000001,191.76571428571427,82.97583962759751,100.86,91.29,117.78,204.27,183.36,344.59,37.65,9.19,37.17,20.9,4.57,38.98,1.41,1.2,1.04,18.92,34.18,31.82
29,5,2022,1,7,82.9,207.85,37.04,18.58,1.21,29.13,196,2022-05-29,6,5,149,1,-0.7818314824680299,0.6234898018587334,0.49999999999999994,-0.8660254037844387,0.5467112728685939,-0.8373211953118121,95.97999999999998,83.07714285714285,33.641114088907784,216.0833333333334,172.61714285714285,51.21987300332004,81.46,105.62,125.68,210.55,233.43,168.44,37.16,12.82,52.14,20.91,6.56,83.06,1.27,1.23,1.21,17.39,49.55,9.02
30,5,2022,0,1,83.36,227.18,39.12,15.86,1.39,32.0,184,2022-05-30,0,5,150,0,0.0,1.0,0.49999999999999994,-0.8660254037844387,0.5322271388474397,-0.8466016020976267,88.40666666666665,76.96571428571428,28.02953314936733,207.55666666666676,178.24714285714285,52.8249936785883,82.9,100.86,32.25,207.85,204.27,110.82,37.04,37.65,4.58,18.58,20.9,4.08,1.21,1.41,0.85,29.13,18.92,35.73
31,5,2022,0,2,117.28,355.73,39.38,12.47,1.76,34.59,218,2022-05-31,1,5,151,0,0.7818314824680297,0.6234898018587336,0.49999999999999994,-0.8660254037844387,0.5175855102531889,-0.8556314858488706,82.57333333333332,84.26714285714286,19.925461696271324,215.1933333333334,194.87000000000003,45.92865663178075,83.36,81.46,44.38,227.18,210.55,97.45,39.12,37.16,6.22,15.86,20.91,3.87,1.39,1.27,1.09,32.0,17.39,36.44
1,6,2022,0,3,147.15,375.4,39.54,9.39,0.51,35.46,349,2022-06-01,2,6,152,0,0.9749279121818236,-0.22252093395631434,1.2246467991473532e-16,-1.0,0.5027907197793043,-0.8644081744776648,94.51333333333332,94.68142857142857,13.673619892056035,263.58666666666676,231.76714285714283,57.02651158723897,117.28,82.9,91.29,355.73,207.85,183.36,39.38,37.04,9.19,12.47,18.58,4.57,1.76,1.21,1.2,34.59,29.13,34.18
2,6,2022,0,4,104.49,251.95,38.95,8.54,0.48,42.6,229,2022-06-02,3,6,153,0,0.43388373911755823,-0.900968867902419,1.2246467991473532e-16,-1.0,0.4878471454423119,-0.8729290708206411,115.92999999999999,102.66142857142859,23.865923006505085,319.4366666666668,259.2014285714286,73.63287771744581,147.15,83.36,105.62,375.4,227.18,233.43,39.54,39.12,12.82,9.39,15.86,6.56,0.51,1.39,1.23,35.46,32.0,49.55
3,6,2022,0,5,126.27,278.88,37.3,10.35,0.62,63.19,305,2022-06-03,4,6,154,0,-0.433883739117558,-0.9009688679024191,1.2246467991473532e-16,-1.0,0.47275920928627757,-0.881191653407483,122.97333333333331,102.49999999999999,23.846389663847393,327.6933333333334,261.84714285714284,72.88143584258019,104.49,117.28,100.86,251.95,355.73,204.27,38.95,39.38,37.65,8.54,12.47,20.9,0.48,1.76,1.41,42.6,34.59,18.92
4,6,2022,0,6,106.85,264.14,37.23,15.24,0.79,55.16,255,2022-06-04,5,6,155,1,-0.9749279121818236,-0.2225209339563146,1.2246467991473532e-16,-1.0,0.4575313760742512,-0.8891934772070711,125.96999999999998,106.13000000000001,25.4361514384556,302.07666666666677,272.5057142857143,68.37394358894836,126.27,147.15,81.46,278.88,375.4,210.55,37.3,39.54,37.16,10.35,9.39,20.91,0.62,0.51,1.27,63.19,35.46,17.39
5,6,2022,1,7,84.94,288.22,36.51,20.08,0.79,41.25,244,2022-06-05,6,6,156,1,-0.7818314824680299,0.6234898018587334,1.2246467991473532e-16,-1.0,0.442168151967072,-0.8969321743510065,112.53666666666665,109.75714285714285,23.02825490152412,264.99000000000007,280.1614285714286,63.07559206448749,106.85,104.49,82.9,264.14,251.95,207.85,37.23,38.95,37.04,15.24,8.54,18.58,0.79,0.48,1.21,55.16,42.6,29.13
6,6,2022,0,1,62.83,215.0,35.87,14.24,0.62,57.98,195,2022-06-06,0,6,157,0,0.0,1.0,1.2246467991473532e-16,-1.0,0.42667408318992467,-0.9044054548343001,106.01999999999998,110.04857142857144,22.641382045988863,277.0800000000001,291.64285714285717,54.44326916288888,84.94,126.27,83.36,288.22,278.88,227.18,36.51,37.3,39.12,20.08,10.35,15.86,0.79,0.62,1.39,41.25,63.19,32.0
7,6,2022,0,2,112.22,387.31,36.4,12.91,0.73,47.03,262,2022-06-07,1,6,158,0,0.7818314824680297,0.6234898018587336,1.2246467991473532e-16,-1.0,0.4110537546870351,-0.9116111071930239,84.87333333333332,107.11571428571428,27.48604243195945,255.78666666666678,289.90285714285716,56.98229511999994,62.83,106.85,117.28,215.0,264.14,355.73,35.87,37.23,39.38,14.24,15.24,12.47,0.62,0.79,1.76,57.98,55.16,34.59
8,6,2022,0,3,102.8,384.86,36.17,13.97,0.45,47.0,341,2022-06-08,2,6,159,0,0.9749279121818236,-0.22252093395631434,1.2246467991473532e-16,-1.0,0.3953117887649151,-0.9185469991587165,86.66333333333331,106.39285714285714,27.23961130063296,296.8433333333334,294.4142857142857,63.893608928473185,112.22,84.94,147.15,387.31,288.22,375.4,36.4,36.51,39.54,12.91,20.08,9.39,0.73,0.79,0.51,47.03,41.25,35.46
9,6,2022,0,4,85.3,288.97,36.21,12.6,0.54,46.57,237,2022-06-09,3,6,160,0,0.43388373911755823,-0.900968867902419,1.2246467991473532e-16,-1.0,0.37945284372454435,-0.925211078289358,92.61666666666666,100.05714285714284,20.50509506950827,329.0566666666668,295.7657142857143,65.95871988275194,102.8,62.83,104.49,384.86,215.0,251.95,36.17,35.87,38.95,13.97,14.24,8.54,0.45,0.62,0.48,47.0,57.98,42.6
10,6,2022,0,5,103.64,341.46,12.01,7.56,0.66,41.17,293,2022-06-10,4,6,161,0,-0.433883739117558,-0.9009688679024191,1.2246467991473532e-16,-1.0,0.36348161248290634,-0.9316013725767187,100.10666666666667,97.3157142857143,21.088182201685328,353.7133333333334,301.05428571428575,63.290202469034085,85.3,112.22,126.27,288.97,387.31,278.88,36.21,36.4,37.3,12.6,12.91,10.35,0.54,0.73,0.62,46.57,47.03,63.19
11,6,2022,0,6,101.12,327.41,8.82,6.24,0.65,41.66,276,2022-06-11,5,6,162,1,-0.9749279121818236,-0.2225209339563146,1.2246467991473532e-16,-1.0,0.3474028211842774,-0.9377159910299093,97.24666666666666,94.08285714285715,17.304888244161162,338.4300000000001,309.9942857142857,64.05122425505478,103.64,102.8,106.85,341.46,384.86,264.14,12.01,36.17,37.23,7.56,13.97,15.24,0.66,0.45,0.79,41.17,47.0,55.16
12,6,2022,1,7,105.02,302.97,11.21,6.31,0.66,48.77,284,2022-06-12,6,6,163,1,-0.7818314824680299,0.6234898018587334,1.2246467991473532e-16,-1.0,0.3312212278016865,-0.9435531242349544,96.68666666666665,93.26428571428572,16.726157017422707,319.28000000000014,319.03285714285715,60.88811753653365,101.12,85.3,84.94,327.41,288.97,288.22,8.82,36.21,36.51,6.24,12.6,20.08,0.65,0.54,0.79,41.66,46.57,41.25
13,6,2022,0,1,63.16,253.31,6.5,3.75,0.52,50.69,208,2022-06-13,0,6,164,0,0.0,1.0,1.2246467991473532e-16,-1.0,0.31494162072895193,-0.9491110448902284,103.25999999999999,96.13285714285713,16.782372413028302,323.9466666666668,321.14,59.8911234380066,105.02,103.64,62.83,302.97,341.46,215.0,11.21,12.01,35.87,6.31,7.56,14.24,0.66,0.66,0.62,48.77,41.17,57.98
14,6,2022,0,2,88.37,260.65,4.52,3.26,0.56,44.86,221,2022-06-14,1,6,165,0,0.7818314824680297,0.6234898018587336,1.2246467991473532e-16,-1.0,0.2985688173637202,-0.9543881083175908,89.76666666666665,96.17999999999999,16.673339997334555,294.56333333333345,326.61285714285714,49.40854201258519,63.16,101.12,112.22,253.31,327.41,387.31,6.5,8.82,36.4,3.75,6.24,12.91,0.52,0.65,0.73,50.69,41.66,47.03
15,6,2022,0,3,61.31,150.81,4.11,3.09,0.54,43.6,157,2022-06-15,2,6,166,0,0.9749279121818236,-0.22252093395631434,1.2246467991473532e-16,-1.0,0.28210766268191934,-0.9593827529490743,85.51666666666665,92.77285714285713,15.223095079830983,272.31000000000006,308.5185714285714,46.58747558037752,88.37,105.02,102.8,260.65,302.97,384.86,4.52,11.21,36.17,3.26,6.31,13.97,0.56,0.66,0.45,44.86,48.77,47.0
16,6,2022,0,4,50.55,138.34,6.43,3.18,0.57,52.7,135,2022-06-16,3,6,167,0,0.43388373911755823,-0.900968867902419,1.2246467991473532e-16,-1.0,0.26556302780405594,-0.9640935007889755,70.94666666666666,86.84571428571428,18.411528867482655,221.59000000000006,275.0828571428571,63.561922751042154,61.31,63.16,85.3,150.81,253.31,288.97,4.11,6.5,36.21,3.09,3.75,12.6,0.54,0.52,0.54,43.6,50.69,46.57
17,6,2022,0,5,35.52,68.63,7.94,3.67,0.64,48.16,81,2022-06-17,4,6,168,0,-0.433883739117558,-0.9009688679024191,1.2246467991473532e-16,-1.0,0.24893980855376655,-0.9685189578512204,66.74333333333333,81.88142857142857,23.008647235748146,183.26666666666674,253.56428571428572,81.14300336589744,50.55,88.37,103.64,138.34,260.65,341.46,6.43,4.52,12.01,3.18,3.26,7.56,0.57,0.56,0.66,52.7,44.86,41.17
18,6,2022,0,6,35.85,54.19,4.97,3.9,0.6,46.59,65,2022-06-18,5,6,169,1,-0.9749279121818236,-0.2225209339563146,1.2246467991473532e-16,-1.0,0.23224292400907015,-0.9726578145718654,49.12666666666666,72.15,26.424195982723656,119.26000000000006,214.58857142857144,96.04374982762998,35.52,61.31,101.12,68.63,150.81,327.41,7.94,4.11,8.82,3.67,3.09,6.24,0.64,0.54,0.65,48.16,43.6,41.66
19,6,2022,1,7,62.71,100.85,6.37,7.44,0.63,32.19,130,2022-06-19,6,6,170,1,-0.7818314824680299,0.6234898018587334,1.2246467991473532e-16,-1.0,0.21547731504673012,-0.976508846196619,40.63999999999999,62.825714285714284,26.01045229463507,87.0533333333334,175.55714285714288,98.04868802696728,35.85,50.55,105.02,54.19,138.34,302.97,4.97,6.43,11.21,3.9,3.18,6.31,0.6,0.57,0.66,46.59,52.7,48.77
20,6,2022,0,1,136.01,170.0,8.6,9.96,0.8,41.6,208,2022-06-20,0,6,171,0,0.0,1.0,1.2246467991473532e-16,-1.0,0.1986479428801711,-0.9800709131432666,44.69333333333333,56.78142857142858,18.362932253658204,74.55666666666674,146.68285714285713,82.85763065127388,62.71,35.52,63.16,100.85,68.63,253.31,6.37,7.94,6.5,7.44,3.67,3.75,0.63,0.64,0.52,32.19,48.16,50.69
21,6,2022,0,2,52.93,110.84,12.48,12.26,0.84,38.12,120,2022-06-21,1,6,172,0,0.7818314824680297,0.6234898018587336,1.2246467991473532e-16,-1.0,0.18175978759137534,-0.9833429613388902,78.18999999999998,67.18857142857142,35.35888310291731,108.34666666666674,134.78142857142856,69.97041670796159,136.01,35.85,88.37,170.0,54.19,260.65,8.6,4.97,4.52,9.96,3.9,3.26,0.8,0.6,0.56,41.6,46.59,44.86
22,6,2022,0,3,71.71,156.6,7.64,12.35,0.68,58.39,138,2022-06-22,2,6,173,0,0.9749279121818236,-0.22252093395631434,1.2246467991473532e-16,-1.0,0.16481784665719793,-0.9863240225317866,83.88333333333333,62.12571428571429,34.343194307433805,127.23000000000008,113.38,42.62100812197469,52.93,62.71,61.31,110.84,100.85,150.81,12.48,6.37,4.11,12.26,7.44,3.09,0.84,0.63,0.54,38.12,32.19,43.6
23,6,2022,0,4,78.02,173.61,8.48,12.03,0.54,72.84,148,2022-06-23,3,6,174,0,0.43388373911755823,-0.900968867902419,1.2246467991473532e-16,-1.0,0.14782713347053048,-0.9890132145779883,86.88333333333333,63.61142857142857,34.526491485318516,145.81333333333342,114.20714285714287,43.51527766746167,71.71,136.01,50.55,156.6,170.0,138.34,7.64,8.6,6.43,12.35,9.96,3.18,0.68,0.8,0.57,58.39,41.6,52.7
24,6,2022,0,5,102.07,214.06,11.38,11.85,0.59,68.63,210,2022-06-24,4,6,175,0,-0.433883739117558,-0.9009688679024191,1.2246467991473532e-16,-1.0,0.1307926758567592,-0.9914097417023038,67.55333333333333,67.53571428571429,34.35519749962372,147.01666666666677,119.24571428571429,48.528463419985336,78.02,52.93,35.52,173.61,110.84,68.63,8.48,12.48,7.94,12.03,12.26,3.67,0.54,0.84,0.64,72.84,38.12,48.16
25,6,2022,0,6,103.97,228.02,16.02,11.84,0.97,80.12,199,2022-06-25,5,6,176,1,-0.9749279121818236,-0.2225209339563146,1.2246467991473532e-16,-1.0,0.11371951458594969,-0.9935128947338007,83.93333333333332,77.04285714285713,33.20790102485017,181.4233333333334,140.02142857142857,54.062397106976775,102.07,71.71,35.85,214.06,156.6,54.19,11.38,7.64,4.97,11.85,12.35,3.9,0.59,0.68,0.6,68.63,58.39,46.59
26,6,2022,1,7,99.65,181.98,6.79,11.82,0.84,45.85,206,2022-06-26,6,6,177,1,-0.7818314824680299,0.6234898018587334,1.2246467991473532e-16,-1.0,0.0966127018812031,-0.9953220513156602,94.68666666666665,86.77428571428571,28.815223902851788,205.2300000000001,164.8542857142857,47.60335347330906,103.97,78.02,62.71,228.02,173.61,100.85,16.02,8.48,6.37,11.84,12.03,7.44,0.97,0.54,0.63,80.12,72.84,32.19
27,6,2022,0,1,66.11,126.56,4.66,11.89,0.72,41.55,118,2022-06-27,0,6,178,0,0.0,1.0,1.2246467991473532e-16,-1.0,0.07947729992362097,-0.9968366760893436,101.89666666666666,92.05142857142857,26.99894839222012,208.02000000000007,176.44428571428574,38.4120648829435,99.65,102.07,136.01,181.98,214.06,170.0,6.79,11.38,8.6,11.82,11.85,9.96,0.84,0.59,0.8,45.85,68.63,41.6
28,6,2022,0,2,77.03,228.05,5.51,13.87,0.81,41.37,160,2022-06-28,1,6,179,0,0.7818314824680297,0.6234898018587336,1.2246467991473532e-16,-1.0,0.06231837935432508,-0.998056320853012,89.91000000000001,82.0657142857143,20.067633855825715,178.85333333333344,170.23857142857145,42.87628965157495,66.11,103.97,52.93,126.56,228.02,110.84,4.66,16.02,12.48,11.89,11.84,12.26,0.72,0.97,0.84,41.55,80.12,38.12
29,6,2022,0,3,67.12,190.51,5.14,18.01,0.74,34.99,162,2022-06-29,2,6,180,0,0.9749279121818236,-0.22252093395631434,1.2246467991473532e-16,-1.0,0.045141017773971934,-0.9989806246941579,80.92999999999999,85.50857142857144,15.86271984725299,178.86333333333343,186.98285714285717,38.47429995650185,77.03,99.65,71.71,228.05,181.98,156.6,5.51,6.79,7.64,13.87,11.82,12.35,0.81,0.84,0.68,41.37,45.85,58.39
30,6,2022,0,4,62.73,71.57,22.54,17.54,0.75,21.31,154,2022-06-30,3,6,181,0,0.43388373911755823,-0.900968867902419,1.2246467991473532e-16,-1.0,0.02795029824021032,-0.999609314096404,70.08666666666666,84.85285714285715,16.605644335874985,181.70666666666673,191.82714285714286,36.07095679088011,67.12,66.11,78.02,190.51,126.56,173.61,5.14,4.66,8.48,18.01,11.89,12.03,0.74,0.72,0.54,34.99,41.55,72.84
1,7,2022,0,5,38.9,56.38,31.54,13.72,0.74,18.94,64,2022-07-01,4,7,182,0,-0.433883739117558,-0.9009688679024191,-0.4999999999999998,-0.8660254037844388,0.010751307763521931,-0.9999422030204416,68.96,82.66857142857144,18.546426815403052,163.37666666666675,177.25,58.37971679730354,62.73,77.03,102.07,71.57,228.05,214.06,22.54,5.51,11.38,17.54,13.87,11.85,0.75,0.81,0.59,21.31,41.37,68.63
2,7,2022,0,6,47.15,151.33,33.4,13.6,0.81,28.61,92,2022-07-02,5,7,183,1,-0.9749279121818236,-0.2225209339563146,-0.4999999999999998,-0.8660254037844388,-0.006450864198105151,-0.9999791929590823,56.24999999999999,73.64428571428572,22.483430830387476,106.1533333333334,154.7242857142857,70.88943759055236,38.9,67.12,103.97,56.38,190.51,228.02,31.54,5.14,16.02,13.72,18.01,11.84,0.74,0.74,0.97,18.94,34.99,80.12
3,7,2022,1,7,32.42,49.3,42.1,13.48,0.66,25.44,84,2022-07-03,6,7,184,1,-0.7818314824680299,0.6234898018587334,-0.4999999999999998,-0.8660254037844388,-0.02365112724523159,-0.9997202729664083,49.59333333333333,65.52714285714286,19.80786940779469,93.0933333333334,143.76857142857142,63.18087775811429,47.15,62.73,99.65,151.33,71.57,181.98,33.4,22.54,6.79,13.6,17.54,11.82,0.81,0.75,0.84,28.61,21.31,45.85
4,7,2022,0,1,87.32,133.14,40.7,13.47,1.1,34.59,101,2022-07-04,0,7,185,0,0.0,1.0,-0.4999999999999998,-0.8660254037844388,-0.04084439154329611,-0.9991655196610109,39.48999999999999,55.92285714285715,16.53343855573459,85.67000000000007,124.81428571428572,69.40254915038435,32.42,38.9,66.11,49.3,56.38,126.56,42.1,31.54,4.66,13.48,13.72,11.89,0.66,0.74,0.72,25.44,18.94,41.55
5,7,2022,0,2,94.56,136.46,21.96,18.32,0.83,24.06,133,2022-07-05,1,7,186,0,0.7818314824680297,0.6234898018587336,-0.4999999999999998,-0.8660254037844388,-0.05802556932878034,-0.9983150972033183,55.62999999999999,58.952857142857134,20.239663793557696,111.25666666666673,125.75428571428571,69.47465697579835,87.32,47.15,77.03,133.14,151.33,228.05,40.7,33.4,5.51,13.47,13.6,13.87,1.1,0.81,0.81,34.59,28.61,41.37
6,7,2022,0,3,42.9,104.18,22.61,22.07,0.45,30.51,100,2022-07-06,2,7,187,0,0.9749279121818236,-0.22252093395631434,-0.4999999999999998,-0.8660254037844388,-0.07518957641475855,-0.9971692572470178,71.43333333333332,61.45714285714286,23.646879085330685,106.30000000000007,112.66999999999999,53.87048851953574,94.56,32.42,67.12,136.46,49.3,190.51,21.96,42.1,5.14,18.32,13.48,18.01,0.83,0.66,0.74,24.06,25.44,34.99
7,7,2022,0,4,38.57,93.44,21.76,24.26,0.44,26.74,97,2022-07-07,3,7,188,0,0.43388373911755823,-0.900968867902419,-0.4999999999999998,-0.8660254037844388,-0.09233133369539122,-0.9957283388645872,74.92666666666666,57.99714285714286,24.43886161716452,124.5933333333334,100.33714285714287,41.554173763209015,42.9,87.32,62.73,104.18,133.14,71.57,22.61,40.7,22.54,22.07,13.47,17.54,0.45,1.1,0.75,30.51,34.59,21.31
8,7,2022,0,5,51.56,106.14,20.69,23.89,0.52,29.9,89,2022-07-08,4,7,189,0,-0.433883739117558,-0.9009688679024191,-0.4999999999999998,-0.8660254037844388,-0.10944576864891556,-0.993992768446958,58.676666666666655,54.54571428571428,25.348159602585675,111.36000000000007,103.46142857142856,39.81664242858534,38.57,94.56,38.9,93.44,136.46,56.38,21.76,21.96,31.54,24.26,18.32,13.72,0.44,0.83,0.74,26.74,24.06,18.94
9,7,2022,1,6,52.38,97.13,18.85,23.84,0.5,28.91,111,2022-07-09,5,7,190,1,-0.9749279121818236,-0.2225209339563146,-0.4999999999999998,-0.8660254037844388,-0.12652781683868314,-0.9919630595773397,44.34333333333333,56.35428571428571,24.48266315657175,101.2533333333334,110.56999999999998,34.03180228355188,51.56,42.9,47.15,106.14,104.18,151.33,20.69,22.61,33.4,23.89,22.07,13.6,0.52,0.45,0.81,29.9,30.51,28.61
10,7,2022,1,7,40.21,67.27,19.08,23.81,0.38,34.17,66,2022-07-10,6,7,191,1,-0.7818314824680299,0.6234898018587334,-0.4999999999999998,-0.8660254037844388,-0.1435724234118113,-0.9896398128792412,47.50333333333332,57.10142857142857,24.233493645897916,98.9033333333334,102.82714285714285,29.007397168244847,52.38,38.57,32.42,97.13,93.44,49.3,18.85,21.76,42.1,23.84,24.26,13.48,0.5,0.44,0.66,28.91,26.74,25.44
11,7,2022,0,1,60.93,88.99,18.97,23.95,0.78,56.99,98,2022-07-11,0,7,192,0,0.0,1.0,-0.4999999999999998,-0.8660254037844388,-0.16057454459499376,-0.9870237158387383,48.04999999999999,58.214285714285715,23.06169830197873,90.18000000000006,105.39428571428572,23.810356190214122,40.21,51.56,87.32,67.27,106.14,133.14,19.08,20.69,40.7,23.81,23.89,13.47,0.38,0.52,1.1,34.17,29.9,34.59
12,7,2022,0,2,37.22,76.49,18.98,24.0,0.71,66.51,84,2022-07-12,1,7,193,0,0.7818314824680297,0.6234898018587336,-0.4999999999999998,-0.8660254037844388,-0.177529149187035,-0.984115542601034,51.173333333333325,54.44428571428572,19.37263435634976,84.46333333333341,99.08714285714287,20.90619502626681,60.93,52.38,94.56,88.99,97.13,136.46,18.97,18.85,21.96,23.95,23.84,18.32,0.78,0.5,0.83,56.99,28.91,24.06
13,7,2022,0,3,34.87,62.48,19.05,23.67,0.48,79.27,82,2022-07-13,2,7,194,0,0.9749279121818236,-0.22252093395631434,-0.4999999999999998,-0.8660254037844388,-0.19443122004766197,-0.9809161537413774,46.12,46.25285714285714,8.84592884568492,77.5833333333334,90.52,14.274352291205894,37.22,40.21,42.9,76.49,67.27,104.18,18.98,19.08,22.61,24.0,23.81,22.07,0.71,0.38,0.45,66.51,34.17,30.51
14,7,2022,0,4,42.52,91.78,19.02,23.75,0.46,79.59,88,2022-07-14,3,7,195,0,0.43388373911755823,-0.900968867902419,-0.4999999999999998,-0.8660254037844388,-0.2112757555821793,-0.9774264960104055,44.339999999999996,45.105714285714285,9.82020851296748,75.98666666666672,84.56285714285714,16.195554651703606,34.87,60.93,38.57,62.48,88.99,93.44,19.05,18.97,21.76,23.67,23.95,24.26,0.48,0.78,0.44,79.27,56.99,26.74
15,7,2022,0,5,29.55,72.71,19.03,23.78,0.38,84.39,92,2022-07-15,4,7,196,0,-0.433883739117558,-0.9009688679024191,-0.4999999999999998,-0.8660254037844388,-0.22805777122151982,-0.9736476020539838,38.20333333333332,45.67,9.489998243768554,76.91666666666673,84.32571428571428,16.055454791800717,42.52,37.22,51.56,91.78,76.49,106.14,19.02,18.98,20.69,23.75,24.0,23.89,0.46,0.71,0.52,79.59,66.51,29.9
16,7,2022,0,6,33.54,56.96,19.12,23.66,0.46,77.79,87,2022-07-16,5,7,197,1,-0.9749279121818236,-0.2225209339563146,-0.4999999999999998,-0.8660254037844388,-0.2447723008972596,-0.9695805901076308,35.646666666666654,42.52571428571429,10.772781839965617,75.65666666666674,79.54999999999998,13.20401075431753,29.55,34.87,52.38,72.71,62.48,97.13,19.03,19.05,18.85,23.78,23.67,23.84,0.38,0.48,0.5,84.39,79.27,28.91
17,7,2022,1,7,48.54,43.11,19.08,23.53,0.37,84.03,96,2022-07-17,6,7,198,1,-0.7818314824680299,0.6234898018587334,-0.4999999999999998,-0.8660254037844388,-0.2614143985111562,-0.965226663665613,35.203333333333326,39.83428571428572,10.240821674626197,73.81666666666673,73.81142857142856,13.017991945221551,33.54,42.52,40.21,56.96,91.78,67.27,19.12,19.02,19.08,23.66,23.75,23.81,0.46,0.46,0.38,77.79,79.59,34.17
18,7,2022,0,1,52.62,134.4,18.95,23.45,0.5,83.72,140,2022-07-18,0,7,199,0,0.0,1.0,-0.4999999999999998,-0.8660254037844388,-0.2779791393987801,-0.9605871111248129,37.20999999999999,41.02428571428572,10.762451482112555,57.5933333333334,70.36,17.479557584031575,48.54,29.55,60.93,43.11,72.71,88.99,19.08,19.03,18.97,23.53,23.78,23.95,0.37,0.38,0.78,84.03,84.39,56.99
19,7,2022,0,2,41.44,124.01,18.95,23.48,0.74,76.73,124,2022-07-19,1,7,200,0,0.7818314824680297,0.6234898018587336,-0.4999999999999998,-0.8660254037844388,-0.29446162178680124,-0.9556633054034704,44.899999999999984,39.83714285714286,8.399803002229016,78.15666666666674,76.84714285714286,29.70037357469307,52.62,33.54,37.22,134.4,56.96,76.49,18.95,19.12,18.98,23.45,23.66,24.0,0.5,0.46,0.71,83.72,77.79,66.51
20,7,2022,0,3,42.94,66.84,8.02,25.01,0.49,61.01,86,2022-07-20,2,7,201,0,0.9749279121818236,-0.22252093395631434,-0.4999999999999998,-0.8660254037844388,-0.3108569682435036,-0.9504567035349151,47.533333333333324,40.44,8.33182453008133,100.50666666666673,83.63571428571427,34.627271938529766,41.44,48.54,34.87,124.01,43.11,62.48,18.95,19.08,19.05,23.48,23.53,23.67,0.74,0.37,0.48,76.73,84.03,79.27
21,7,2022,0,4,60.22,72.24,6.33,25.87,0.5,55.24,53,2022-07-21,3,7,202,0,0.43388373911755823,-0.900968867902419,-0.4999999999999998,-0.8660254037844388,-0.3271603271220951,-0.9449688462364056,45.66666666666666,41.59285714285714,7.983705727475293,108.41666666666674,84.25857142857141,34.22013024939915,42.94,52.62,42.52,66.84,134.4,91.78,8.02,18.95,19.02,25.01,23.45,23.75,0.49,0.5,0.46,61.01,83.72,79.59
22,7,2022,0,5,67.42,116.78,7.24,25.99,0.73,49.48,171,2022-07-22,4,7,203,0,-0.433883739117558,-0.9009688679024191,-0.4999999999999998,-0.8660254037844388,-0.34336687399638804,-0.939201357453208,48.19999999999999,44.121428571428574,10.675458504709683,87.69666666666676,81.46714285714286,34.301199062758556,60.22,41.44,29.55,72.24,124.01,72.71,6.33,18.95,19.03,25.87,23.48,23.78,0.5,0.74,0.38,55.24,76.73,84.39
23,7,2022,0,6,33.67,65.68,4.26,26.22,0.46,50.4,71,2022-07-23,5,7,204,1,-0.9749279121818236,-0.2225209339563146,-0.4999999999999998,-0.8660254037844388,-0.3594718130884232,-0.9331559438780432,56.859999999999985,49.53142857142857,11.614736944321079,85.28666666666675,87.76285714285714,36.40579565320585,67.42,42.94,33.54,116.78,66.84,56.96,7.24,8.02,19.12,25.99,25.01,23.66,0.73,0.49,0.46,49.48,61.01,77.79
24,7,2022,1,7,26.14,49.86,4.25,26.09,0.39,51.79,59,2022-07-24,6,7,205,1,-0.7818314824680299,0.6234898018587334,-0.4999999999999998,-0.8660254037844388,-0.3754703786876202,-0.9268343944460494,53.76999999999998,49.55,11.584971586789901,84.90000000000008,89.00857142857141,35.308794196618656,33.67,60.22,48.54,65.68,72.24,43.11,4.26,6.33,19.08,26.22,25.87,23.53,0.46,0.5,0.37,50.4,55.24,84.03
25,7,2022,0,1,25.0,50.31,3.51,26.16,0.35,54.92,56,2022-07-25,0,7,206,0,0.0,1.0,-0.4999999999999998,-0.8660254037844388,-0.39135783656102596,-0.9202385798054075,42.40999999999999,46.35,14.609342901036426,77.44000000000007,89.97285714285715,33.910884542817705,26.14,67.42,52.62,49.86,116.78,134.4,4.25,7.24,18.95,26.09,25.99,23.45,0.39,0.73,0.5,51.79,49.48,83.72
26,7,2022,0,2,30.88,61.12,4.88,27.22,0.41,53.01,60,2022-07-26,1,7,207,0,0.7818314824680297,0.6234898018587336,-0.4999999999999998,-0.8660254037844388,-0.4071294853542516,-0.9133704517637858,28.269999999999985,42.40428571428571,16.269226428183146,55.28333333333342,77.96000000000001,30.245932508908826,25.0,33.67,41.44,50.31,65.68,124.01,3.51,4.26,18.95,26.16,26.22,23.48,0.35,0.46,0.74,54.92,50.4,76.73
27,7,2022,0,3,28.34,57.78,6.74,27.33,0.42,52.63,55,2022-07-27,2,7,208,0,0.9749279121818236,-0.22252093395631434,-0.4999999999999998,-0.8660254037844388,-0.4227806579826773,-0.9062320427107697,27.339999999999986,40.895714285714284,16.852671259224554,53.76333333333341,68.97571428571429,22.68207798912845,30.88,26.14,42.94,61.12,49.86,66.84,4.88,4.25,8.02,27.22,26.09,25.01,0.41,0.39,0.49,53.01,51.79,61.01
28,7,2022,0,4,25.7,42.09,7.07,26.85,0.4,49.0,52,2022-07-28,3,7,209,0,0.43388373911755823,-0.900968867902419,-0.4999999999999998,-0.8660254037844388,-0.4383067230125192,-0.898825465016444,28.07333333333332,38.81,17.450361027785792,56.403333333333414,67.68142857142858,23.079270950772955,28.34,25.0,60.22,57.78,50.31,72.24,6.74,3.51,6.33,27.33,26.16,25.87,0.42,0.35,0.5,52.63,54.92,55.24
29,7,2022,0,5,27.48,43.14,5.64,27.14,0.36,46.41,47,2022-07-29,4,7,210,0,-0.433883739117558,-0.9009688679024191,-0.4999999999999998,-0.8660254037844388,-0.45370308603134424,-0.8911529104063088,28.306666666666654,33.878571428571426,15.112586838541155,53.66333333333341,63.37428571428571,24.833434355821808,25.7,30.88,67.42,42.09,61.12,116.78,7.07,4.88,7.24,26.85,27.22,25.99,0.4,0.41,0.73,49.0,53.01,49.48
30,7,2022,0,6,28.74,37.9,5.5,26.74,0.53,48.02,47,2022-07-30,5,7,211,1,-0.9749279121818236,-0.2225209339563146,-0.4999999999999998,-0.8660254037844388,-0.46896519100763184,-0.8832166493127127,27.173333333333318,28.172857142857143,3.119020755983883,47.67000000000007,52.854285714285716,8.969949567207982,27.48,28.34,33.67,43.14,57.78,65.68,5.64,6.74,4.26,27.14,27.33,26.22,0.36,0.42,0.46,46.41,52.63,50.4
31,7,2022,1,7,29.61,39.32,5.83,26.22,0.39,53.42,50,2022-07-31,6,7,212,1,-0.7818314824680299,0.6234898018587334,-0.4999999999999998,-0.8660254037844388,-0.4840885216389759,-0.8750190302029955,27.306666666666654,27.46857142857143,2.041269446312494,41.04333333333341,48.885714285714286,8.481791982727383,28.74,25.7,26.14,37.9,42.09,49.86,5.5,7.07,4.25,26.74,26.85,26.09,0.53,0.4,0.39,48.02,49.0,51.79
1,8,2022,0,1,27.42,62.78,4.95,26.26,0.41,47.76,48,2022-08-01,0,8,213,0,0.0,1.0,-0.8660254037844384,-0.5000000000000004,-0.4990686026885319,-0.8665624788845385,28.609999999999985,27.96428571428571,2.085712165703379,40.12000000000007,47.38,9.186295952858154,29.61,27.48,25.0,39.32,43.14,50.31,5.83,5.64,3.51,26.22,27.14,26.16,0.39,0.36,0.35,53.42,46.41,54.92
2,8,2022,0,2,36.22,385.15,9.02,26.32,0.45,53.86,216,2022-08-02,1,8,214,0,0.7818314824680297,0.6234898018587336,-0.8660254037844384,-0.5000000000000004,-0.5139010013093104,-0.8578494977869301,28.589999999999986,28.310000000000002,1.672014752746246,46.66666666666674,49.16142857142857,10.898691708298937,27.42,28.74,30.88,62.78,37.9,61.12,4.95,5.5,4.88,26.26,26.74,27.22,0.41,0.53,0.41,47.76,48.02,53.01
3,8,2022,0,3,45.03,139.59,10.27,26.28,0.73,52.95,125,2022-08-03,2,8,215,0,0.9749279121818236,-0.22252093395631434,-0.8660254037844384,-0.5000000000000004,-0.5285813283559292,-0.8488826652214553,31.083333333333318,29.072857142857142,3.3828819778789274,162.41666666666674,95.45142857142856,128.10064590372875,36.22,29.61,28.34,385.15,39.32,57.78,9.02,5.83,6.74,26.32,26.22,27.33,0.45,0.39,0.42,53.86,53.42,52.63
4,8,2022,0,4,34.65,89.03,9.78,26.41,0.77,52.75,99,2022-08-04,3,8,216,0,0.43388373911755823,-0.900968867902419,-0.8660254037844384,-0.5000000000000004,-0.5431052396834317,-0.8396646346181327,36.22333333333332,31.45714285714286,6.867349596187561,195.84000000000006,107.13857142857144,127.82253627961106,45.03,27.42,25.7,139.59,62.78,42.09,10.27,4.95,7.07,26.28,26.26,26.85,0.73,0.41,0.4,52.95,47.76,49.0
5,8,2022,0,5,29.54,65.32,9.32,26.35,0.69,49.97,56,2022-08-05,4,8,217,0,-0.433883739117558,-0.9009688679024191,-0.8660254037844384,-0.5000000000000004,-0.5574684374327892,-0.8301981337405212,38.63333333333332,32.73571428571429,6.436476409612267,204.59000000000006,113.8442857142857,125.04228762797885,34.65,36.22,27.48,89.03,385.15,43.14,9.78,9.02,5.64,26.41,26.32,27.14,0.77,0.45,0.36,52.75,53.86,46.41
6,8,2022,0,6,37.25,88.15,6.57,26.54,0.7,54.73,88,2022-08-06,5,8,218,1,-0.9749279121818236,-0.2225209339563146,-0.8660254037844384,-0.5000000000000004,-0.5716666713027052,-0.8204859638785327,36.40666666666665,33.03,6.198833223551018,97.98000000000008,117.01285714285713,123.21977218426818,29.54,45.03,28.74,65.32,139.59,37.9,9.32,10.27,5.5,26.35,26.28,26.74,0.69,0.73,0.53,49.97,52.95,48.02
7,8,2022,1,7,60.79,90.78,8.42,26.59,0.89,47.05,127,2022-08-07,6,8,219,1,-0.7818314824680299,0.6234898018587334,-0.8660254037844384,-0.5000000000000004,-0.5856957398073508,-0.8105309990194823,33.81333333333332,34.245714285714286,6.0499555291612,80.83333333333341,124.19142857142857,119.24217003344832,37.25,34.65,29.61,88.15,89.03,39.32,6.57,9.78,5.83,26.54,26.41,26.22,0.7,0.77,0.39,54.73,52.75,53.42
8,8,2022,0,1,48.58,93.31,8.18,26.75,0.84,61.47,68,2022-08-08,0,8,220,0,0.0,1.0,-0.8660254037844384,-0.5000000000000004,-0.5995514915196489,-0.8003361849976323,42.52666666666665,38.7,11.28299901031334,81.41666666666674,131.54285714285714,114.63494983559598,60.79,29.54,27.42,90.78,65.32,62.78,8.42,9.32,4.95,26.59,26.35,26.26,0.89,0.69,0.41,47.05,49.97,47.76
9,8,2022,1,2,52.53,95.69,7.45,26.62,0.65,55.29,115,2022-08-09,1,8,221,0,0.7818314824680297,0.6234898018587336,-0.8660254037844384,-0.5000000000000004,-0.6132298262997502,-0.7899045386224707,48.87333333333331,41.722857142857144,10.569206394502295,90.74666666666674,135.9042857142857,112.13629859195834,48.58,37.25,36.22,93.31,88.15,385.15,8.18,6.57,9.02,26.75,26.54,26.32,0.84,0.7,0.45,61.47,54.73,53.86
10,8,2022,0,3,42.77,93.29,37.23,26.39,0.57,48.26,87,2022-08-10,2,8,222,0,0.9749279121818236,-0.22252093395631434,-0.8660254037844384,-0.5000000000000004,-0.6267266965083301,-0.7792391467859886,53.96666666666665,44.05285714285714,10.945009082206719,93.26000000000006,94.55285714285715,22.254119254862445,52.53,60.79,45.03,95.69,90.78,139.59,7.45,8.42,10.27,26.62,26.59,26.28,0.65,0.89,0.73,55.29,47.05,52.95
11,8,2022,0,4,25.31,51.36,37.77,26.18,0.38,47.05,62,2022-08-11,3,8,223,0,0.43388373911755823,-0.900968867902419,-0.8660254037844384,-0.5000000000000004,-0.6400381082043503,-0.7683431655492202,47.95999999999999,43.730000000000004,10.944714097075835,94.09666666666675,87.93857142857142,10.315716857583663,42.77,48.58,34.65,93.29,93.31,89.03,37.23,8.18,9.78,26.39,26.75,26.41,0.57,0.84,0.77,48.26,61.47,52.75
12,8,2022,0,5,29.69,55.77,37.63,26.32,0.41,46.84,52,2022-08-12,4,8,224,0,-0.433883739117558,-0.9009688679024191,-0.8660254037844384,-0.5000000000000004,-0.65316012232693,-0.7572198192083127,40.20333333333332,42.395714285714284,12.669572285788737,80.11333333333341,82.55714285714285,17.188011048683034,25.31,52.53,29.54,51.36,95.69,65.32,37.77,7.45,9.32,26.18,26.62,26.35,0.38,0.65,0.69,47.05,55.29,49.97
13,8,2022,0,6,30.89,60.97,37.67,26.46,0.53,48.07,58,2022-08-13,5,8,225,1,-0.9749279121818236,-0.2225209339563146,-0.8660254037844384,-0.5000000000000004,-0.6660888558609771,-0.7458723993404063,32.58999999999998,42.417142857142856,12.644306642764347,66.80666666666674,81.19285714285714,19.06117057815839,29.69,42.77,37.25,55.77,93.29,88.15,37.63,37.23,6.57,26.32,26.39,26.54,0.41,0.57,0.7,46.84,48.26,54.73
14,8,2022,1,7,29.28,45.91,37.5,26.62,0.54,46.06,53,2022-08-14,6,8,226,1,-0.7818314824680299,0.6234898018587334,-0.8660254037844384,-0.5000000000000004,-0.6788204829862357,-0.734304263829602,28.629999999999985,41.50857142857142,13.289520217792363,56.03333333333341,77.30999999999999,20.145286462763377,30.89,25.31,60.79,60.97,51.36,90.78,37.67,37.77,8.42,26.46,26.18,26.59,0.53,0.38,0.89,48.07,47.05,47.05
15,8,2022,1,1,24.87,29.48,37.43,26.68,0.38,37.86,47,2022-08-15,0,8,227,0,0.0,1.0,-0.8660254037844384,-0.5000000000000004,-0.6913512362094071,-0.722518835873311,29.95333333333332,37.00714285714286,10.76717653223239,54.21666666666675,70.9,22.180689048512512,29.28,29.69,48.58,45.91,55.77,93.31,37.5,37.63,8.18,26.62,26.32,26.75,0.54,0.41,0.84,46.06,46.84,61.47
16,8,2022,0,2,22.75,49.26,37.47,26.65,0.38,44.19,47,2022-08-16,1,8,228,0,0.7818314824680297,0.6234898018587336,-0.8660254037844384,-0.5000000000000004,-0.7036774074790128,-0.7105196029692745,28.346666666666653,33.62,10.23606858125063,45.453333333333404,61.78142857142858,24.43790664014668,24.87,30.89,52.53,29.48,60.97,95.69,37.43,37.67,7.45,26.68,26.46,26.62,0.38,0.53,0.65,37.86,48.07,55.29
17,8,2022,0,3,24.92,30.53,37.82,26.64,0.42,44.73,48,2022-08-17,2,8,229,0,0.9749279121818236,-0.22252093395631434,-0.8660254037844384,-0.5000000000000004,-0.7157953492826641,-0.6983101158835585,25.633333333333322,29.365714285714287,6.6148667337165,41.550000000000075,55.14857142857143,19.503414597257855,22.75,29.28,42.77,49.26,45.91,93.29,37.47,37.5,37.23,26.65,26.62,26.39,0.38,0.54,0.57,44.19,46.06,48.26
18,8,2022,0,4,24.52,57.02,37.41,26.67,0.41,44.36,48,2022-08-18,3,8,230,0,0.43388373911755823,-0.900968867902419,-0.8660254037844384,-0.5000000000000004,-0.7277014757264236,-0.6858939875998223,24.17999999999999,26.815714285714286,3.08520046428588,36.42333333333341,46.18285714285714,12.047934420874027,24.92,24.87,25.31,30.53,29.48,51.36,37.82,37.43,37.77,26.64,26.68,26.18,0.42,0.38,0.38,44.73,37.86,47.05
19,8,2022,1,5,27.54,53.97,37.69,26.71,0.32,49.43,59,2022-08-19,4,8,231,0,-0.433883739117558,-0.9009688679024191,-0.8660254037844384,-0.5000000000000004,-0.739392263595924,-0.673274892250183,24.06333333333332,26.702857142857145,3.162929624508225,45.60333333333341,46.99142857142857,12.629203496362614,24.52,22.75,29.69,57.02,49.26,55.77,37.41,37.47,37.63,26.67,26.65,26.32,0.41,0.38,0.41,44.36,44.19,46.84
20,8,2022,0,6,35.65,77.33,37.76,26.63,0.45,47.43,69,2022-08-20,5,8,232,1,-0.9749279121818236,-0.2225209339563146,-0.8660254037844384,-0.5000000000000004,-0.7508642533989489,-0.6604565640279754,25.659999999999986,26.395714285714288,2.919536819114162,47.17333333333341,46.73428571428571,12.43754377834515,27.54,24.92,30.89,53.97,30.53,60.97,37.69,37.82,37.67,26.71,26.64,26.46,0.32,0.42,0.53,49.43,44.73,48.07
21,8,2022,1,7,47.66,100.08,31.8,26.73,0.49,35.12,93,2022-08-21,6,8,233,1,-0.7818314824680299,0.6234898018587334,-0.8660254037844384,-0.5000000000000004,-0.7621140503891487,-0.6474427960827475,29.23666666666665,27.075714285714287,4.346427104127757,62.773333333333404,49.07142857142857,16.448715682970587,35.65,24.52,29.28,77.33,57.02,45.91,37.76,37.41,37.5,26.63,26.67,26.62,0.45,0.41,0.54,47.43,44.36,46.06
22,8,2022,0,1,42.56,88.54,15.0,27.08,0.46,47.5,93,2022-08-22,0,8,234,0,0.0,1.0,-0.8660254037844384,-0.5000000000000004,-0.7731383255706026,-0.6342374393978054,36.94999999999998,29.701428571428572,8.980923168163066,77.12666666666674,56.81,25.15300777243446,47.66,27.54,24.87,100.08,53.97,29.48,31.8,37.69,37.43,26.73,26.71,26.68,0.49,0.32,0.38,35.12,49.43,37.86
23,8,2022,0,2,34.37,56.0,15.04,26.67,0.41,47.15,69,2022-08-23,1,8,235,0,0.7818314824680297,0.6234898018587336,-0.8660254037844384,-0.5000000000000004,-0.7839338166829201,-0.620844401650647,41.95666666666665,32.22857142857143,9.842398807495094,88.65000000000008,65.24714285714286,24.350253738780594,42.56,35.65,22.75,88.54,77.33,49.26,15.0,37.76,37.47,27.08,26.63,26.65,0.46,0.45,0.38,47.5,47.43,44.19
24,8,2022,0,3,30.18,49.78,15.07,26.61,0.64,47.06,51,2022-08-24,2,8,236,0,0.9749279121818236,-0.22252093395631434,-0.8660254037844384,-0.5000000000000004,-0.7944973291665992,-0.6072676460566135,41.52999999999998,33.88857142857143,8.9133802577425,81.54000000000008,66.21000000000001,23.738296765637454,34.37,47.66,24.92,56.0,100.08,30.53,15.04,31.8,37.82,26.67,26.73,26.64,0.41,0.49,0.42,47.15,35.12,44.73
25,8,2022,0,4,36.47,100.36,15.08,25.8,0.69,62.87,77,2022-08-25,3,8,237,0,0.43388373911755823,-0.900968867902419,-0.8660254037844384,-0.5000000000000004,-0.8048257371083452,-0.593511190196115,35.70333333333332,34.64,8.226540382611187,64.77333333333341,68.96000000000001,19.684957878207527,30.18,42.56,24.52,49.78,88.54,57.02,15.07,15.0,37.41,26.61,27.08,26.67,0.64,0.46,0.41,47.06,47.5,44.36
26,8,2022,0,5,39.01,95.31,14.99,25.75,0.49,48.97,105,2022-08-26,4,8,238,0,-0.433883739117558,-0.9009688679024191,-0.8660254037844384,-0.5000000000000004,-0.8149159841660791,-0.5795791048257612,33.67333333333332,36.347142857142856,6.9112220682203525,68.71333333333341,75.15142857142857,21.985014918178095,36.47,34.37,27.54,100.36,56.0,53.97,15.08,15.04,37.69,25.8,26.67,26.71,0.69,0.41,0.32,62.87,47.15,49.43
27,8,2022,0,6,33.02,94.33,15.09,25.82,0.36,51.27,92,2022-08-27,5,8,239,1,-0.9749279121818236,-0.2225209339563146,-0.8660254037844384,-0.5000000000000004,-0.8247650844733614,-0.5654755126737576,35.21999999999998,37.98571428571428,5.734698065707297,81.81666666666673,81.05714285714285,20.87110499733186,39.01,30.18,35.65,95.31,49.78,77.33,14.99,15.07,37.76,25.75,26.61,26.63,0.49,0.64,0.45,48.97,47.06,47.43
28,8,2022,1,7,41.74,126.96,15.02,25.81,0.39,51.03,106,2022-08-28,6,8,240,1,-0.7818314824680299,0.6234898018587334,-0.8660254037844384,-0.5000000000000004,-0.8343701235229537,-0.5512045872199277,36.16666666666665,37.61,5.993540967858528,96.66666666666674,83.48571428571428,21.34872974921194,33.02,36.47,47.66,94.33,100.36,100.08,15.09,15.08,31.8,25.82,25.8,26.73,0.36,0.69,0.49,51.27,62.87,35.12
29,8,2022,0,1,43.31,133.05,15.03,25.81,0.42,54.95,130,2022-08-29,0,8,241,0,0.0,1.0,-0.8660254037844384,-0.5000000000000004,-0.8437282590292712,-0.5367705514607104,37.92333333333332,36.76428571428572,4.593164693849694,105.5333333333334,87.32571428571428,26.6021101024878,41.74,39.01,42.56,126.96,95.31,88.54,15.02,14.99,15.0,25.81,25.75,27.08,0.39,0.49,0.46,51.03,48.97,47.5
30,8,2022,0,2,52.9,129.59,15.12,25.89,0.65,59.85,110,2022-08-30,1,8,242,0,0.7818314824680297,0.6234898018587336,-0.8660254037844384,-0.5000000000000004,-0.8528367217694593,-0.522177676659508,39.356666666666655,36.871428571428574,4.756726565518881,118.1133333333334,93.6842857142857,31.76016732593745,43.31,33.02,34.37,133.05,94.33,56.0,15.03,15.09,15.04,25.81,25.82,26.67,0.42,0.36,0.41,54.95,51.27,47.15
31,8,2022,0,3,42.48,111.99,15.09,19.28,0.46,49.74,110,2022-08-31,2,8,243,0,0.9749279121818236,-0.22252093395631434,-0.8660254037844384,-0.5000000000000004,-0.8616928164028521,-0.5074302810827519,45.98333333333332,39.51857142857143,7.498500802545735,129.86666666666676,104.19714285714285,29.290849375580834,52.9,41.74,30.18,129.59,126.96,49.78,15.12,15.02,15.07,25.89,25.81,26.61,0.65,0.39,0.64,59.85,51.03,47.06
1,9,2022,0,4,50.05,115.37,9.53,5.64,0.55,57.65,112,2022-09-01,3,9,244,0,0.43388373911755823,-0.900968867902419,-1.0,-1.8369701987210297e-16,-0.8702939222685674,-0.49253272872205434,46.22999999999998,41.27571428571429,6.289056254438566,124.87666666666674,113.0842857142857,16.804548845620968,42.48,43.31,36.47,111.99,133.05,100.36,15.09,15.03,15.08,19.28,25.81,25.8,0.46,0.42,0.69,49.74,54.95,62.87
2,9,2022,0,5,43.4,106.73,8.76,5.65,0.5,56.02,104,2022-09-02,4,9,245,0,-0.433883739117558,-0.9009688679024191,-1.0,-1.8369701987210297e-16,-0.8786374941610001,-0.4774894280028391,48.47666666666665,43.215714285714284,6.644062153895435,118.9833333333334,115.22857142857143,15.84028874797252,50.05,52.9,39.01,115.37,129.59,95.31,9.53,15.12,14.99,5.64,25.89,25.75,0.55,0.65,0.49,57.65,59.85,48.97
3,9,2022,0,6,36.98,103.85,8.72,5.73,0.43,47.55,106,2022-09-03,5,9,246,1,-0.9749279121818236,-0.2225209339563146,-1.0,-1.8369701987210297e-16,-0.886721063082993,-0.46230483047981086,45.30999999999998,43.84285714285715,6.382974004562505,111.36333333333341,116.86,13.91841585813902,43.4,42.48,33.02,106.73,111.99,94.33,8.76,15.09,15.09,5.65,19.28,25.82,0.5,0.46,0.36,56.02,49.74,51.27
4,9,2022,1,7,32.85,87.52,6.93,5.72,0.39,46.99,85,2022-09-04,6,9,247,1,-0.7818314824680299,0.6234898018587334,-1.0,-1.8369701987210297e-16,-0.8945422369764496,-0.4469834295196741,43.47666666666665,44.40857142857142,5.356903423226679,108.65000000000008,118.22000000000001,11.62644829688304,36.98,50.05,41.74,103.85,115.37,126.96,8.72,9.53,15.02,5.73,5.64,25.81,0.43,0.55,0.39,47.55,57.65,51.03
5,9,2022,0,1,29.88,87.24,7.59,2.47,0.8,17.08,82,2022-09-05,0,9,248,0,0.0,1.0,-1.0,-1.8369701987210297e-16,-0.9020987014301837,-0.43152975897147144,37.74333333333332,43.138571428571424,6.920591084036444,99.36666666666673,112.58571428571429,15.572047453846958,32.85,43.4,43.31,87.52,106.73,133.05,6.93,8.76,15.03,5.72,5.65,25.81,0.39,0.5,0.42,46.99,56.02,54.95
6,9,2022,0,2,46.69,125.05,7.26,5.98,0.48,56.07,73,2022-09-06,1,9,249,0,0.7818314824680297,0.6234898018587336,-1.0,-1.8369701987210297e-16,-0.9093882203647925,-0.4159483918249421,33.23666666666665,41.21999999999999,8.537772933659632,92.87000000000008,106.04142857142857,15.158916439480524,29.88,36.98,52.9,87.24,103.85,129.59,7.59,8.72,15.12,2.47,5.73,25.89,0.8,0.43,0.65,17.08,47.55,59.85
7,9,2022,0,3,56.54,138.14,8.84,2.72,0.77,24.1,124,2022-09-07,2,9,250,0,0.9749279121818236,-0.22252093395631434,-1.0,-1.8369701987210297e-16,-0.9164086366943458,-0.4002439388573056,36.47333333333332,40.332857142857144,7.363771031855104,99.93666666666674,105.39285714285714,14.03924584191151,46.69,32.85,42.48,125.05,87.52,111.99,7.26,6.93,15.09,5.98,5.72,19.28,0.48,0.39,0.46,56.07,46.99,49.74
8,9,2022,0,4,71.15,154.82,8.77,6.08,0.7,70.41,222,2022-09-08,3,9,251,0,0.43388373911755823,-0.900968867902419,-1.0,-1.8369701987210297e-16,-0.9231578729647039,-0.38442104726885545,44.36999999999998,42.34142857142857,9.619177769042683,116.81000000000007,109.12857142857142,18.76950845438287,56.54,29.88,50.05,138.14,87.24,115.37,8.84,7.59,9.53,2.72,2.47,5.64,0.77,0.8,0.55,24.1,17.08,57.65
9,9,2022,0,5,64.96,124.14,9.32,6.21,0.7,67.66,150,2022-09-09,4,9,252,0,-0.433883739117558,-0.9009688679024191,-1.0,-1.8369701987210297e-16,-0.9296339319682695,-0.3684843993077793,58.126666666666644,45.355714285714285,14.503343128562639,139.33666666666673,114.7642857142857,25.626122646722415,71.15,46.69,43.4,154.82,125.05,106.73,8.77,7.26,8.76,6.08,5.98,5.65,0.7,0.48,0.5,70.41,56.07,56.02
10,9,2022,0,6,44.0,86.54,7.21,6.23,0.57,60.76,96,2022-09-10,5,9,253,1,-0.9749279121818236,-0.2225209339563146,-1.0,-1.8369701987210297e-16,-0.9358348973349941,-0.35243871088460327,64.21666666666665,48.43571428571429,16.20792075616603,139.0333333333334,117.25142857142858,25.561175265477843,64.96,56.54,36.98,124.14,138.14,103.85,9.32,8.84,8.72,6.21,2.72,5.73,0.7,0.77,0.43,67.66,24.1,47.55
11,9,2022,1,7,30.37,78.38,7.26,6.25,0.56,64.99,72,2022-09-11,6,9,254,1,-0.7818314824680299,0.6234898018587334,-1.0,-1.8369701987210297e-16,-0.9417589340994617,-0.3362887301766828,60.036666666666655,49.43857142857143,15.58622407616556,121.83333333333341,114.77857142857142,27.81195931523844,44.0,71.15,32.85,86.54,154.82,87.52,7.21,8.77,6.93,6.23,6.08,5.72,0.57,0.7,0.39,60.76,70.41,46.99
12,9,2022,0,1,25.34,69.07,7.21,6.31,0.51,64.57,76,2022-09-12,0,9,255,0,0.0,1.0,-1.0,-1.8369701987210297e-16,-0.9474042892438845,-0.32003923622313857,46.44333333333332,49.08428571428572,16.047499137606792,96.35333333333341,113.47285714285714,29.47010502995008,30.37,64.96,29.88,78.38,124.14,87.24,7.26,9.32,7.59,6.25,6.21,2.47,0.56,0.7,0.8,64.99,67.66,17.08
13,9,2022,0,2,31.83,56.87,5.86,6.4,0.42,52.69,63,2022-09-13,1,9,256,0,0.7818314824680297,0.6234898018587336,-1.0,-1.8369701987210297e-16,-0.9527692922168511,-0.3036950375106588,33.23666666666665,48.435714285714276,17.01555842667207,77.99666666666674,110.87714285714284,32.78009900040406,25.34,44.0,46.69,69.07,86.54,125.05,7.21,7.21,7.26,6.31,6.23,5.98,0.51,0.57,0.48,64.57,60.76,56.07
14,9,2022,0,3,24.1,44.55,4.3,6.72,0.35,53.57,64,2022-09-14,2,9,257,0,0.9749279121818236,-0.22252093395631434,-1.0,-1.8369701987210297e-16,-0.9578523554276669,-0.28726097055059635,29.17999999999999,46.31285714285714,18.158248552001194,68.10666666666674,101.13714285714285,37.63650210203254,31.83,30.37,56.54,56.87,78.38,138.14,5.86,7.26,8.84,6.4,6.25,2.72,0.42,0.56,0.77,52.69,64.99,24.1
15,9,2022,0,4,19.67,23.61,4.82,6.81,0.33,57.35,62,2022-09-15,3,9,258,0,0.43388373911755823,-0.900968867902419,-1.0,-1.8369701987210297e-16,-0.9626519747161487,-0.2707418984477642,27.089999999999986,41.67857142857143,19.221568986057786,56.83000000000007,87.76714285714286,38.902940640474874,24.1,25.34,71.15,44.55,69.07,154.82,4.3,7.21,8.77,6.72,6.31,6.08,0.35,0.51,0.7,53.57,64.57,70.41
16,9,2022,0,5,23.69,14.98,6.97,6.94,0.45,51.53,54,2022-09-16,4,9,259,0,-0.433883739117558,-0.9009688679024191,-1.0,-1.8369701987210297e-16,-0.9671667297977312,-0.2541427094613622,25.19999999999999,34.324285714285715,15.567197197038865,41.67666666666674,69.02285714285713,32.25225662094041,19.67,31.83,64.96,23.61,56.87,124.14,4.82,5.86,9.32,6.81,6.4,6.21,0.33,0.42,0.7,57.35,52.69,67.66
17,9,2022,0,6,25.87,69.23,6.87,7.05,0.6,51.51,54,2022-09-17,5,9,260,1,-0.9749279121818236,-0.2225209339563146,-1.0,-1.8369701987210297e-16,-0.97139528468375,-0.23746831555846842,22.486666666666654,28.428571428571434,8.013017385424508,27.713333333333406,53.42857142857143,27.14684476974315,23.69,24.1,44.0,14.98,44.55,86.54,6.97,4.3,7.21,6.94,6.72,6.23,0.45,0.35,0.57,51.53,53.57,60.76
18,9,2022,1,7,36.82,116.51,8.56,7.26,0.8,54.97,92,2022-09-18,6,9,261,1,-0.7818314824680299,0.6234898018587334,-1.0,-1.8369701987210297e-16,-0.9753363880767837,-0.22072365096050223,23.076666666666654,25.83857142857143,4.130594907005863,35.940000000000076,50.955714285714286,24.263210736385396,25.87,19.67,30.37,69.23,23.61,78.38,6.87,4.82,7.26,7.05,6.81,6.25,0.6,0.33,0.56,51.51,57.35,64.99
19,9,2022,0,1,41.78,170.47,11.51,7.21,1.08,34.21,140,2022-09-19,0,9,262,0,0.0,1.0,-1.0,-1.8369701987210297e-16,-0.9789888737409319,-0.20391367068311472,28.793333333333322,26.76,5.722551878320392,66.90666666666675,56.402857142857144,33.83734067283763,36.82,23.69,25.34,116.51,14.98,69.07,8.56,6.97,7.21,7.26,6.94,6.31,0.8,0.45,0.51,54.97,51.53,64.57
20,9,2022,0,2,55.26,111.58,8.44,1.96,1.05,13.1,131,2022-09-20,1,9,263,0,0.7818314824680297,0.6234898018587336,-1.0,-1.8369701987210297e-16,-0.9823516608469237,-0.1870433490699166,34.82333333333332,29.10857142857143,7.973488213183857,118.73666666666675,70.88857142857144,55.15402506574218,41.78,25.87,31.83,170.47,69.23,56.87,11.51,6.87,5.86,7.21,7.05,6.4,1.08,0.6,0.42,34.21,51.51,52.69
21,9,2022,0,3,43.81,78.44,8.33,1.68,0.86,8.14,84,2022-09-21,2,9,264,0,0.9749279121818236,-0.22252093395631434,-1.0,-1.8369701987210297e-16,-0.9854237542919524,-0.17011767832049055,44.61999999999998,32.455714285714286,12.777105641399983,132.8533333333334,78.7042857142857,56.691376727313866,55.26,36.82,24.1,111.58,116.51,44.55,8.44,8.56,4.3,1.96,7.26,6.72,1.05,0.8,0.35,13.1,54.97,53.57
22,9,2022,0,4,31.21,53.27,6.22,1.62,0.78,8.78,51,2022-09-22,3,9,265,0,0.43388373911755823,-0.900968867902419,-1.0,-1.8369701987210297e-16,-0.9882042449941422,-0.15314166701312007,46.94999999999999,35.27142857142857,12.800590388172736,120.16333333333341,83.54571428571428,54.700627314241586,43.81,41.78,19.67,78.44,170.47,23.61,8.33,11.51,4.82,1.68,7.21,6.81,0.86,1.08,0.33,8.14,34.21,57.35
23,9,2022,0,5,16.23,31.51,7.62,9.59,0.47,18.43,31,2022-09-23,4,9,266,0,-0.433883739117558,-0.9009688679024191,-1.0,-1.8369701987210297e-16,-0.9906923101615609,-0.13612033862266704,43.426666666666655,36.92,11.08449968800572,81.09666666666674,87.78285714285714,50.252043313112935,31.21,55.26,23.69,53.27,111.58,14.98,6.22,8.44,6.97,1.62,1.96,6.94,0.78,1.05,0.45,8.78,13.1,51.53
24,9,2022,0,6,16.55,31.84,6.53,9.58,0.61,19.64,37,2022-09-24,5,9,267,1,-0.9749279121818236,-0.2225209339563146,-1.0,-1.8369701987210297e-16,-0.9928872135356962,-0.11905873003404988,30.416666666666654,35.854285714285716,12.795114767161245,54.406666666666744,90.14428571428572,46.50976809844947,16.23,43.81,25.87,31.51,78.44,69.23,7.62,8.33,6.87,9.59,1.68,7.05,0.47,0.86,0.6,18.43,8.14,51.51
25,9,2022,1,7,14.36,32.02,5.46,9.62,0.42,24.61,24,2022-09-25,6,9,268,1,-0.7818314824680299,0.6234898018587334,-1.0,-1.8369701987210297e-16,-0.994788305609327,-0.10196189005174576,21.329999999999988,34.52285714285715,14.392418970054687,38.8733333333334,84.80285714285715,51.220467170292196,16.55,31.21,36.82,31.84,53.27,116.51,6.53,6.22,8.56,9.58,1.62,7.26,0.61,0.78,0.8,19.64,8.78,54.97
26,9,2022,0,1,22.03,74.46,6.69,9.78,0.61,18.05,66,2022-09-26,0,9,269,0,0.0,1.0,-1.0,-1.8369701987210297e-16,-0.9963950238187231,-0.08483487790576538,15.713333333333319,31.314285714285713,16.18667029497303,31.790000000000067,72.73285714285714,52.44379585622743,14.36,16.23,41.78,32.02,31.51,170.47,5.46,7.62,11.51,9.62,9.59,7.21,0.42,0.47,1.08,24.61,18.43,34.21
27,9,2022,0,2,27.19,90.05,6.81,9.74,0.56,12.57,75,2022-09-27,1,9,270,0,0.7818314824680297,0.6234898018587336,-1.0,-1.8369701987210297e-16,-0.9977068927101168,-0.06768276175455162,17.64666666666665,28.49285714285714,15.774416750219055,46.10666666666673,59.01714285714286,30.647725698268975,22.03,16.55,55.26,74.46,31.84,111.58,6.69,6.53,8.44,9.78,9.58,1.96,0.61,0.61,1.05,18.05,19.64,13.1
28,9,2022,0,3,29.79,123.13,9.17,9.8,0.64,13.87,108,2022-09-28,2,9,271,0,0.9749279121818236,-0.22252093395631434,-1.0,-1.8369701987210297e-16,-0.9987235240803972,-0.05051061718522288,21.19333333333332,24.482857142857142,10.532886141806493,65.51000000000006,55.94142857142857,25.065456594402242,27.19,14.36,43.81,90.05,32.02,78.44,6.81,5.46,8.33,9.74,9.62,1.68,0.56,0.42,0.86,12.57,24.61,8.14
29,9,2022,0,4,31.14,133.18,8.58,9.79,0.68,15.91,124,2022-09-29,3,9,272,0,0.43388373911755823,-0.900968867902419,-1.0,-1.8369701987210297e-16,-0.9994446170919858,-0.033323525711631344,26.336666666666655,22.48,6.978507481312603,95.88000000000007,62.325714285714284,35.337580023325096,29.79,22.03,31.21,123.13,74.46,53.27,9.17,6.69,6.22,9.8,9.78,1.62,0.64,0.61,0.78,13.87,18.05,8.78
30,9,2022,0,5,40.81,163.14,11.73,9.91,0.75,11.28,133,2022-09-30,4,9,273,0,-0.433883739117558,-0.9009688679024191,-1.0,-1.8369701987210297e-16,-0.9998699583618592,-0.016126573270657762,29.373333333333317,22.47,6.963947635266649,115.45333333333342,73.74142857142859,43.815068727769685,31.14,27.19,16.23,133.18,90.05,31.51,8.58,6.81,7.62,9.79,9.74,9.59,0.68,0.56,0.47,15.91,12.57,18.43
1,10,2022,0,6,35.11,155.49,9.17,9.93,0.68,9.39,139,2022-10-01,5,10,274,1,-0.9749279121818236,-0.2225209339563146,-0.8660254037844386,0.5,-0.9999994220246925,0.001075151282798226,33.91333333333332,25.981428571428573,9.147736384070614,139.81666666666672,92.54571428571428,50.418191775438345,40.81,29.79,16.55,163.14,123.13,31.84,11.73,9.17,6.53,9.91,9.8,9.58,0.75,0.64,0.61,11.28,13.87,19.64
2,10,2022,1,7,33.73,150.88,10.09,9.97,0.53,11.24,141,2022-10-02,6,10,275,1,-0.7818314824680299,0.6234898018587334,-0.8660254037844386,0.5,-0.999832969770105,0.018276557681691223,35.68666666666666,28.632857142857144,8.633799307156616,150.60333333333338,110.21000000000001,47.160320185512965,35.11,31.14,14.36,155.49,133.18,32.02,9.17,8.58,5.46,9.93,9.79,9.62,0.68,0.68,0.42,9.39,15.91,24.61
3,10,2022,0,1,25.56,114.08,9.11,10.01,0.44,13.73,107,2022-10-03,0,10,276,0,0.0,1.0,-0.8660254037844386,0.5,-0.9993706508539969,0.035472555753125565,36.54999999999998,31.400000000000002,5.998913790573549,156.50333333333342,127.18999999999998,33.82973248490279,33.73,40.81,22.03,150.88,163.14,74.46,10.09,11.73,6.69,9.97,9.91,9.78,0.53,0.75,0.61,11.24,11.28,18.05
4,10,2022,0,2,39.29,139.4,11.23,10.14,0.63,9.87,118,2022-10-04,1,10,277,0,0.7818314824680297,0.6234898018587336,-0.8660254037844386,0.5,-0.9986126020839734,0.052658056924614005,31.46666666666665,31.904285714285717,5.171240525395746,140.15000000000006,132.85,25.928988924883843,25.56,35.11,27.19,114.08,155.49,90.05,9.11,9.17,6.81,10.01,9.93,9.74,0.44,0.68,0.56,13.73,9.39,12.57
5,10,2022,1,3,41.3,170.61,12.77,10.52,0.78,9.62,150,2022-10-05,2,10,278,0,0.9749279121818236,-0.22252093395631434,-0.8660254037844386,0.5,-0.9975590477788613,0.0698279757298709,32.859999999999985,33.63285714285714,5.351930225901993,134.78666666666672,139.9,17.7811688779659,39.29,33.73,29.79,139.4,150.88,123.13,11.23,10.09,9.17,10.14,9.97,9.8,0.63,0.53,0.64,9.87,11.24,13.87
6,10,2022,0,4,22.96,80.04,7.39,2.55,0.58,18.54,109,2022-10-06,3,10,279,0,0.43388373911755823,-0.900968867902419,-0.8660254037844386,0.5,-0.9962102997023297,0.08697723131368611,35.38333333333332,35.277142857142856,5.729321409171384,141.3633333333334,146.68285714285713,19.308206126142196,41.3,25.56,31.14,170.61,114.08,133.18,12.77,9.11,8.58,10.52,10.01,9.79,0.78,0.44,0.68,9.62,13.73,15.91
7,10,2022,0,5,11.91,29.62,6.3,10.34,0.39,5.7,35,2022-10-07,4,10,280,0,-0.433883739117558,-0.9009688679024191,-0.8660254037844386,0.5,-0.9945667569706337,0.1041007489354256,34.51666666666665,34.10857142857143,7.325615852548759,130.01666666666674,139.09142857142857,31.86527808789881,22.96,39.29,40.81,80.04,139.4,163.14,7.39,11.23,11.73,2.55,10.14,9.91,0.58,0.63,0.75,18.54,9.87,11.28
8,10,2022,0,6,13.0,25.73,4.28,10.51,0.39,58.1,81,2022-10-08,5,10,281,1,-0.9749279121818236,-0.2225209339563146,-0.8660254037844386,0.5,-0.9926289059345095,0.12119346147073601,25.389999999999983,29.979999999999997,10.412649358675909,93.4233333333334,120.01714285714286,49.91866207952306,11.91,41.3,35.11,29.62,170.61,155.49,6.3,12.77,9.17,10.34,10.52,9.93,0.39,0.78,0.68,5.7,9.62,9.39
9,10,2022,1,7,9.39,13.07,3.09,10.57,0.27,93.33,100,2022-10-09,6,10,282,1,-0.7818314824680299,0.6234898018587334,-0.8660254037844386,0.5,-0.9903973200352558,0.1382503109109819,15.95666666666665,26.821428571428573,11.851210104982904,45.13000000000006,101.48000000000002,57.99080243165091,13.0,22.96,33.73,25.73,80.04,150.88,4.28,7.39,10.09,10.51,2.55,9.97,0.39,0.58,0.53,58.1,18.54,11.24
10,10,2022,0,1,19.69,36.63,5.04,1.32,0.33,11.13,19,2022-10-10,0,10,283,0,0.0,1.0,-0.8660254037844386,0.5,-0.9878726596350429,0.1552662498599956,11.433333333333318,23.344285714285714,13.001280523016339,22.806666666666725,81.79285714285713,61.698841078875276,9.39,11.91,25.56,13.07,29.62,114.08,3.09,6.3,9.11,10.57,10.34,10.01,0.27,0.39,0.44,93.33,5.7,13.73
11,10,2022,0,2,19.98,66.91,10.89,10.66,0.63,34.88,45,2022-10-11,1,10,284,0,0.7818314824680297,0.6234898018587336,-0.8660254037844386,0.5,-0.9850556718215013,0.172236243027682,14.026666666666651,22.505714285714284,13.023835657676438,25.14333333333339,70.72857142857144,61.88804015547623,19.69,13.0,39.29,36.63,25.73,139.4,5.04,4.28,11.23,1.32,10.51,10.14,0.33,0.39,0.63,11.13,58.1,9.87
12,10,2022,0,3,24.46,95.25,3.97,10.76,0.61,10.32,94,2022-10-12,2,10,285,0,0.9749279121818236,-0.22252093395631434,-0.8660254037844386,0.5,-0.981947190186646,0.18915526872004093,16.353333333333318,19.747142857142855,10.716970520764106,38.87000000000006,60.37285714285714,54.05075969687804,19.98,9.39,41.3,66.91,13.07,170.61,10.89,3.09,12.77,10.66,10.57,10.52,0.63,0.27,0.78,34.88,93.33,9.62
13,10,2022,0,4,21.96,101.32,3.01,10.77,0.54,16.31,97,2022-10-13,3,10,286,0,0.43388373911755823,-0.900968867902419,-0.8660254037844386,0.5,-0.9785481345802031,0.2060183203251708,21.37666666666665,17.341428571428573,5.863643430989357,66.26333333333339,49.607142857142854,31.04241974797813,24.46,19.69,22.96,95.25,36.63,80.04,3.97,5.04,7.39,10.76,1.32,2.55,0.61,0.33,0.58,10.32,11.13,18.54
14,10,2022,0,5,26.86,140.33,3.49,10.77,0.64,22.95,115,2022-10-14,4,10,287,0,-0.433883739117558,-0.9009688679024191,-0.8660254037844386,0.5,-0.9748595108374125,0.22282040779479959,22.133333333333315,17.19857142857143,5.71422035677525,87.82666666666672,52.64714285714285,35.27312608501917,21.96,19.98,11.91,101.32,66.91,29.62,3.01,10.89,6.3,10.77,10.66,10.34,0.54,0.63,0.39,16.31,34.88,5.7
15,10,2022,0,6,36.46,190.7,3.84,10.79,0.65,20.99,138,2022-10-15,5,10,288,1,-0.9749279121818236,-0.2225209339563146,-0.8660254037844386,0.5,-0.9708824104813836,0.23955655912092708,24.426666666666648,19.334285714285716,6.182760594709973,112.30000000000007,68.46285714285715,46.31816947818264,26.86,24.46,13.0,140.33,95.25,25.73,3.49,3.97,4.28,10.77,10.76,10.51,0.64,0.61,0.39,22.95,10.32,58.1
16,10,2022,1,7,39.76,197.91,3.95,10.98,0.65,20.25,184,2022-10-16,6,10,289,1,-0.7818314824680299,0.6234898018587334,-0.8660254037844386,0.5,-0.9666180104000972,0.2562218218071163,28.426666666666648,22.685714285714287,8.204689425657595,144.1166666666667,92.03,60.69072883618038,36.46,21.96,9.39,190.7,101.32,13.07,3.84,3.01,3.09,10.79,10.77,10.57,0.65,0.54,0.27,20.99,16.31,93.33
17,10,2022,0,1,46.12,244.02,4.51,11.0,0.7,17.79,185,2022-10-17,0,10,290,0,0.0,1.0,-0.8660254037844386,0.5,-0.9620675724981452,0.27281126433401914,34.359999999999985,27.024285714285718,8.030093102708282,176.3133333333334,118.43571428571428,60.821114715517886,39.76,26.86,19.69,197.91,140.33,36.63,3.95,3.49,5.04,10.98,10.77,1.32,0.65,0.64,0.33,20.25,22.95,11.13
18,10,2022,0,2,41.46,236.88,4.77,11.0,0.83,9.93,200,2022-10-18,1,10,291,0,0.7818314824680297,0.6234898018587336,-0.8660254037844386,0.5,-0.9572324433233119,0.28931997761869527,40.77999999999998,30.800000000000004,9.98295881323436,210.87666666666675,148.06285714285715,64.71747927576904,46.12,36.46,19.98,244.02,190.7,66.91,4.51,3.84,10.89,11.0,10.79,10.66,0.7,0.65,0.63,17.79,20.99,34.88
19,10,2022,0,3,42.35,310.08,5.64,12.1,2.97,14.83,74,2022-10-19,2,10,292,0,0.9749279121818236,-0.22252093395631434,-0.8660254037844386,0.5,-0.9521140536681102,0.30574307646728316,42.44666666666665,33.86857142857143,9.38622293323822,226.27000000000007,172.34428571428572,60.97225731350953,41.46,39.76,24.46,236.88,197.91,95.25,4.77,3.95,3.97,11.0,10.98,10.76,0.83,0.65,0.61,9.93,20.25,10.32
20,10,2022,0,4,64.6,356.38,12.65,13.51,1.53,24.4,101,2022-10-20,3,10,293,0,0.43388373911755823,-0.900968867902419,-0.8660254037844386,0.5,-0.9467139181463862,0.3220757010206104,43.30999999999998,36.42428571428571,8.815694068241445,263.6600000000001,203.03428571428572,69.21002139795071,42.35,46.12,21.96,310.08,244.02,101.32,5.64,4.51,3.01,12.1,11.0,10.77,2.97,0.7,0.54,14.83,17.79,16.31
21,10,2022,0,5,71.07,261.79,28.0,13.85,1.37,20.51,246,2022-10-21,4,10,294,0,-0.433883739117558,-0.9009688679024191,-0.8660254037844386,0.5,-0.9410336347451197,0.3383130181923076,49.46999999999998,42.51571428571429,11.483434238276713,301.1133333333334,239.4714285714286,73.72880134397315,64.6,41.46,26.86,356.38,236.88,140.33,12.65,4.77,3.49,13.51,11.0,10.77,1.53,0.83,0.64,24.4,9.93,22.95
22,10,2022,0,6,142.46,245.64,29.58,14.18,0.9,27.44,262,2022-10-22,5,10,295,1,-0.9749279121818236,-0.2225209339563146,-0.8660254037844386,0.5,-0.9350748843515574,0.3544502230989869,59.339999999999975,48.83142857142857,13.43033683937637,309.41666666666674,256.8228571428571,59.40988714411255,71.07,42.35,36.46,261.79,310.08,190.7,28.0,5.64,3.84,13.85,12.1,10.79,1.37,2.97,0.65,20.51,14.83,20.99
23,10,2022,1,7,139.53,229.72,27.23,14.14,0.85,28.3,274,2022-10-23,6,10,296,1,-0.7818314824680299,0.6234898018587334,-0.8660254037844386,0.5,-0.9288394302558068,0.37048254048209633,92.71,63.97428571428571,36.720471065036115,287.9366666666667,264.6714285714286,52.43858580236861,142.46,64.6,39.76,245.64,356.38,197.91,29.58,12.65,3.95,14.18,13.51,10.98,0.9,1.53,0.65,27.44,24.4,20.25
24,10,2022,1,1,162.04,234.5,22.81,14.04,0.82,38.15,307,2022-10-24,0,10,297,0,0.0,1.0,-0.8660254037844386,0.5,-0.9223291176290545,0.3864052261209853,117.68666666666665,78.22714285714287,44.32960775609885,245.71666666666673,269.2157142857143,46.7596549235708,139.53,71.07,46.12,229.72,261.79,244.02,27.23,28.0,4.51,14.14,13.85,11.0,0.85,1.37,0.7,28.3,20.51,17.79
25,10,2022,0,2,146.62,228.11,19.79,14.06,0.77,38.51,289,2022-10-25,1,10,298,0,0.7818314824680297,0.6234898018587336,-0.8660254037844386,0.5,-0.9155458729775467,0.4022135682368037,148.01,94.78714285714285,51.421098041655775,236.6200000000001,267.85571428571427,47.742715973972615,162.04,142.46,41.46,234.5,245.64,236.88,22.81,29.58,4.77,14.04,14.18,11.0,0.82,0.9,0.83,38.15,27.44,9.93
26,10,2022,0,3,147.07,246.48,24.65,14.14,1.17,30.55,285,2022-10-26,2,10,299,0,0.9749279121818236,-0.22252093395631434,-0.8660254037844386,0.5,-0.9084917035725082,0.41790288888678667,149.39666666666665,109.80999999999999,48.524621241867656,230.77666666666676,266.60285714285715,48.794536823393614,146.62,139.53,42.35,228.11,229.72,310.08,19.79,27.23,5.64,14.06,14.14,12.1,0.77,0.85,2.97,38.51,28.3,14.83
27,10,2022,0,4,221.08,344.75,32.38,14.16,1.96,23.32,376,2022-10-27,3,10,300,0,0.43388373911755823,-0.900968867902419,-0.8660254037844386,0.5,-0.9011686968561569,0.4334685453485363,151.91,124.76999999999998,39.57835688016087,236.36333333333337,257.51714285714286,45.133610799597264,147.07,162.04,64.6,246.48,234.5,356.38,24.65,22.81,12.65,14.14,14.04,13.51,1.17,0.82,1.53,30.55,38.15,24.4
28,10,2022,0,5,270.56,419.52,43.54,14.2,2.16,25.35,392,2022-10-28,4,10,301,0,-0.433883739117558,-0.9009688679024191,-0.8660254037844386,0.5,-0.8935790198239952,0.4489059314938798,171.59,147.12428571428572,43.885963153436656,273.1133333333334,255.85571428571424,40.903629365107626,221.08,146.62,71.07,344.75,228.11,261.79,32.38,19.79,28.0,14.16,14.06,13.85,1.96,0.77,1.37,23.32,38.51,20.51
29,10,2022,0,6,271.03,403.53,39.14,14.23,1.83,21.41,424,2022-10-29,5,10,302,1,-0.9749279121818236,-0.2225209339563146,-0.8660254037844386,0.5,-0.8857249183835637,0.4642104791518923,212.9033333333333,175.62285714285716,50.53514905960228,336.91666666666674,278.3885714285714,74.42593240454363,270.56,147.07,142.46,419.52,246.48,245.64,43.54,24.65,29.58,14.2,14.14,14.18,2.16,1.17,0.9,25.35,30.55,27.44
30,10,2022,1,7,257.61,434.04,39.68,14.2,2.27,23.16,381,2022-10-30,6,10,303,1,-0.7818314824680299,0.6234898018587334,-0.8660254037844386,0.5,-0.8776087166898392,0.47937765946069455,254.22333333333333,193.98999999999998,59.11019652592402,389.2666666666667,300.94428571428574,85.88936970645085,271.03,221.08,139.53,403.53,344.75,229.72,39.14,32.38,27.23,14.23,14.16,14.14,1.83,1.96,0.85,21.41,23.32,28.3
31,10,2022,0,1,286.46,520.95,51.09,14.99,2.86,14.66,409,2022-10-31,0,10,304,0,0.0,1.0,-0.8660254037844386,0.5,-0.8692328164574792,0.49440298420761813,266.4,210.85857142857142,57.81272046547429,419.03000000000003,330.1328571428571,92.14089242645097,257.61,270.56,162.04,434.04,419.52,234.5,39.68,43.54,22.81,14.2,14.2,14.04,2.27,2.16,0.82,23.16,25.35,38.15
1,11,2022,0,2,184.09,502.55,91.09,13.73,3.4,10.71,434,2022-11-01,1,11,305,0,0.7818314824680297,0.6234898018587336,-0.5000000000000004,0.8660254037844384,-0.8605996962501181,0.5092820071573356,271.7,228.63285714285715,59.40638341522069,452.8400000000001,371.05428571428575,105.26415959498289,286.46,271.03,146.62,520.95,403.53,228.11,51.09,39.14,19.79,14.99,14.23,14.06,2.86,1.83,0.77,14.66,21.41,38.51
2,11,2022,0,3,116.96,493.59,50.99,7.98,2.23,20.77,390,2022-11-02,2,11,306,0,0.9749279121818236,-0.22252093395631434,-0.5000000000000004,0.8660254037844384,-0.8517119107469189,0.5240103253675755,242.71999999999994,233.98571428571427,52.01297301543893,485.84666666666675,410.26000000000005,93.61418838331385,184.09,257.61,147.07,502.55,434.04,246.48,91.09,39.68,24.65,13.73,14.2,14.14,3.4,2.27,1.17,10.71,23.16,30.55
3,11,2022,0,4,159.95,688.97,47.45,8.18,2.56,21.82,456,2022-11-03,3,11,307,0,0.43388373911755823,-0.900968867902419,-0.5000000000000004,0.8660254037844384,-0.8425720899866032,0.538583580492023,195.83666666666662,229.68428571428572,60.88685760138592,505.6966666666667,445.56142857142856,63.21703631895648,116.96,286.46,221.08,493.59,520.95,344.75,50.99,51.09,32.38,7.98,14.99,14.16,2.23,2.86,1.96,20.77,14.66,23.32
4,11,2022,0,5,145.8,648.8,67.76,9.7,3.42,28.22,451,2022-11-04,4,11,308,0,-0.433883739117558,-0.9009688679024191,-0.5000000000000004,0.8660254037844384,-0.8331829385891785,0.5529974600700271,153.66666666666666,220.95142857142858,66.45581725943235,561.7033333333334,494.7357142857143,96.7267439503571,159.95,184.09,270.56,688.97,502.55,419.52,47.45,91.09,43.54,8.18,13.73,14.2,2.56,3.4,2.16,21.82,10.71,25.35
5,11,2022,0,6,92.46,391.37,54.99,7.22,2.0,23.34,376,2022-11-05,5,11,309,1,-0.9749279121818236,-0.2225209339563146,-0.5000000000000004,0.8660254037844384,-0.8235472349556007,0.5672476988027229,140.90333333333334,203.1285714285714,67.65279137591003,610.4533333333334,527.49,105.43945798419024,145.8,116.96,271.03,648.8,493.59,403.53,67.76,50.99,39.14,9.7,7.98,14.23,3.42,2.23,1.83,28.22,20.77,21.41
6,11,2022,1,7,193.83,361.79,19.24,1.44,1.7,24.94,368,2022-11-06,6,11,310,1,-0.7818314824680299,0.6234898018587334,-0.5000000000000004,0.8660254037844384,-0.8136678304455991,0.5813300798152042,132.73666666666665,177.6185714285714,71.34775059023056,576.38,525.7528571428572,107.89371694933249,92.46,159.95,257.61,391.37,688.97,434.04,54.99,47.45,39.68,7.22,8.18,14.2,2.0,2.56,2.27,23.34,21.82,23.16
7,11,2022,0,1,233.5,434.82,23.61,2.35,1.65,23.87,368,2022-11-07,0,11,311,0,0.0,1.0,-0.5000000000000004,0.8660254037844384,-0.8035476485339116,0.5952404359043674,144.03,168.50714285714284,63.015955575892754,467.32,515.4314285714287,120.8119558692442,193.83,145.8,286.46,361.79,648.8,520.95,19.24,67.76,51.09,1.44,9.7,14.99,1.7,3.42,2.86,24.94,28.22,14.66
8,11,2022,1,2,269.14,427.73,14.73,1.37,1.28,15.29,403,2022-11-08,1,11,312,0,0.7818314824680297,0.6234898018587336,-0.5000000000000004,0.8660254037844384,-0.7931896839451844,0.6089746507720486,173.26333333333332,160.94142857142856,47.847986174471494,395.9933333333334,503.1271428571428,124.4863792702212,233.5,92.46,184.09,434.82,391.37,502.55,23.61,54.99,91.09,2.35,7.22,13.73,1.65,2.0,3.4,23.87,23.34,10.71
9,11,2022,0,3,127.67,280.92,20.11,2.36,1.27,29.35,292,2022-11-09,2,11,313,0,0.9749279121818236,-0.22252093395631434,-0.5000000000000004,0.8660254037844384,-0.7825970017677834,0.6225286602431057,232.15666666666667,173.0914285714286,63.07970577731329,408.1133333333334,492.4385714285714,127.71441375566121,269.14,193.83,116.96,427.73,361.79,493.59,14.73,19.24,50.99,1.37,1.44,7.98,1.28,1.7,2.23,15.29,24.94,20.77
10,11,2022,0,4,91.48,378.56,47.81,9.09,1.96,36.72,315,2022-11-10,3,11,314,0,0.43388373911755823,-0.900968867902419,-0.5000000000000004,0.8660254037844384,-0.7717727365467837,0.6358984534680745,210.10333333333332,174.62142857142857,61.603947770840236,381.15666666666675,462.0571428571429,150.63387774272223,127.67,233.5,159.95,280.92,434.82,688.97,20.11,23.61,47.45,2.36,2.35,8.18,1.27,1.65,2.56,29.35,23.87,21.82
11,11,2022,0,5,120.0,414.55,41.61,6.9,1.24,36.06,340,2022-11-11,4,11,315,0,-0.433883739117558,-0.9009688679024191,-0.5000000000000004,0.8660254037844384,-0.7607200913564104,0.6490800741100397,162.76333333333332,164.83999999999997,69.27937427546551,362.4033333333334,417.7128571428571,113.91576503631714,91.48,269.14,145.8,378.56,427.73,648.8,47.81,14.73,67.76,9.09,1.37,9.7,1.96,1.28,3.42,36.72,15.29,28.22
12,11,2022,0,6,100.51,342.71,42.36,8.17,1.09,45.14,289,2022-11-12,5,11,316,1,-0.9749279121818236,-0.2225209339563146,-0.5000000000000004,0.8660254037844384,-0.7494423368521954,0.6620696215153815,113.05,161.1542857142857,71.12290157587402,358.01000000000005,384.24857142857144,52.64746952721436,120.0,127.67,92.46,414.55,280.92,391.37,41.61,20.11,54.99,6.9,2.36,7.22,1.24,1.27,2.0,36.06,29.35,23.34
13,11,2022,1,7,89.41,304.97,44.77,10.1,1.23,49.52,249,2022-11-13,6,11,317,1,-0.7818314824680299,0.6234898018587334,-0.5000000000000004,0.8660254037844384,-0.7379428103031386,0.6748632518680403,103.99666666666666,162.3042857142857,69.88129193070772,378.60666666666674,377.29714285714283,54.72205214057779,100.51,91.48,193.83,342.71,378.56,361.79,42.36,47.81,19.24,8.17,9.09,1.44,1.09,1.96,1.7,45.14,36.72,24.94
14,11,2022,0,1,96.59,350.87,55.49,11.88,2.87,47.86,319,2022-11-14,0,11,318,0,0.0,1.0,-0.5000000000000004,0.8660254037844384,-0.7262249146041543,0.6874571793269664,103.30666666666666,147.38714285714286,73.10087544261168,354.07666666666677,369.17999999999995,61.23254309052713,89.41,120.0,233.5,304.97,414.55,434.82,44.77,41.61,23.61,10.1,6.9,2.35,1.23,1.24,1.65,49.52,36.06,23.87
15,11,2022,0,2,69.63,244.25,50.08,9.16,1.07,36.35,200,2022-11-15,1,11,319,0,0.7818314824680297,0.6234898018587336,-0.5000000000000004,0.8660254037844384,-0.7142921172691034,0.699847677146407,95.50333333333332,127.82857142857144,63.96560206563439,332.8500000000001,357.18714285714293,54.03146019196712,96.59,100.51,269.14,350.87,342.71,427.73,55.49,42.36,14.73,11.88,8.17,1.37,2.87,1.09,1.28,47.86,45.14,15.29
16,11,2022,0,3,61.99,214.26,43.65,9.12,0.7,49.24,211,2022-11-16,2,11,320,0,0.9749279121818236,-0.22252093395631434,-0.5000000000000004,0.8660254037844384,-0.7021479494046978,0.7120310787787131,85.20999999999998,99.32714285714287,19.49967240262195,300.0300000000001,330.9757142857143,58.431759017718406,69.63,89.41,127.67,244.25,304.97,280.92,50.08,44.77,20.11,9.16,10.1,2.36,1.07,1.23,1.27,36.35,49.52,29.35
17,11,2022,0,4,78.7,268.88,46.23,8.47,0.95,49.3,203,2022-11-17,3,11,321,0,0.43388373911755823,-0.900968867902419,-0.5000000000000004,0.8660254037844384,-0.6897960046655887,0.7240037789593305,76.06999999999998,89.94428571428571,19.390298138626363,269.7933333333334,321.45285714285717,71.8422027117498,61.99,96.59,91.48,214.26,350.87,378.56,43.65,55.49,47.81,9.12,11.88,9.09,0.7,2.87,1.96,49.24,47.86,36.72
18,11,2022,0,5,89.22,321.54,51.54,8.89,1.21,46.32,268,2022-11-18,4,11,322,0,-0.433883739117558,-0.9009688679024191,-0.5000000000000004,0.8660254037844384,-0.6772399381909491,0.7357622347736527,70.10666666666665,88.11857142857141,19.818530410176816,242.4633333333334,305.7842857142858,69.22422886464489,78.7,69.63,120.0,268.88,244.25,414.55,46.23,50.08,41.61,8.47,9.16,6.9,0.95,1.07,1.24,49.3,36.35,36.06
19,11,2022,0,6,83.18,309.66,61.58,8.72,1.28,24.3,263,2022-11-19,5,11,323,1,-0.9749279121818236,-0.2225209339563146,-0.5000000000000004,0.8660254037844384,-0.6644834655228552,0.7473029667054297,76.63666666666664,83.72142857142856,14.17796697764191,268.22666666666674,292.4971428571429,51.53378817639457,89.22,61.99,100.51,321.54,214.26,342.71,51.54,43.65,42.36,8.89,9.12,8.17,1.21,0.7,1.09,46.32,49.24,45.14
20,11,2022,1,7,87.25,317.33,62.95,8.83,1.08,12.19,278,2022-11-20,6,11,324,1,-0.7818314824680299,0.6234898018587334,-0.5000000000000004,0.8660254037844384,-0.6515303615068021,0.75862255966641,83.69999999999999,81.24571428571429,12.121752977113205,300.02666666666676,287.7757142857143,47.524690725678724,83.18,78.7,89.41,309.66,268.88,304.97,61.58,46.23,44.77,8.72,8.47,10.1,1.28,0.95,1.23,24.3,49.3,49.52
21,11,2022,0,1,74.62,271.87,56.62,9.34,0.9,12.89,246,2022-11-21,0,11,325,0,0.0,1.0,-0.5000000000000004,0.8660254037844384,-0.6383844591746642,0.7697176640069211,86.55,80.93714285714286,11.904836152151846,316.17666666666673,289.5414285714286,48.489802167937306,87.25,89.22,96.59,317.33,321.54,350.87,62.95,51.54,55.49,8.83,8.89,11.88,1.08,1.21,2.87,12.19,46.32,47.86
22,11,2022,0,2,62.41,245.34,57.42,9.96,0.8,14.4,203,2022-11-22,1,11,326,0,0.7818314824680297,0.6234898018587336,-0.5000000000000004,0.8660254037844384,-0.6250496486104377,0.7805849965070866,81.68333333333332,77.79857142857144,9.800430991497583,299.6200000000001,278.2557142857143,40.34658137403239,74.62,83.18,69.63,271.87,309.66,244.25,56.62,61.58,50.08,9.34,8.72,9.16,0.9,1.28,1.07,12.89,24.3,36.35
23,11,2022,0,3,57.06,250.87,60.56,9.67,0.79,12.67,221,2022-11-23,2,11,327,0,0.9749279121818236,-0.22252093395631434,-0.5000000000000004,0.8660254037844384,-0.6115298757991053,0.7912213413483807,74.75999999999998,76.76714285714286,11.097494783790145,278.18000000000006,278.4114285714286,40.19528514165606,62.41,87.25,61.99,245.34,317.33,214.26,57.42,62.95,43.65,9.96,8.83,9.12,0.8,1.08,0.7,14.4,12.19,49.24
24,11,2022,0,4,60.97,282.52,60.95,11.43,1.06,16.63,215,2022-11-24,3,11,328,0,0.43388373911755823,-0.900968867902419,-0.5000000000000004,0.8660254037844384,-0.5978291414589552,0.801623551065242,64.69666666666664,76.06285714285715,12.28455495637712,256.02666666666676,283.64142857142855,32.00421817436518,57.06,74.62,78.7,250.87,271.87,268.88,60.56,56.62,46.23,9.67,9.34,8.47,0.79,0.9,0.95,12.67,12.89,49.3
25,11,2022,0,5,68.93,331.13,67.56,12.16,1.51,13.87,306,2022-11-25,4,11,329,0,-0.433883739117558,-0.9009688679024191,-0.5000000000000004,0.8660254037844384,-0.5839514998576998,0.8117885474764613,60.14666666666665,73.53,13.425063624929056,259.57666666666677,285.59000000000003,31.3645213577377,60.97,62.41,89.22,282.52,245.34,321.54,60.95,57.42,51.54,11.43,9.96,8.89,1.06,0.8,1.21,16.63,14.4,46.32
26,11,2022,0,6,77.94,360.48,66.49,11.4,1.12,17.97,296,2022-11-26,5,11,330,1,-0.9749279121818236,-0.2225209339563146,-0.5000000000000004,0.8660254037844384,-0.5699010576127624,0.821713322596059,62.319999999999986,70.63142857142857,11.529425294398173,288.1733333333334,286.96,33.3435401039939,68.93,57.06,83.18,331.13,250.87,309.66,67.56,60.56,61.58,12.16,9.67,8.72,1.51,0.79,1.28,13.87,12.67,24.3
27,11,2022,1,7,75.94,329.99,69.23,10.21,1.27,13.11,288,2022-11-27,6,11,331,1,-0.7818314824680299,0.6234898018587334,-0.5000000000000004,0.8660254037844384,-0.5556819724760489,0.8313949395234058,69.27999999999999,69.88285714285715,10.72063386541353,324.71000000000004,294.21999999999997,43.18892064715956,77.94,60.97,87.25,360.48,282.52,317.33,66.49,60.95,62.95,11.4,11.43,8.83,1.12,1.06,1.08,17.97,16.63,12.19
28,11,2022,0,1,74.82,362.38,68.45,12.88,1.7,13.4,308,2022-11-28,0,11,332,0,0.0,1.0,-0.5000000000000004,0.8660254037844384,-0.5412984521036173,0.8408305333122887,74.26999999999998,68.26714285714286,8.22992044167208,340.53333333333336,296.0285714285714,44.561234060025306,75.94,68.93,74.62,329.99,331.13,271.87,69.23,67.56,56.62,10.21,12.16,9.34,1.27,1.51,0.9,13.11,13.87,12.89
29,11,2022,0,2,106.72,540.39,69.57,11.69,2.69,9.69,360,2022-11-29,1,11,333,0,0.7818314824680297,0.6234898018587336,-0.5000000000000004,0.8660254037844384,-0.5267547528105542,0.8500173118187018,76.2333333333333,68.2957142857143,8.255957156592446,350.95000000000005,308.9585714285714,49.26594950827957,74.82,77.94,62.41,362.38,360.48,245.34,68.45,66.49,57.42,12.88,11.4,9.96,1.7,1.12,0.8,13.4,17.97,14.4
30,11,2022,0,3,109.39,454.52,48.69,7.73,2.46,11.01,389,2022-11-30,2,11,334,0,0.9749279121818236,-0.22252093395631434,-0.5000000000000004,0.8660254037844384,-0.5120551783114646,0.8589525565270845,85.82666666666664,74.62571428571428,16.177488327039157,410.9200000000001,351.1085714285714,92.77178871269174,106.72,75.94,57.06,540.39,329.99,250.87,69.57,69.23,60.56,11.69,10.21,9.67,2.69,1.27,0.79,9.69,13.11,12.67
1,12,2022,0,4,167.61,439.69,48.42,4.23,1.62,28.51,358,2022-12-01,3,12,335,0,0.43388373911755823,-0.900968867902419,-2.4492935982947064e-16,1.0,-0.4972040784469378,0.8676336233547726,96.97666666666665,82.10142857142857,18.614796469988732,452.43000000000006,380.20142857142855,87.90242761694526,109.39,74.82,60.97,454.52,362.38,282.52,48.69,68.45,60.95,7.73,12.88,11.43,2.46,1.7,1.06,11.01,13.4,16.63
2,12,2022,0,5,215.42,378.66,50.2,4.4,2.1,26.9,386,2022-12-02,4,12,336,0,-0.433883739117558,-0.9009688679024191,-2.4492935982947064e-16,1.0,-0.4822058478963526,0.8760579434344281,127.90666666666665,97.33571428571427,34.92768283999787,478.20000000000005,402.6542857142857,78.3468078177918,167.61,106.72,68.93,439.69,540.39,331.13,48.42,69.57,67.56,4.23,11.69,12.16,1.62,2.69,1.51,28.51,9.69,13.87
3,12,2022,0,6,311.79,534.61,58.04,5.87,3.41,45.73,411,2022-12-03,5,12,337,1,-0.9749279121818236,-0.2225209339563146,-2.4492935982947064e-16,1.0,-0.46706492487743034,0.8842230238742036,164.14,118.26285714285714,53.83780416345845,424.29000000000013,409.4442857142857,72.99156043843698,215.42,109.39,77.94,378.66,454.52,360.48,50.2,48.69,66.49,4.4,7.73,11.4,2.1,2.46,1.12,26.9,11.01,17.97
4,12,2022,1,7,249.33,468.77,48.85,3.93,1.98,35.75,408,2022-12-04,6,12,338,1,-0.7818314824680299,0.6234898018587334,-2.4492935982947064e-16,1.0,-0.451785789832884,0.8921264484954345,231.60666666666665,151.67000000000002,86.99196974433926,450.98666666666674,434.32,82.56709796684486,311.79,167.61,75.94,534.61,439.69,329.99,58.04,48.42,69.23,5.87,4.23,10.21,3.41,1.62,1.27,45.73,28.51,13.11
5,12,2022,0,1,186.49,400.31,46.1,5.88,1.27,34.63,324,2022-12-05,0,12,339,0,0.0,1.0,-2.4492935982947064e-16,1.0,-0.4363729641045924,0.8997658785476209,258.84666666666664,176.44,86.51896632145673,460.68000000000006,454.1457142857143,68.86532142695604,249.33,215.42,74.82,468.77,378.66,362.38,48.85,50.2,68.45,3.93,4.4,12.88,1.98,2.1,1.7,35.75,26.9,13.4
6,12,2022,0,2,120.08,330.43,43.04,4.02,0.96,31.53,316,2022-12-06,1,12,340,0,0.7818314824680297,0.6234898018587336,-2.4492935982947064e-16,1.0,-0.4208310085956556,0.9071390534005044,249.20333333333335,192.39285714285714,74.0564106417728,467.89666666666676,459.5642857142857,61.54457242712771,186.49,311.79,106.72,400.31,534.61,540.39,46.1,58.04,69.57,5.88,5.87,11.69,1.27,3.41,2.69,34.63,45.73,9.69
7,12,2022,0,3,80.29,245.29,40.42,3.83,0.7,30.53,224,2022-12-07,2,12,341,0,0.9749279121818236,-0.22252093395631434,-2.4492935982947064e-16,1.0,-0.4051645224207563,0.9142437912130223,185.29999999999998,194.3014285714286,71.6122942025488,399.83666666666676,429.57000000000005,66.54781964873,120.08,249.33,109.39,330.43,468.77,454.52,43.04,48.85,48.69,4.02,3.93,7.73,0.96,1.98,2.46,31.53,35.75,11.01
8,12,2022,0,4,82.64,269.16,42.1,5.65,0.87,35.3,209,2022-12-08,3,12,342,0,0.43388373911755823,-0.900968867902419,-2.4492935982947064e-16,1.0,-0.3893781415452015,0.9210779895789526,128.9533333333333,190.1442857142857,77.92903435330197,325.3433333333334,399.68,94.56426826943279,80.29,186.49,167.61,245.29,400.31,439.69,40.42,46.1,48.42,3.83,5.88,4.23,0.7,1.27,1.62,30.53,34.63,28.51
9,12,2022,0,5,87.75,301.25,46.34,4.85,1.09,35.32,260,2022-12-09,4,12,343,0,-0.433883739117558,-0.9009688679024191,-2.4492935982947064e-16,1.0,-0.37347653741307074,0.9276396261490467,94.33666666666664,178.00571428571428,87.99201608804132,281.6266666666668,375.31857142857143,104.03102172406228,82.64,120.08,215.42,269.16,330.43,378.66,42.1,43.04,50.2,5.65,4.02,4.4,0.87,0.96,2.1,35.3,31.53,26.9
10,12,2022,0,6,103.38,354.67,47.36,6.37,1.49,37.31,343,2022-12-10,5,12,344,1,-0.9749279121818236,-0.2225209339563146,-2.4492935982947064e-16,1.0,-0.35746441556486136,0.9339267592294762,83.55999999999999,159.76714285714283,92.0808667629142,271.9000000000001,364.25999999999993,107.66743936771203,87.75,80.29,311.79,301.25,245.29,534.61,46.34,40.42,58.04,4.85,3.83,5.87,1.09,0.7,3.41,35.32,30.53,45.73
11,12,2022,1,7,72.24,243.72,45.85,6.12,0.67,28.5,198,2022-12-11,6,12,345,1,-0.7818314824680299,0.6234898018587334,-2.4492935982947064e-16,1.0,-0.34134651424503615,0.9399375283564133,91.25666666666665,129.99428571428572,64.2091838854703,308.3600000000001,338.55428571428575,77.46076896449839,103.38,82.64,249.33,354.67,269.16,468.77,47.36,42.1,48.85,6.37,5.65,3.93,1.49,0.87,1.98,37.31,35.3,35.75
12,12,2022,0,1,59.22,202.71,46.55,5.73,0.7,24.1,182,2022-12-12,0,12,346,0,0.0,1.0,-2.4492935982947064e-16,1.0,-0.3251276029999093,0.9456701548465688,87.78999999999998,104.69571428571429,39.47855234476242,299.88000000000005,306.4042857142858,58.88275974543046,72.24,87.75,186.49,243.72,301.25,400.31,45.85,46.34,46.1,6.12,4.85,5.88,0.67,1.09,1.27,28.5,35.32,34.63
13,12,2022,0,2,48.35,163.77,42.62,5.56,0.53,34.23,153,2022-12-13,1,12,347,0,0.7818314824680297,0.6234898018587336,-2.4492935982947064e-16,1.0,-0.30881248126625377,0.9511229423235357,78.27999999999999,86.5142857142857,20.0629076134248,267.0333333333334,278.17571428571426,53.477927489492686,59.22,103.38,120.08,202.71,354.67,330.43,46.55,47.36,43.04,5.73,6.37,4.02,0.7,1.49,0.96,24.1,37.31,31.53
14,12,2022,0,3,54.45,189.7,42.03,5.71,0.64,35.61,161,2022-12-14,2,12,348,0,0.9749279121818236,-0.22252093395631434,-2.4492935982947064e-16,1.0,-0.29240597695107734,0.9562942772197719,59.93666666666664,76.26714285714286,18.302775485599195,203.4000000000001,254.36714285714288,62.64922577714919,48.35,72.24,80.29,163.77,243.72,245.29,42.62,45.85,40.42,5.56,6.12,3.83,0.53,0.67,0.7,34.23,28.5,30.53
15,12,2022,0,4,59.8,210.46,45.72,5.63,0.76,31.31,162,2022-12-15,3,12,349,0,0.43388373911755823,-0.900968867902419,-2.4492935982947064e-16,1.0,-0.27591294500296043,0.9611826292540837,54.00666666666665,72.57571428571428,19.892910677881126,185.3933333333334,246.4257142857143,67.33935670842713,54.45,59.22,82.64,189.7,202.71,269.16,42.03,46.55,42.1,5.71,5.73,5.65,0.64,0.7,0.87,35.61,24.1,35.3
16,12,2022,0,5,89.82,330.13,48.74,6.21,1.21,39.3,206,2022-12-16,4,12,350,0,-0.433883739117558,-0.9009688679024191,-2.4492935982947064e-16,1.0,-0.25933826597540555,0.9657865518844574,54.19999999999998,69.31285714285714,19.840080404984583,187.97666666666677,238.04000000000002,67.69044393413323,59.8,48.35,87.75,210.46,163.77,301.25,45.72,42.62,46.34,5.63,5.56,4.85,0.76,0.53,1.09,31.31,34.23,35.32
17,12,2022,0,6,93.08,353.73,48.36,6.0,1.44,44.17,314,2022-12-17,5,12,351,1,-0.9749279121818236,-0.2225209339563146,-2.4492935982947064e-16,1.0,-0.2426868445825954,0.9701046827361175,68.02333333333331,69.60857142857142,20.173312757678403,243.43000000000006,242.1657142857143,72.86733444123958,89.82,54.45,103.38,330.13,189.7,354.67,48.74,42.03,47.36,6.21,5.71,6.37,1.21,0.64,1.49,39.3,35.61,37.31
18,12,2022,1,7,113.19,413.75,51.33,7.3,1.67,51.19,319,2022-12-18,6,12,352,1,-0.7818314824680299,0.6234898018587334,-2.4492935982947064e-16,1.0,-0.22596360824801906,0.974135744004672,80.89999999999998,68.13714285714285,17.4977052917305,298.10666666666674,242.03142857142856,72.62591351773654,93.08,59.8,72.24,353.73,210.46,243.72,48.36,45.72,45.85,6.0,5.63,6.12,1.44,0.76,0.67,44.17,31.31,28.5
19,12,2022,0,1,119.53,422.23,48.02,6.02,1.83,54.2,354,2022-12-19,0,12,353,0,0.0,1.0,-2.4492935982947064e-16,1.0,-0.2091735056463564,0.9778785428342386,98.69666666666664,73.98714285714286,24.530209751982387,365.87000000000006,266.32142857142856,97.46924958306455,113.19,89.82,59.22,413.75,330.13,202.71,51.33,48.74,46.55,7.3,6.21,5.73,1.67,1.21,0.7,51.19,39.3,24.1
20,12,2022,0,2,76.69,275.39,42.13,5.94,1.37,41.98,263,2022-12-20,1,12,354,0,0.7818314824680297,0.6234898018587336,-2.4492935982947064e-16,1.0,-0.19232150523909483,0.9813319716704275,108.59999999999998,82.60285714285715,28.713692270580296,396.5700000000001,297.68142857142857,108.30393135809541,119.53,93.08,48.35,422.23,353.73,163.77,48.02,48.36,42.62,6.02,6.0,5.56,1.83,1.44,0.53,54.2,44.17,34.23
21,12,2022,0,3,81.9,296.64,41.85,5.38,1.11,41.98,214,2022-12-21,2,12,355,0,0.9749279121818236,-0.22252093395631434,-2.4492935982947064e-16,1.0,-0.17541259380427843,0.9844950085880858,103.13666666666666,86.65142857142857,24.81203970425994,370.45666666666676,313.6271428571428,92.34286269374682,76.69,113.19,54.45,275.39,413.75,189.7,42.13,51.33,42.03,5.94,7.3,5.71,1.37,1.67,0.64,41.98,51.19,35.61
22,12,2022,0,4,84.37,314.04,42.92,5.72,1.11,36.46,263,2022-12-22,3,12,356,0,0.43388373911755823,-0.900968867902419,-2.4492935982947064e-16,1.0,-0.15845177496083634,0.9873667175937016,92.70666666666665,90.57285714285715,20.70356146036023,331.4200000000001,328.9042857142857,75.78490875654646,81.9,119.53,59.8,296.64,422.23,210.46,41.85,48.02,45.72,5.38,6.02,5.63,1.11,1.83,0.76,41.98,54.2,31.31
23,12,2022,0,5,71.87,273.2,44.95,5.54,1.28,42.72,236,2022-12-23,4,12,357,0,-0.433883739117558,-0.9009688679024191,-2.4492935982947064e-16,1.0,-0.14144406768794202,0.9899462489023779,80.98666666666664,94.08285714285714,16.21260180054122,295.35666666666674,343.70142857142855,56.44957113169547,84.37,76.69,89.82,314.04,275.39,330.13,42.92,42.13,48.74,5.72,5.94,6.21,1.11,1.37,1.21,36.46,41.98,39.3
24,12,2022,0,6,69.88,260.04,44.51,6.85,1.18,39.41,266,2022-12-24,5,12,358,1,-0.9749279121818236,-0.2225209339563146,-2.4492935982947064e-16,1.0,-0.12439450483979998,0.9922328391893008,79.37999999999998,91.51857142857143,18.286155444828662,294.6266666666668,335.56857142857143,62.50678454604497,71.87,81.9,93.08,273.2,296.64,353.73,44.95,41.85,48.36,5.54,5.38,6.0,1.28,1.11,1.44,42.72,41.98,44.17
25,12,2022,1,7,71.78,268.7,44.21,5.75,0.95,32.42,208,2022-12-25,6,12,359,1,-0.7818314824680299,0.6234898018587334,-2.4492935982947064e-16,1.0,-0.10730813165636247,0.9942258118156161,75.37333333333332,88.2042857142857,19.979986534150093,282.42666666666673,322.1842857142857,67.77824450789065,69.88,84.37,113.19,260.04,314.04,413.75,44.51,42.92,51.33,6.85,5.72,7.3,1.18,1.11,1.67,39.41,36.46,51.19
26,12,2022,0,1,109.62,483.0,37.02,6.67,2.0,55.89,240,2022-12-26,0,12,360,0,0.0,1.0,-2.4492935982947064e-16,1.0,-0.09019000427034513,0.9959245770286599,71.17666666666666,82.28857142857143,17.29981062379316,267.31333333333345,301.46285714285716,56.323452993782695,71.78,71.87,119.53,268.7,273.2,422.23,44.21,44.95,48.02,5.75,5.54,6.02,0.95,1.28,1.83,32.42,42.72,54.2
27,12,2022,0,2,69.44,254.83,34.94,6.17,1.5,38.39,249,2022-12-27,1,12,361,0,0.7818314824680297,0.6234898018587336,-2.4492935982947064e-16,1.0,-0.07304518821104744,0.9973286321364752,83.75999999999999,80.87285714285714,13.794648375713798,337.2466666666667,310.14428571428573,78.39796890590608,109.62,69.88,76.69,483.0,260.04,275.39,37.02,44.51,42.13,6.67,6.85,5.94,2.0,1.18,1.37,55.89,39.41,41.98
28,12,2022,0,3,69.87,261.53,34.82,7.22,1.22,42.97,236,2022-12-28,2,12,362,0,0.9749279121818236,-0.22252093395631434,-2.4492935982947064e-16,1.0,-0.05587875690537313,0.9984375616565666,83.61333333333333,79.83714285714287,14.41907846603186,335.51000000000005,307.20714285714286,80.27958576422887,69.44,71.78,81.9,254.83,268.7,296.64,34.94,44.21,41.85,6.17,5.75,5.38,1.5,0.95,1.11,38.39,32.42,41.98
29,12,2022,0,4,92.92,363.94,37.52,8.36,1.52,53.06,232,2022-12-29,3,12,363,0,0.43388373911755823,-0.900968867902419,-2.4492935982947064e-16,1.0,-0.03869579017652689,0.9992510374388481,82.97666666666665,78.11857142857143,14.84291686133293,333.12000000000006,302.1914285714286,82.12541880736869,69.87,109.62,84.37,261.53,483.0,314.04,34.82,37.02,42.92,7.22,6.67,5.72,1.22,2.0,1.11,42.97,55.89,36.46
30,12,2022,0,5,202.24,449.21,35.17,8.63,2.04,56.41,368,2022-12-30,4,12,364,0,-0.433883739117558,-0.9009688679024191,-2.4492935982947064e-16,1.0,-0.021501372740813793,0.999768818762748,77.40999999999998,79.34,15.76616524925217,293.4333333333334,309.32000000000005,85.42471168617811,92.92,69.44,71.87,363.94,254.83,273.2,37.52,34.94,44.95,8.36,6.17,5.54,1.52,1.5,1.28,53.06,38.39,42.72
31,12,2022,0,6,164.48,265.14,7.95,4.46,1.01,37.59,357,2022-12-31,5,12,365,1,-0.9749279121818236,-0.2225209339563146,-2.4492935982947064e-16,1.0,-0.004300592702981974,0.9999907524084426,121.67666666666666,97.96428571428571,48.497410191041645,358.22666666666674,334.4642857142857,97.99931987130354,202.24,69.87,69.88,449.21,261.53,260.04,35.17,34.82,44.51,8.63,7.22,6.85,2.04,1.22,1.18,56.41,42.97,39.41
1,1,2023,1,7,139.04,207.88,10.73,2.98,0.99,41.19,281,2023-01-01,6,1,1,1,-0.7818314824680299,0.6234898018587334,0.49999999999999994,0.8660254037844387,0.017201575418260506,0.9998520419557735,153.21333333333334,111.47857142857143,52.39140273892685,359.43000000000006,335.1928571428571,97.37074059392533,164.48,92.92,71.78,265.14,363.94,268.7,7.95,37.52,44.21,4.46,8.36,5.75,1.01,1.52,0.95,37.59,53.06,32.42
2,1,2023,0,1,202.79,297.92,11.52,3.08,1.17,48.45,327,2023-01-02,0,1,2,0,0.0,1.0,0.49999999999999994,0.8660254037844387,0.03439806061360801,0.9994082116062598,168.58666666666664,121.08714285714287,50.01089505107434,307.41,326.5042857142857,106.57172183669586,139.04,202.24,109.62,207.88,449.21,483.0,10.73,35.17,37.02,2.98,8.63,6.67,0.99,2.04,2.0,41.19,56.41,55.89
3,1,2023,0,2,233.25,368.79,11.94,7.57,0.95,47.16,384,2023-01-03,1,1,3,0,0.7818314824680297,0.6234898018587336,0.49999999999999994,0.8660254037844387,0.051584366869408364,0.9986686402879997,168.76999999999998,134.39714285714285,58.18119189631848,256.9800000000001,300.0642857142857,81.21763865424447,202.79,164.48,69.44,297.92,265.14,254.83,11.52,7.95,34.94,3.08,4.46,6.17,1.17,1.01,1.5,48.45,37.59,38.39
4,1,2023,0,3,171.19,266.21,9.66,3.48,0.96,41.98,341,2023-01-04,2,1,4,0,0.9749279121818236,-0.22252093395631434,0.49999999999999994,0.8660254037844387,0.06875540848113941,0.9976335468520451,191.6933333333333,157.79857142857142,60.593420277720085,291.5300000000001,316.3442857142857,82.05652865700621,233.25,139.04,69.87,368.79,207.88,261.53,11.94,10.73,34.82,7.57,2.98,7.22,0.95,0.99,1.22,47.16,41.19,42.97
5,1,2023,0,4,163.96,274.04,13.22,8.45,1.11,38.09,318,2023-01-05,3,1,5,0,0.43388373911755823,-0.900968867902419,0.49999999999999994,0.8660254037844387,0.08590610426133272,0.9963032375991965,202.40999999999997,172.27285714285716,46.56668613013913,310.9733333333334,317.0128571428572,81.55300438248435,171.19,202.79,92.92,266.21,297.92,363.94,9.66,11.52,37.52,3.48,3.08,8.36,0.96,1.17,1.52,41.98,48.45,53.06
6,1,2023,0,5,213.63,628.17,14.68,9.41,1.2,45.34,365,2023-01-06,4,1,6,0,-0.433883739117558,-0.9009688679024191,0.49999999999999994,0.8660254037844387,0.10303137904317879,0.9946781061893646,189.46666666666667,182.42142857142858,31.785769052922834,303.0133333333334,304.17,79.99509568300627,163.96,233.25,202.24,274.04,368.79,449.21,13.22,11.94,35.17,8.45,7.57,8.63,1.11,0.95,2.04,38.09,47.16,56.41
7,1,2023,0,6,200.6,1000.0,13.16,15.77,1.15,41.66,500,2023-01-07,5,1,7,1,-0.9749279121818236,-0.2225209339563146,0.49999999999999994,0.8660254037844387,0.1201261651823505,0.9927586335250793,182.92666666666665,184.04857142857142,33.22819256222663,389.47333333333336,329.7357142857143,140.09487866646447,213.63,171.19,164.48,628.17,266.21,265.14,14.68,9.66,7.95,9.41,3.48,4.46,1.2,0.96,1.01,45.34,41.98,37.59
8,1,2023,1,7,232.78,869.48,9.26,5.16,1.52,50.96,500,2023-01-08,6,1,8,1,-0.7818314824680299,0.6234898018587334,0.49999999999999994,0.8660254037844387,0.13718540405660057,0.9905453876091833,192.73,189.20857142857145,32.479014470153054,634.07,434.71571428571434,284.51580324340154,200.6,163.96,139.04,1000.0,274.04,207.88,13.16,13.22,10.73,15.77,8.45,2.98,1.15,1.11,0.99,41.66,38.09,41.19
9,1,2023,0,1,250.18,377.71,11.19,5.84,2.31,57.32,412,2023-01-09,0,1,9,0,0.0,1.0,0.49999999999999994,0.8660254037844387,0.1542040475626894,0.988039023376751,215.67,202.6,27.250656261211297,832.5500000000001,529.23,305.7041994041514,232.78,213.63,202.79,869.48,628.17,297.92,9.26,14.68,11.52,5.16,9.41,3.08,1.52,1.2,1.17,50.96,45.34,48.45
10,1,2023,0,2,168.18,273.41,12.36,4.46,1.23,13.06,236,2023-01-10,1,1,10,0,0.7818314824680297,0.6234898018587336,0.49999999999999994,0.8660254037844387,0.17117705961019986,0.985240282501282,227.85333333333332,209.37000000000003,32.656238811800726,749.0633333333334,540.6285714285715,297.00584940528057,250.18,200.6,233.25,377.71,1000.0,368.79,11.19,13.16,11.94,5.84,15.77,7.57,2.31,1.15,0.95,57.32,41.66,47.16
11,1,2023,0,3,189.83,310.04,16.15,4.9,1.17,10.61,288,2023-01-11,2,1,11,0,0.9749279121818236,-0.22252093395631434,0.49999999999999994,0.8660254037844387,0.18809941761179758,0.9821499931752291,217.04666666666662,200.0742857142857,33.96093140514244,506.86666666666673,527.0028571428571,308.1808173629177,168.18,232.78,171.19,273.41,869.48,266.21,12.36,9.26,9.66,4.46,5.16,3.48,1.23,1.52,0.96,13.06,50.96,41.98
12,1,2023,0,4,227.38,356.05,15.18,8.87,1.63,12.0,400,2023-01-12,3,1,12,0,0.43388373911755823,-0.900968867902419,0.49999999999999994,0.8660254037844387,0.20496611396949532,0.9787690698649216,202.73,202.73714285714286,31.992386966426114,320.38666666666677,533.2642857142857,302.3899319784053,189.83,250.18,163.96,310.04,377.71,274.04,16.15,11.19,13.22,4.9,5.84,8.45,1.17,2.31,1.11,10.61,57.32,38.09
13,1,2023,0,5,225.92,340.05,16.07,5.8,1.68,11.22,388,2023-01-13,4,1,13,0,-0.433883739117558,-0.9009688679024191,0.49999999999999994,0.8660254037844387,0.22177215755648186,0.975098513039961,195.13,211.79714285714286,27.89891079969879,313.16666666666674,544.98,292.08585861010084,227.38,168.18,213.63,356.05,273.41,628.17,15.18,12.36,14.68,8.87,4.46,9.41,1.63,1.23,1.2,12.0,13.06,45.34
14,1,2023,0,6,146.21,237.45,6.72,4.05,0.65,19.31,337,2023-01-14,5,1,14,1,-0.9749279121818236,-0.2225209339563146,0.49999999999999994,0.8660254037844387,0.23851257519407648,0.9711394088771653,214.37666666666664,213.55285714285716,28.415410557352196,335.3800000000001,503.82,298.63623423824487,225.92,189.83,200.6,340.05,310.04,1000.0,16.07,16.15,13.16,5.8,4.9,15.77,1.68,1.17,1.15,11.22,10.61,41.66
15,1,2023,1,7,107.33,193.54,9.47,4.0,0.45,16.35,233,2023-01-15,6,1,15,1,-0.7818314824680299,0.6234898018587334,0.49999999999999994,0.8660254037844387,0.2551824131233728,0.9668929289391521,199.83666666666662,205.78285714285715,38.273765912735634,311.18333333333345,394.88428571428574,214.7832465422712,146.21,227.38,232.78,237.45,356.05,869.48,6.72,15.18,9.26,4.05,8.87,5.16,0.65,1.63,1.52,19.31,12.0,50.96
16,1,2023,0,1,162.29,270.4,13.45,5.42,0.76,18.87,285,2023-01-16,0,1,16,0,0.0,1.0,0.49999999999999994,0.8660254037844387,0.2717767384711357,0.9623603298276545,159.81999999999996,187.86142857142858,50.83496678093807,257.0133333333334,298.32142857142856,66.85655002280942,107.33,225.92,250.18,193.54,340.05,377.71,9.47,16.07,11.19,4.0,5.8,5.84,0.45,1.68,2.31,16.35,11.22,57.32
17,1,2023,0,2,151.71,249.14,13.4,5.6,0.87,17.38,289,2023-01-17,1,1,17,0,0.7818314824680297,0.6234898018587336,0.49999999999999994,0.8660254037844387,0.2882906407095177,0.9575429528116719,138.60999999999999,175.30571428571426,43.15077243694246,233.7966666666667,282.99142857142857,57.2287635804971,162.29,146.21,168.18,270.4,237.45,273.41,13.45,6.72,12.36,5.42,4.05,4.46,0.76,0.65,1.23,18.87,19.31,13.06
18,1,2023,0,3,199.0,327.3,15.06,6.29,1.42,12.66,302,2023-01-18,2,1,18,0,0.9749279121818236,-0.22252093395631434,0.49999999999999994,0.8660254037844387,0.3047192331091634,0.9524422234305676,140.4433333333333,172.95285714285714,44.04385190325912,237.69333333333338,279.5242857142857,58.62416477220079,151.71,107.33,189.83,249.14,193.54,310.04,13.4,9.47,16.15,5.6,4.0,4.9,0.87,0.45,1.17,17.38,16.35,10.61
19,1,2023,0,4,191.79,313.42,16.98,12.14,1.25,15.73,337,2023-01-19,3,1,19,0,0.43388373911755823,-0.900968867902419,0.49999999999999994,0.8660254037844387,0.321057654185271,0.9470596510722283,170.99999999999997,174.26285714285714,44.760042342207655,282.28000000000003,281.99,60.45591782447812,199.0,162.29,227.38,327.3,270.4,356.05,15.06,13.45,15.18,6.29,5.42,8.87,1.42,0.76,1.63,12.66,18.87,12.0
20,1,2023,0,5,81.13,159.68,9.12,9.95,0.7,18.33,196,2023-01-20,4,1,20,0,-0.433883739117558,-0.9009688679024191,0.49999999999999994,0.8660254037844387,0.3373010691361842,0.9413968285264122,180.83333333333334,169.17857142857142,39.42416451390035,296.62000000000006,275.90000000000003,53.498991579281714,191.79,151.71,225.92,313.42,249.14,340.05,16.98,13.4,16.07,12.14,5.6,5.8,1.25,0.87,1.68,15.73,17.38,11.22
21,1,2023,0,6,217.29,342.69,19.29,6.89,1.5,10.49,305,2023-01-21,5,1,21,1,-0.9749279121818236,-0.2225209339563146,0.49999999999999994,0.8660254037844387,0.3534446712740877,0.9354554315134164,157.30666666666664,148.49428571428572,42.551286646094866,266.8000000000001,250.13285714285712,60.43881057573515,81.13,199.0,146.21,159.68,327.3,237.45,9.12,15.06,6.72,9.95,6.29,4.05,0.7,1.42,0.65,18.33,12.66,19.31
22,1,2023,1,7,254.46,392.36,13.55,8.77,1.53,17.28,411,2023-01-22,6,1,22,1,-0.7818314824680299,0.6234898018587334,0.49999999999999994,0.8660254037844387,0.3694836834473831,0.9292372181882051,163.4033333333333,158.64857142857142,49.78208795292153,271.93000000000006,265.1671428571429,69.21086203631323,217.29,191.79,107.33,342.69,313.42,193.54,19.29,16.98,9.47,6.89,12.14,4.0,1.5,1.25,0.45,10.49,15.73,16.35
23,1,2023,0,1,160.63,273.19,15.09,7.26,1.19,13.34,335,2023-01-23,0,1,23,0,0.0,1.0,0.49999999999999994,0.8660254037844387,0.38541335945432564,0.9227440286201427,184.2933333333333,179.66714285714286,55.26196603882477,298.2433333333334,293.57,75.43361297635629,254.46,81.13,162.29,392.36,159.68,270.4,13.55,9.12,13.45,8.77,9.95,5.42,1.53,0.7,0.76,17.28,18.33,18.87
24,1,2023,0,2,94.94,193.3,15.85,6.38,1.05,9.13,242,2023-01-24,1,1,24,0,0.7818314824680297,0.6234898018587336,0.49999999999999994,0.8660254037844387,0.4012289854475009,0.9159777842484877,210.7933333333333,179.43,55.35245161688894,336.0800000000001,293.96857142857147,75.29803371239133,160.63,217.29,151.71,273.19,342.69,249.14,15.09,19.29,13.4,7.26,6.89,5.6,1.19,1.5,0.87,13.34,10.49,17.38
25,1,2023,0,3,95.75,198.95,9.43,5.96,1.16,5.31,181,2023-01-25,2,1,25,0,0.9749279121818236,-0.22252093395631434,0.49999999999999994,0.8660254037844387,0.4169258813287287,0.908940487313808,170.01,171.32,63.63060112870247,286.2833333333334,285.99142857142857,83.36454090890459,94.94,254.46,199.0,193.3,392.36,327.3,15.85,13.55,15.06,6.38,8.77,6.29,1.05,1.53,1.42,9.13,17.28,12.66
26,1,2023,1,4,80.56,204.28,4.31,5.5,0.84,9.49,174,2023-01-26,3,1,26,0,0.43388373911755823,-0.900968867902419,0.49999999999999994,0.8660254037844387,0.4324994021339788,0.901634220265486,117.10666666666664,156.57,67.96423740958697,221.81333333333342,267.6557142857143,86.80850896410725,95.75,160.63,191.79,198.95,273.19,313.42,9.43,15.09,16.98,5.96,7.26,12.14,1.16,1.19,1.25,5.31,13.34,15.73
27,1,2023,0,5,60.43,151.75,5.85,6.42,0.68,19.37,143,2023-01-27,4,1,27,0,-0.433883739117558,-0.9009688679024191,0.49999999999999994,0.8660254037844387,0.44794493940789115,0.8940611451454876,90.41666666666664,140.68,71.27932425792702,198.8433333333334,252.06428571428572,87.0198886954672,80.56,94.94,81.13,204.28,193.3,159.68,4.31,15.85,9.12,5.5,6.38,9.95,0.84,1.05,0.7,9.49,9.13,18.33
28,1,2023,0,6,86.36,211.73,8.74,7.04,0.87,14.72,157,2023-01-28,5,1,28,1,-0.9749279121818236,-0.2225209339563146,0.49999999999999994,0.8660254037844387,0.4632579225674917,0.88622350294858,78.91333333333331,137.72285714285712,74.51744711012019,184.99333333333342,250.93142857142857,88.46268731854758,60.43,95.75,217.29,151.75,198.95,342.69,5.85,9.43,19.29,6.42,5.96,6.89,0.68,1.16,1.5,19.37,5.31,10.49
29,1,2023,1,7,108.45,274.83,18.08,6.67,1.83,2.7,255,2023-01-29,6,1,29,1,-0.7818314824680299,0.6234898018587334,0.49999999999999994,0.8660254037844387,0.4784338202547012,0.8781236129591848,75.78333333333332,119.01857142857143,67.29952982217448,189.25333333333342,232.22285714285712,79.1843043610471,86.36,80.56,254.46,211.73,204.28,392.36,8.74,4.31,13.55,7.04,5.5,8.77,0.87,0.84,1.53,14.72,9.49,17.28
30,1,2023,0,1,44.16,115.07,8.34,7.91,1.14,11.57,110,2023-01-30,0,1,30,0,0.0,1.0,0.49999999999999994,0.8660254037844387,0.49346814167723735,0.8697638720650646,85.07999999999998,98.16,31.35047687037691,212.77000000000007,215.4328571428571,44.3829166513005,108.45,60.43,160.63,274.83,151.75,273.19,18.08,5.85,15.09,6.67,6.42,7.26,1.83,0.68,1.19,2.7,19.37,13.34
31,1,2023,0,2,37.09,108.88,3.51,5.83,0.83,10.87,127,2023-01-31,1,1,31,0,0.7818314824680297,0.6234898018587336,0.49999999999999994,0.8660254037844387,0.5083564379375122,0.8611467540480452,79.65666666666664,81.52142857142857,22.258777615862453,200.5433333333334,192.84428571428572,49.97361032156413,44.16,86.36,94.94,115.07,211.73,193.3,8.34,8.74,15.85,7.91,7.04,6.38,1.14,0.87,1.05,11.57,14.72,9.13
1,2,2023,0,3,39.98,128.57,5.42,6.4,0.69,14.93,101,2023-02-01,2,2,32,0,0.9749279121818236,-0.22252093395631434,0.8660254037844386,0.5000000000000001,0.5230943033491326,0.8522748088519838,63.23333333333331,73.25714285714285,26.735506799190528,166.26000000000008,180.78428571428572,59.18313212877086,37.09,108.45,95.75,108.88,274.83,198.95,3.51,18.08,9.43,5.83,6.67,5.96,0.83,1.83,1.16,10.87,2.7,5.31
2,2,2023,0,4,49.4,161.13,7.39,7.78,0.77,15.06,141,2023-02-02,3,2,33,0,0.43388373911755823,-0.900968867902419,0.8660254037844386,0.5000000000000001,0.5376773767406141,0.8431506618282,40.409999999999975,65.28999999999999,27.2208131154583,117.50666666666673,170.73000000000002,61.51500711208711,39.98,44.16,80.56,128.57,115.07,204.28,5.42,8.34,4.31,6.4,7.91,5.5,0.69,1.14,0.84,14.93,11.57,9.49
3,2,2023,0,5,73.57,258.27,11.25,10.0,1.07,15.39,187,2023-02-03,4,2,34,0,-0.433883739117558,-0.9009688679024191,0.8660254037844386,0.5000000000000001,0.5521013427459208,0.8337770129585915,42.156666666666645,60.83857142857143,26.85283562219121,132.86000000000007,164.56571428571428,59.728755179044434,49.4,37.09,60.43,161.13,108.88,151.75,7.39,3.51,5.85,7.78,5.83,6.42,0.77,0.83,0.68,15.06,10.87,19.37
4,2,2023,0,6,71.81,248.88,11.06,11.84,1.07,16.33,225,2023-02-04,5,2,35,1,-0.9749279121818236,-0.2225209339563146,0.8660254037844386,0.5000000000000001,0.5663619330814524,0.8241566360566663,54.31666666666664,62.715714285714284,27.275463245161124,182.65666666666675,179.78285714285715,68.79978893240137,73.57,39.98,86.36,258.27,128.57,211.73,11.25,5.42,8.74,10.0,6.4,7.04,1.07,0.69,0.87,15.39,14.93,14.72
5,2,2023,1,7,61.72,206.07,9.88,9.35,1.2,12.87,186,2023-02-05,6,2,36,1,-0.7818314824680299,0.6234898018587334,0.8660254037844386,0.5000000000000001,0.580454927809098,0.8142923779467267,64.92666666666665,60.637142857142855,25.681108305709163,222.76000000000008,185.08999999999997,72.98070589774706,71.81,49.4,108.45,248.88,161.13,274.83,11.06,7.39,18.08,11.84,7.78,6.67,1.07,0.77,1.83,16.33,15.06,2.7
6,2,2023,0,1,98.1,351.38,20.42,12.99,3.29,11.67,268,2023-02-06,0,2,37,0,0.0,1.0,0.8660254037844386,0.5000000000000001,0.5943761565849831,0.804187157621448,69.03333333333332,53.96142857142856,15.056909187670469,237.7400000000001,175.26714285714283,62.80734264778535,61.72,73.57,44.16,206.07,258.27,115.07,9.88,11.25,8.34,9.35,10.0,7.91,1.2,1.07,1.14,12.87,15.39,11.57
7,2,2023,0,2,70.71,256.94,6.47,9.56,1.42,16.96,279,2023-02-07,1,2,38,0,0.7818314824680297,0.6234898018587336,0.8660254037844386,0.5000000000000001,0.6081214998935418,0.7938439653781019,77.20999999999998,61.667142857142856,21.58997584859458,268.7766666666667,209.0257142857143,84.73795703169192,98.1,71.81,37.09,351.38,248.88,108.88,20.42,11.06,3.51,12.99,11.84,5.83,3.29,1.07,0.83,11.67,16.33,10.87
8,2,2023,0,3,52.13,184.39,6.67,9.59,0.75,21.53,139,2023-02-08,2,2,39,0,0.9749279121818236,-0.22252093395631434,0.8660254037844386,0.5000000000000001,0.6216868902665479,0.7832658619336791,76.8433333333333,66.47,18.76622675624235,271.4633333333334,230.17714285714283,73.27808033199932,70.71,61.72,39.98,256.94,206.07,128.57,6.47,9.88,5.42,9.56,9.35,6.4,1.42,1.2,0.69,16.96,12.87,14.93
9,2,2023,0,4,70.49,246.89,21.41,11.38,1.11,14.31,216,2023-02-09,3,2,40,0,0.43388373911755823,-0.900968867902419,0.8660254037844386,0.5000000000000001,0.6350683134867438,0.7724559775191742,73.64666666666665,68.20571428571428,16.308761302997066,264.23666666666674,238.15142857142857,62.64368641466697,52.13,98.1,49.4,184.39,351.38,161.13,6.67,20.42,7.39,9.59,12.99,7.78,0.75,3.29,0.77,21.53,11.67,15.06
10,2,2023,0,5,64.03,222.58,22.14,13.32,1.34,17.96,159,2023-02-10,4,2,41,0,-0.433883739117558,-0.9009688679024191,0.8660254037844386,0.5000000000000001,0.6482618097757122,0.7614175109532997,64.44333333333331,71.21857142857142,14.04680322893504,229.40666666666675,250.4028571428571,52.66049807154251,70.49,70.71,73.57,246.89,256.94,258.27,21.41,6.47,11.25,11.38,9.56,10.0,1.11,1.42,1.07,14.31,16.96,15.39
11,2,2023,0,6,85.2,298.69,17.53,13.3,1.34,22.29,278,2023-02-11,5,2,42,1,-0.9749279121818236,-0.2225209339563146,0.8660254037844386,0.5000000000000001,0.6612634749656386,0.7501537286959042,62.21666666666664,69.85571428571428,14.242078332818364,217.9533333333334,245.3042857142857,53.4930209956231,64.03,52.13,71.81,222.58,184.39,248.88,22.14,6.67,11.06,13.32,9.59,11.84,1.34,0.75,1.07,17.96,21.53,16.33
12,2,2023,1,7,38.59,150.24,9.45,10.87,0.54,32.28,154,2023-02-12,6,2,43,1,-0.7818314824680299,0.6234898018587334,0.8660254037844386,0.5000000000000001,0.6740694616546162,0.7386679638813748,73.23999999999998,71.76857142857143,15.400408467064107,256.0533333333334,252.42000000000002,57.230287435937925,85.2,70.49,61.72,298.69,246.89,206.07,17.53,21.41,9.88,13.3,11.38,9.35,1.34,1.11,1.2,22.29,14.31,12.87
13,2,2023,0,1,38.75,132.75,8.13,10.09,0.47,36.7,124,2023-02-13,0,2,44,0,0.0,1.0,0.8660254037844386,0.5000000000000001,0.6866759803451553,0.726963615332308,62.60666666666665,68.46428571428571,19.775621235201044,223.83666666666673,244.44428571428574,67.69906519717615,38.59,64.03,98.1,150.24,222.58,351.38,9.45,22.14,20.42,10.87,13.32,12.99,0.54,1.34,3.29,32.28,17.96,11.67
14,2,2023,0,2,44.47,147.27,11.56,12.14,0.62,34.0,118,2023-02-14,1,2,45,0,0.7818314824680297,0.6234898018587336,0.8660254037844386,0.5000000000000001,0.6990793005655562,0.7150441465537444,54.17999999999998,59.98571428571428,17.54950697991643,193.8933333333334,213.21142857142857,60.15384094929002,38.75,85.2,70.71,132.75,298.69,256.94,8.13,17.53,6.47,10.09,13.3,9.56,0.47,1.34,1.42,36.7,22.29,16.96
15,2,2023,0,3,55.56,194.39,14.0,8.79,0.8,22.91,161,2023-02-15,2,2,46,0,0.9749279121818236,-0.22252093395631434,0.8660254037844386,0.5000000000000001,0.7112757519738152,0.7029130847082616,40.60333333333331,56.237142857142864,17.678969346172245,143.42000000000007,197.5442857142857,61.14024311835486,44.47,38.59,52.13,147.27,150.24,184.39,11.56,9.45,6.67,12.14,10.87,9.59,0.62,0.54,0.75,34.0,32.28,21.53
16,2,2023,0,4,90.02,316.72,18.8,8.0,1.29,21.45,217,2023-02-16,3,2,47,0,0.43388373911755823,-0.900968867902419,0.8660254037844386,0.5000000000000001,0.7232617254437387,0.6905740195722294,46.25999999999997,56.72714285714286,17.593488108091712,158.13666666666674,198.97285714285712,60.89800837309569,55.56,38.75,70.49,194.39,132.75,246.89,14.0,8.13,21.41,8.79,10.09,11.38,0.8,0.47,1.11,22.91,36.7,14.31
17,2,2023,0,5,122.48,417.41,29.25,9.77,2.15,35.05,342,2023-02-17,4,2,48,0,-0.433883739117558,-0.9009688679024191,0.8660254037844386,0.5000000000000001,0.7350336741329412,0.6780306024735382,63.34999999999997,59.51714285714286,21.298256356086153,219.46000000000006,208.94857142857146,74.30022149553673,90.02,44.47,64.03,316.72,147.27,222.58,18.8,11.56,22.14,8.0,12.14,13.32,1.29,0.62,1.34,21.45,34.0,17.96
18,2,2023,1,6,97.82,344.78,18.72,7.66,1.55,14.02,326,2023-02-18,5,2,49,1,-0.9749279121818236,-0.2225209339563146,0.8660254037844386,0.5000000000000001,0.746588114532413,0.6652865452111116,89.35333333333331,67.86714285714287,32.08736081091063,309.5066666666667,236.78142857142856,108.75876461670788,122.48,55.56,85.2,417.41,194.39,298.69,29.25,14.0,17.53,9.77,8.79,13.3,2.15,0.8,1.34,35.05,22.91,22.29
19,2,2023,1,7,96.35,355.97,21.55,8.82,1.65,21.78,257,2023-02-19,6,2,50,1,-0.7818314824680299,0.6234898018587334,0.8660254037844386,0.5000000000000001,0.757921627497347,0.6523456189565258,103.43999999999998,69.67,33.54495987974009,359.63666666666677,243.36571428571432,114.38120749743601,97.82,90.02,38.59,344.78,316.72,150.24,18.72,18.8,9.45,7.66,8.0,10.87,1.55,1.29,0.54,14.02,21.45,32.28
20,2,2023,0,1,98.36,342.75,24.1,11.16,1.84,15.93,337,2023-02-20,0,2,51,0,0.0,1.0,0.8660254037844386,0.5000000000000001,0.7690308592589181,0.6392116531380588,105.54999999999997,77.92142857142858,31.677645866116467,372.7200000000001,272.7557142857143,112.88584615400121,96.35,122.48,38.75,355.97,417.41,132.75,21.55,29.25,8.13,8.82,9.77,10.09,1.65,2.15,0.47,21.78,35.05,36.7
21,2,2023,0,2,80.8,257.89,16.43,9.43,1.24,16.62,197,2023-02-21,1,2,52,0,0.7818314824680297,0.6234898018587336,0.8660254037844386,0.5000000000000001,0.7799125224167177,0.6258885343075018,97.50999999999998,86.43714285714285,27.069515889210646,347.8333333333334,302.7557142857143,96.13955617697023,98.36,97.82,44.47,342.75,344.78,147.27,24.1,18.72,11.56,11.16,7.66,12.14,1.84,1.55,0.62,15.93,14.02,34.0
22,2,2023,0,3,72.06,225.64,17.64,7.17,1.28,13.14,198,2023-02-22,2,2,53,0,0.9749279121818236,-0.22252093395631434,0.8660254037844386,0.5000000000000001,0.7905633969115481,0.612380204990065,91.83666666666664,91.62714285714286,20.324598162724573,318.87000000000006,318.5585714285714,72.50965278926036,80.8,96.35,55.56,257.89,355.97,194.39,16.43,21.55,14.0,9.43,8.82,8.79,1.24,1.65,0.8,16.62,21.78,22.91
23,2,2023,0,4,55.57,206.67,15.28,7.9,0.84,15.67,196,2023-02-23,3,2,54,0,0.43388373911755823,-0.900968867902419,0.8660254037844386,0.5000000000000001,0.8009803309782905,0.5986906625177215,83.73999999999997,93.98428571428572,15.925227216740058,275.42666666666673,323.0228571428571,64.06040943627272,72.06,98.36,90.02,225.64,342.75,316.72,17.64,24.1,18.8,7.17,11.16,8.0,1.28,1.84,1.29,13.14,15.93,21.45
24,2,2023,0,5,53.33,199.38,15.74,8.51,0.88,24.37,157,2023-02-24,4,2,55,0,-0.433883739117558,-0.9009688679024191,0.8660254037844386,0.5000000000000001,0.8111602420785621,0.5848239578463322,69.47666666666665,89.06285714285714,21.649002066520925,230.06666666666672,307.3014285714286,77.87868181314083,55.57,80.8,122.48,206.67,257.89,417.41,15.28,16.43,29.25,7.9,9.43,9.77,0.84,1.24,2.15,15.67,16.62,35.05
25,2,2023,0,6,69.24,258.06,20.77,11.49,1.06,23.53,212,2023-02-25,5,2,56,1,-0.9749279121818236,-0.2225209339563146,0.8660254037844386,0.5000000000000001,0.821100117812889,0.5707841943569038,60.31999999999997,79.1842857142857,19.53246942669563,210.5633333333334,276.1542857142857,69.66905120093257,53.33,72.06,97.82,199.38,225.64,344.78,15.74,17.64,18.72,8.51,7.17,7.66,0.88,1.28,1.55,24.37,13.14,14.02
26,2,2023,1,7,76.03,278.03,26.81,13.05,1.35,21.95,236,2023-02-26,6,2,57,1,-0.7818314824680299,0.6234898018587334,0.8660254037844386,0.5000000000000001,0.8307970168121247,0.5565755266413304,59.379999999999974,75.10142857142857,17.907238227946234,221.3700000000001,263.7657142857143,62.804243183919006,69.24,55.57,96.35,258.06,206.67,355.97,20.77,15.28,21.55,11.49,7.9,8.82,1.06,0.84,1.65,23.53,15.67,21.78
27,2,2023,0,1,78.51,248.99,21.14,11.85,1.13,23.78,220,2023-02-27,0,2,58,0,0.0,1.0,0.8660254037844386,0.5000000000000001,0.8402480696078469,0.5422021592729845,66.19999999999997,72.19857142857143,15.353552714353096,245.15666666666675,252.63142857142856,49.1600635436848,76.03,53.33,98.36,278.03,199.38,342.75,26.81,15.74,24.1,13.05,8.51,11.16,1.35,0.88,1.84,21.95,24.37,15.93
28,2,2023,0,2,76.82,248.13,20.74,10.02,0.98,18.37,206,2023-02-28,1,2,59,0,0.7818314824680297,0.6234898018587336,0.8660254037844386,0.5000000000000001,0.8494504794814806,0.527668345562516,74.5933333333333,69.36285714285715,10.905001473768621,261.69333333333344,239.23714285714283,29.25840603672063,78.51,69.24,80.8,248.99,258.06,257.89,21.14,20.77,16.43,11.85,11.49,9.43,1.13,1.06,1.24,23.78,23.53,16.62
1,3,2023,0,3,53.83,196.17,16.92,7.87,0.62,36.82,170,2023-03-01,2,3,60,0,0.9749279121818236,-0.22252093395631434,1.0,6.123233995736766e-17,0.8584015232918917,0.5129783862992281,77.11999999999999,68.79428571428572,10.296052410420895,258.3833333333334,237.84285714285716,28.442548944781258,76.82,76.03,72.06,248.13,278.03,225.64,20.74,26.81,17.64,10.02,13.05,7.17,0.98,1.35,1.28,18.37,21.95,13.14
2,3,2023,0,4,50.16,194.52,17.22,9.55,0.7,38.57,175,2023-03-02,3,3,61,0,0.43388373911755823,-0.900968867902419,1.0,6.123233995736766e-17,0.8670985522812081,0.49813662847840556,69.71999999999998,66.19,11.560284021887421,231.09666666666672,233.63285714285712,32.44872915554033,53.83,78.51,55.57,196.17,248.99,206.67,16.92,21.14,15.28,7.87,11.85,7.9,0.62,1.13,0.84,36.82,23.78,15.67
3,3,2023,0,5,39.39,145.22,11.32,8.96,0.46,43.52,137,2023-03-03,4,3,62,0,-0.433883739117558,-0.9009688679024191,1.0,6.123233995736766e-17,0.8755389928586301,0.4831474640149688,60.269999999999975,65.41714285714285,12.528875600370643,212.94000000000005,231.89714285714285,34.397798240724846,50.16,76.82,53.33,194.52,248.13,199.38,17.22,20.74,15.74,9.55,10.02,8.51,0.7,0.98,0.88,38.57,18.37,24.37
4,3,2023,0,6,36.45,145.07,11.76,11.91,0.43,44.45,126,2023-03-04,5,3,63,1,-0.9749279121818236,-0.2225209339563146,1.0,6.123233995736766e-17,0.8837203473619977,0.4680153284438345,47.793333333333315,63.425714285714285,15.520894365493284,178.63666666666674,224.16,46.7899027568993,39.39,53.83,69.24,145.22,196.17,258.06,11.32,16.92,20.77,8.96,7.87,11.49,0.46,0.62,1.06,43.52,36.82,23.53
5,3,2023,1,7,35.15,127.75,10.0,10.49,0.41,52.29,128,2023-03-05,6,3,64,1,-0.7818314824680299,0.6234898018587334,1.0,6.123233995736766e-17,0.8916401947968874,0.45274469960737107,41.99999999999998,58.74142857142857,18.191914347288673,161.60333333333344,208.01857142857142,52.309922713437594,36.45,50.16,76.03,145.07,194.52,278.03,11.76,17.22,26.81,11.91,9.55,13.05,0.43,0.7,1.35,44.45,38.57,21.95
6,3,2023,0,1,40.18,149.61,12.02,11.13,0.5,52.69,129,2023-03-06,0,3,65,0,0.0,1.0,1.0,6.123233995736766e-17,0.8992961915530253,0.4373400963303323,36.99666666666665,52.90142857142856,18.278384710337185,139.34666666666672,186.54999999999998,49.55319464979135,35.15,39.39,78.51,127.75,145.22,248.99,10.0,11.32,21.14,10.49,8.96,11.85,0.41,0.46,1.13,52.29,43.52,23.78
7,3,2023,0,2,47.4,181.31,15.67,9.98,0.73,43.35,159,2023-03-07,1,3,66,0,0.7818314824680297,0.6234898018587336,1.0,6.123233995736766e-17,0.9066860720977985,0.4218060770826634,37.259999999999984,47.42571428571428,14.723834257357575,140.81000000000006,172.35285714285715,42.40285474441911,40.18,36.45,76.82,149.61,145.07,248.13,12.02,11.76,20.74,11.13,11.91,10.02,0.5,0.43,0.98,52.69,44.45,18.37
8,3,2023,1,3,50.12,181.45,12.31,13.91,0.9,49.38,154,2023-03-08,2,3,67,0,0.9749279121818236,-0.22252093395631434,1.0,6.123233995736766e-17,0.9138076496466615,0.40614723863057883,40.909999999999975,43.222857142857144,7.223530333308803,152.8900000000001,162.80714285714288,27.35026795376924,47.4,35.15,53.83,181.31,127.75,196.17,15.67,10.0,16.92,9.98,10.49,7.87,0.73,0.41,0.62,43.35,52.29,36.82
9,3,2023,0,4,37.3,114.49,10.38,9.79,0.43,54.65,104,2023-03-09,3,3,68,0,0.43388373911755823,-0.900968867902419,1.0,6.123233995736766e-17,0.9206588168102428,0.3903682146763026,45.89999999999998,42.69285714285714,6.405325165534727,170.79000000000008,160.70428571428573,24.805055840255946,50.12,40.18,50.16,181.45,149.61,194.52,12.31,12.02,17.22,13.91,11.13,9.55,0.9,0.5,0.7,49.38,52.69,38.57
10,3,2023,0,5,64.79,242.72,15.71,10.78,0.92,45.41,190,2023-03-10,4,3,69,0,-0.433883739117558,-0.9009688679024191,1.0,6.123233995736766e-17,0.9272375462179537,0.374473674486883,44.939999999999976,40.855714285714285,5.713553643586231,159.0833333333334,149.27142857142857,25.063356006046735,37.3,47.4,39.39,114.49,181.31,145.22,10.38,15.67,11.32,9.79,9.98,8.96,0.43,0.73,0.46,54.65,43.35,43.52
11,3,2023,0,6,60.07,242.02,18.0,13.62,0.87,43.94,217,2023-03-11,5,3,70,1,-0.9749279121818236,-0.2225209339563146,1.0,6.123233995736766e-17,0.9335418911179212,0.35846832151248087,50.73666666666664,44.48428571428571,10.601919412924108,179.5533333333334,163.20000000000002,43.0643251427457,64.79,50.12,36.45,242.72,181.45,145.07,15.71,12.31,11.76,10.78,13.91,11.91,0.92,0.9,0.43,45.41,49.38,44.45
12,3,2023,1,7,47.92,218.34,21.74,14.95,0.92,48.53,183,2023-03-12,6,3,71,1,-0.7818314824680299,0.6234898018587334,1.0,6.123233995736766e-17,0.9395699859530622,0.342356891994542,54.05333333333331,47.85857142857143,11.350978560712539,199.74333333333342,177.04999999999998,51.101785030793664,60.07,37.3,35.15,242.02,114.49,127.75,18.0,10.38,10.0,13.62,9.79,10.49,0.87,0.43,0.41,43.94,54.65,52.29
13,3,2023,0,1,61.01,284.61,16.59,19.71,1.0,48.47,232,2023-03-13,0,3,72,0,0.0,1.0,1.0,6.123233995736766e-17,0.945320046913132,0.3261441535642696,57.59333333333331,49.68285714285714,9.90175188924827,234.3600000000001,189.99142857142857,47.90679263896185,47.92,64.79,40.18,218.34,242.72,149.61,21.74,15.71,12.02,14.95,10.78,11.13,0.92,0.92,0.5,48.53,45.41,52.69
14,3,2023,0,2,57.06,247.96,15.07,15.95,0.87,44.47,228,2023-03-14,1,3,73,0,0.7818314824680297,0.6234898018587336,1.0,6.123233995736766e-17,0.9507903724625832,0.3098349038318025,56.333333333333314,52.65857142857143,9.697799455843327,248.3233333333334,209.27714285714288,55.51097120218331,61.01,60.07,47.4,284.61,242.02,181.31,16.59,18.0,15.67,19.71,13.62,9.98,1.0,0.87,0.73,48.47,43.94,43.35
15,3,2023,0,3,61.51,254.11,23.62,17.3,1.02,47.93,197,2023-03-15,2,3,74,0,0.9749279121818236,-0.22252093395631434,1.0,6.123233995736766e-17,0.9559793438440766,0.2934339689665273,55.329999999999984,54.03857142857142,9.510284658502863,250.30333333333343,218.79857142857142,55.63033747533036,57.06,47.92,50.12,247.96,218.34,181.45,15.07,21.74,12.31,15.95,14.95,13.91,0.87,0.92,0.9,44.47,48.53,49.38
16,3,2023,0,4,66.24,251.37,24.83,22.89,0.95,52.54,229,2023-03-16,3,3,75,0,0.43388373911755823,-0.900968867902419,1.0,6.123233995736766e-17,0.9608854255574977,0.27694620226893646,59.85999999999998,55.66571428571429,9.700575338855026,262.22666666666674,229.17857142857147,54.26198344715332,61.51,61.01,37.3,254.11,284.61,114.49,23.62,16.59,10.38,17.3,19.71,9.79,1.02,1.0,0.43,47.93,48.47,54.65
17,3,2023,0,5,50.83,198.58,21.89,16.68,0.75,47.0,158,2023-03-17,4,3,76,0,-0.433883739117558,-0.9009688679024191,1.0,6.123233995736766e-17,0.9655071658143364,0.2603764827344581,61.60333333333332,59.800000000000004,6.048096119168947,251.14666666666676,248.73285714285717,19.700158810094443,66.24,57.06,64.79,251.37,247.96,242.72,24.83,15.07,15.71,22.89,15.95,10.78,0.95,0.87,0.92,52.54,44.47,45.41
18,3,2023,0,6,40.51,122.2,17.02,9.73,0.72,37.64,138,2023-03-18,5,3,77,1,-0.9749279121818236,-0.2225209339563146,1.0,6.123233995736766e-17,0.969843196967294,0.24372971360968387,59.52666666666664,57.805714285714295,6.4186884879079456,234.68666666666672,242.42714285714288,27.475437342159715,50.83,61.51,60.07,198.58,254.11,242.02,21.89,23.62,18.0,16.68,17.3,13.62,0.75,1.02,0.87,47.0,47.93,43.94
19,3,2023,1,7,45.8,156.95,18.92,11.37,0.99,33.79,123,2023-03-19,6,3,78,1,-0.7818314824680299,0.6234898018587334,1.0,6.123233995736766e-17,0.9738922359149924,0.22701082094141845,52.52666666666665,55.01142857142857,9.005145618982963,190.71666666666673,225.31,53.123789397972125,40.51,66.24,47.92,122.2,251.37,218.34,17.02,24.83,21.74,9.73,22.89,14.95,0.72,0.95,0.92,37.64,52.54,48.53
20,3,2023,0,1,49.47,174.17,23.02,17.62,0.84,48.81,174,2023-03-20,0,3,79,0,0.0,1.0,1.0,6.123233995736766e-17,0.9776530844816641,0.21022475211898356,45.71333333333331,54.70857142857143,9.313752248821173,159.2433333333334,216.54,59.18747108411908,45.8,50.83,61.01,156.95,198.58,284.61,18.92,21.89,16.59,11.37,16.68,19.71,0.99,0.75,1.0,33.79,47.0,48.47
21,3,2023,0,2,33.36,98.53,17.16,10.09,0.45,58.29,98,2023-03-21,1,3,80,0,0.7818314824680297,0.6234898018587336,1.0,6.123233995736766e-17,0.981124629771712,0.19337647441020586,45.259999999999984,53.06,9.029451810605156,151.1066666666667,200.76285714285717,52.34215118311719,49.47,40.51,57.06,174.17,122.2,247.96,23.02,17.02,15.07,17.62,9.73,15.95,0.84,0.72,0.87,48.81,37.64,44.47
22,3,2023,0,3,40.24,153.93,17.03,10.33,0.72,41.36,122,2023-03-22,2,3,81,0,0.9749279121818236,-0.22252093395631434,1.0,6.123233995736766e-17,0.984305844499033,0.17647097349152166,42.876666666666644,49.674285714285716,11.40931323837985,143.21666666666673,179.4157142857143,59.822359213799636,33.36,45.8,61.51,98.53,156.95,254.11,17.16,18.92,23.62,10.09,11.37,17.3,0.45,0.99,1.02,58.29,33.79,47.93
23,3,2023,0,4,60.3,212.75,23.03,19.64,0.89,48.1,177,2023-03-23,3,3,82,0,0.43388373911755823,-0.900968867902419,1.0,6.123233995736766e-17,0.9871957872910085,0.15951325197263655,41.02333333333331,46.635714285714286,10.530319490474639,142.21000000000006,165.1042857142857,50.1810959947889,40.24,49.47,66.24,153.93,174.17,251.37,17.03,23.02,24.83,10.33,17.62,22.89,0.72,0.84,0.95,41.36,48.81,52.54
24,3,2023,0,5,58.47,199.06,44.26,40.2,1.22,71.79,185,2023-03-24,4,3,83,0,-0.433883739117558,-0.9009688679024191,1.0,6.123233995736766e-17,0.9897936029670716,0.14250832791617085,44.633333333333304,45.787142857142854,8.781324338782776,155.07000000000008,159.58714285714288,40.25775896821609,60.3,33.36,50.83,212.75,98.53,198.58,23.03,17.16,21.89,19.64,10.09,16.68,0.89,0.45,0.75,48.1,58.29,47.0
25,3,2023,0,6,29.67,75.46,25.88,29.63,0.69,91.06,163,2023-03-25,5,3,84,1,-0.9749279121818236,-0.2225209339563146,1.0,6.123233995736766e-17,0.992098522791769,0.12546123335273648,53.00333333333331,46.878571428571426,9.914264855201775,188.58000000000007,159.65571428571428,40.33557894181704,58.47,40.24,40.51,199.06,153.93,122.2,44.26,17.03,17.02,40.2,10.33,9.73,1.22,0.72,0.72,71.79,41.36,37.64
26,3,2023,1,7,42.63,167.52,24.96,37.87,0.71,97.89,154,2023-03-26,6,3,85,1,-0.7818314824680299,0.6234898018587334,1.0,6.123233995736766e-17,0.9941098647022418,0.10837701279187607,49.47999999999998,45.33,11.751209866791376,162.4233333333334,152.97857142857143,50.22557729171307,29.67,60.3,45.8,75.46,212.75,156.95,25.88,23.03,18.92,29.63,19.64,11.37,0.69,0.89,0.99,91.06,48.1,33.79
27,3,2023,0,1,40.53,140.52,20.78,40.18,0.69,97.65,186,2023-03-27,0,3,86,0,0.0,1.0,1.0,6.123233995736766e-17,0.9958270335100595,0.09126072172931188,43.58999999999998,44.87714285714286,11.791092279466685,147.34666666666672,154.48857142857145,50.52288571481749,42.63,58.47,49.47,167.52,199.06,174.17,24.96,44.26,23.02,37.87,40.2,17.62,0.71,1.22,0.84,97.89,71.79,48.81
28,3,2023,0,2,48.11,171.35,29.31,40.72,0.83,87.93,178,2023-03-28,1,3,87,0,0.7818314824680297,0.6234898018587336,1.0,6.123233995736766e-17,0.9972495210773451,0.07411742515094435,37.609999999999985,43.6,11.694477329066139,127.83333333333341,149.68142857142857,49.93558164561464,40.53,29.67,33.36,140.52,75.46,98.53,20.78,25.88,17.16,40.18,29.63,10.09,0.69,0.69,0.45,97.65,91.06,58.29
29,3,2023,1,3,56.03,211.15,46.71,51.36,1.23,93.62,193,2023-03-29,2,3,88,0,0.9749279121818236,-0.22252093395631434,1.0,6.123233995736766e-17,0.998376906467142,0.056952196034039754,43.75666666666665,45.707142857142856,10.839487555979392,159.79666666666674,160.08428571428573,44.82725393372006,48.11,42.63,40.24,171.35,167.52,153.93,29.31,24.96,17.03,40.72,37.87,10.33,0.83,0.71,0.72,87.93,97.89,41.36
30,3,2023,0,4,53.09,209.82,28.08,45.17,0.89,114.68,182,2023-03-30,3,3,89,0,0.43388373911755823,-0.900968867902419,1.0,6.123233995736766e-17,0.9992088560679753,0.03977011384605573,48.22333333333332,47.962857142857146,11.15064230479864,174.34000000000006,168.25857142857143,48.57810804212636,56.03,40.53,60.3,211.15,140.52,212.75,46.71,20.78,23.03,51.36,40.18,19.64,1.23,0.69,0.89,93.62,97.65,48.1
31,3,2023,0,5,45.4,46.32,22.18,25.44,0.61,72.83,97,2023-03-31,4,3,90,0,-0.433883739117558,-0.9009688679024191,1.0,6.123233995736766e-17,0.9997451236925734,0.022576263041545485,52.40999999999999,46.932857142857145,10.105090654858005,197.44000000000005,167.84,48.14151742519258,53.09,48.11,58.47,209.82,171.35,199.06,28.08,29.31,44.26,45.17,40.72,40.2,0.89,0.83,1.22,114.68,87.93,71.79
1,4,2023,0,6,35.46,123.23,33.22,32.93,1.01,72.04,279,2023-04-01,5,4,91,1,-0.9749279121818236,-0.2225209339563146,0.8660254037844388,-0.4999999999999998,0.9999855506507186,0.005375731557583884,51.50666666666664,45.06571428571429,8.732292286190969,155.7633333333334,146.02,63.7250204655398,45.4,56.03,29.67,46.32,211.15,75.46,22.18,46.71,25.88,25.44,51.36,29.63,0.61,1.23,0.69,72.83,93.62,91.06
2,4,2023,1,7,37.09,147.89,31.07,33.64,1.09,43.04,136,2023-04-02,6,4,92,1,-0.7818314824680299,0.6234898018587334,0.8660254037844388,-0.4999999999999998,0.9999300657962057,-0.011826390691832589,44.64999999999998,45.892857142857146,7.164381141654787,126.45666666666675,152.84428571428572,57.12551060520064,35.46,53.09,42.63,123.23,209.82,167.52,33.22,28.08,24.96,32.93,45.17,37.87,1.01,0.89,0.71,72.04,114.68,97.89
3,4,2023,0,1,44.98,167.74,28.57,42.26,0.91,52.05,138,2023-04-03,0,4,93,0,0.0,1.0,0.8660254037844388,-0.4999999999999998,0.9995786855478958,-0.029025013321975237,39.31666666666664,45.10142857142857,7.857371122228009,105.81333333333339,150.04,56.76569386522225,37.09,45.4,40.53,147.89,46.32,140.52,31.07,22.18,20.78,33.64,25.44,40.18,1.09,0.61,0.69,43.04,72.83,97.65
4,4,2023,1,2,36.17,114.95,20.85,36.36,0.57,50.29,113,2023-04-04,1,4,94,0,0.7818314824680297,0.6234898018587336,0.8660254037844388,-0.4999999999999998,0.9989315138848577,-0.046215046983708354,39.17666666666665,45.737142857142864,7.601727247336539,146.28666666666675,153.92857142857142,56.936919313855654,44.98,35.46,48.11,167.74,123.23,171.35,28.57,33.22,29.31,42.26,32.93,40.72,0.91,1.01,0.83,52.05,72.04,87.93
5,4,2023,0,3,40.38,132.11,22.64,45.71,0.59,51.61,106,2023-04-05,2,4,95,0,0.9749279121818236,-0.22252093395631434,0.8660254037844388,-0.4999999999999998,0.9979887423155984,-0.06339140486951039,39.41333333333331,44.03142857142858,8.289059915681396,143.52666666666673,145.87142857142857,58.040613202760994,36.17,37.09,56.03,114.95,147.89,211.15,20.85,31.07,46.71,36.36,33.64,51.36,0.57,1.09,1.23,50.29,43.04,93.62
6,4,2023,0,4,46.4,131.03,20.26,44.46,0.45,64.31,126,2023-04-06,3,4,96,0,0.43388373911755823,-0.900968867902419,0.8660254037844388,-0.4999999999999998,0.9967506498213929,-0.08054900421874167,40.509999999999984,41.79571428571428,6.411309947127594,138.26666666666674,134.57999999999998,50.41145240253917,40.38,44.98,53.09,132.11,167.74,209.82,22.64,28.57,28.08,45.71,42.26,45.17,0.59,0.91,0.89,51.61,52.05,114.68
7,4,2023,1,5,40.63,134.36,17.02,45.65,0.54,65.9,112,2023-04-07,4,4,97,0,-0.433883739117558,-0.9009688679024191,0.8660254037844388,-0.4999999999999998,0.9952176027737294,-0.09768276782171599,40.98333333333331,40.839999999999996,4.7235967934095235,126.03000000000009,123.32428571428572,38.10641759474259,46.4,36.17,45.4,131.03,114.95,46.32,20.26,20.85,22.18,44.46,36.36,25.44,0.45,0.57,0.61,64.31,50.29,72.83
8,4,2023,0,6,50.5,179.93,20.25,55.08,0.69,63.03,161,2023-04-08,5,4,98,1,-0.9749279121818236,-0.2225209339563146,0.8660254037844388,-0.4999999999999998,0.9933900548258936,-0.11478762552212701,42.46999999999998,40.15857142857143,4.279296782465909,132.50000000000009,135.90142857142857,17.308137227496573,40.63,40.38,35.46,134.36,132.11,123.23,17.02,22.64,33.22,45.65,45.71,32.93,0.54,0.59,1.01,65.9,51.61,72.04
9,4,2023,1,7,73.4,274.66,30.53,61.71,0.99,49.9,233,2023-04-09,6,4,99,1,-0.7818314824680299,0.6234898018587334,0.8660254037844388,-0.4999999999999998,0.9912685467787256,-0.13185851571739118,45.84333333333331,42.30714285714286,5.20301743954721,148.44000000000008,144.00142857142856,22.789287270247133,50.5,46.4,37.09,179.93,131.03,147.89,20.25,20.26,31.07,55.08,44.46,33.64,0.69,0.45,1.09,63.03,64.31,43.04
10,4,2023,0,1,60.24,224.22,34.8,73.65,0.99,57.63,176,2023-04-10,0,4,100,0,0.0,1.0,0.8660254037844388,-0.4999999999999998,0.9888537064205883,-0.1488903868564548,54.84333333333331,47.494285714285716,12.33984313398959,196.31666666666675,162.1114285714286,54.5845617455385,73.4,40.63,44.98,274.66,134.36,167.74,30.53,17.02,28.57,61.71,45.65,42.26,0.99,0.54,0.91,49.9,65.9,52.05
11,4,2023,0,2,89.73,389.09,49.18,113.4,1.32,40.67,309,2023-04-11,1,4,101,0,0.7818314824680297,0.6234898018587336,0.8660254037844388,-0.4999999999999998,0.986146248341595,-0.16587819893463143,61.37999999999999,49.674285714285716,13.143408813475158,226.2700000000001,170.18,59.50760063498992,60.24,50.5,36.17,224.22,179.93,114.95,34.8,20.25,20.85,73.65,55.08,36.36,0.99,0.69,0.57,57.63,63.03,50.29
12,4,2023,0,3,55.92,247.67,30.33,76.4,0.87,58.77,224,2023-04-12,2,4,102,0,0.9749279121818236,-0.22252093395631434,0.8660254037844388,-0.4999999999999998,0.9831469737221499,-0.18281692498501992,74.45666666666665,57.325714285714284,18.478722770747325,295.99000000000007,209.34285714285716,96.07467299177388,89.73,73.4,40.38,389.09,274.66,132.11,49.18,30.53,22.64,113.4,61.71,45.71,1.32,0.99,0.59,40.67,49.9,51.61
13,4,2023,0,4,77.25,287.26,37.92,93.69,1.06,48.9,248,2023-04-13,3,4,103,0,0.43388373911755823,-0.900968867902419,0.8660254037844388,-0.4999999999999998,0.9798567700958665,-0.1997015525660636,68.62999999999998,59.54571428571428,16.975959331894487,286.9933333333334,225.85142857142858,90.34967430831796,55.92,60.24,46.4,247.67,224.22,131.03,30.33,34.8,20.26,76.4,73.65,44.46,0.87,0.99,0.45,58.77,57.63,64.31
14,4,2023,1,5,85.21,302.34,41.73,81.19,1.15,40.19,272,2023-04-14,4,4,104,0,-0.433883739117558,-0.9009688679024191,0.8660254037844388,-0.4999999999999998,0.9762766110869321,-0.2165270852448144,74.29999999999997,63.95285714285715,16.998876153329377,308.0066666666667,248.17000000000002,81.92624813412,77.25,89.73,40.63,287.26,389.09,134.36,37.92,49.18,17.02,93.69,113.4,45.65,1.06,1.32,0.54,48.9,40.67,65.9
15,4,2023,0,6,84.88,305.15,41.54,89.77,1.19,56.8,279,2023-04-15,5,4,105,1,-0.9749279121818236,-0.2225209339563146,0.8660254037844388,-0.4999999999999998,0.9724075561219968,-0.2332885440754552,72.79333333333331,70.32142857142857,15.043106315488384,279.0900000000001,272.16714285714284,66.10861459605378,85.21,55.92,50.5,302.34,247.67,179.93,41.73,30.33,20.25,81.19,76.4,55.08,1.15,0.87,0.69,40.19,58.77,63.03
16,4,2023,1,7,66.54,248.59,48.11,65.77,1.29,32.27,222,2023-04-16,6,4,106,1,-0.7818314824680299,0.6234898018587334,0.8660254037844388,-0.4999999999999998,0.9682507501166718,-0.2499809690726521,82.44666666666664,75.23285714285714,12.961342155665394,298.25000000000006,290.05571428571426,52.53929477294245,84.88,77.25,73.4,305.15,287.26,274.66,41.54,37.92,30.53,89.77,93.69,61.71,1.19,1.06,0.99,56.8,48.9,49.9
17,4,2023,0,1,56.33,263.11,33.76,58.44,0.93,43.69,223,2023-04-17,0,4,107,0,0.0,1.0,0.8660254037844388,-0.4999999999999998,0.9638074231367307,-0.26659942067929354,78.87666666666665,74.25285714285714,13.37573638382434,285.36000000000007,286.33142857142855,54.69239783509611,66.54,85.21,60.24,248.59,302.34,224.22,48.11,41.73,34.8,65.77,81.19,73.65,1.29,1.15,0.99,32.27,40.19,57.63
18,4,2023,0,2,91.54,317.65,37.15,72.28,1.19,22.88,230,2023-04-18,1,4,108,0,0.7818314824680297,0.6234898018587336,0.8660254037844388,-0.4999999999999998,0.9590788900341131,-0.28313898122818354,69.24999999999999,73.69428571428571,14.119410820030714,272.2833333333334,291.88714285714286,49.01172265022826,56.33,84.88,89.73,263.11,305.15,389.09,33.76,41.54,49.18,58.44,89.77,113.4,0.93,1.19,1.32,43.69,56.8,40.67
19,4,2023,0,3,86.63,239.58,14.69,54.2,0.53,61.89,241,2023-04-19,2,4,109,0,0.9749279121818236,-0.22252093395631434,0.8660254037844388,-0.4999999999999998,0.9540665500578387,-0.2995947563972602,71.46999999999998,73.95285714285714,14.474137526736977,276.45000000000005,281.6814285714285,28.574834166082127,91.54,66.54,55.92,317.65,248.59,247.67,37.15,48.11,30.33,72.28,65.77,76.4,1.19,1.29,0.87,22.88,32.27,58.77
20,4,2023,0,4,47.01,146.07,20.76,47.62,0.63,42.48,151,2023-04-20,3,4,110,0,0.43388373911755823,-0.900968867902419,0.8660254037844388,-0.4999999999999998,0.9487718864399473,-0.31596187665790293,78.16666666666664,78.34,12.63461383132483,273.4466666666667,280.5257142857143,30.291721012593673,86.63,56.33,77.25,239.58,263.11,287.26,14.69,33.76,37.92,54.2,58.44,93.69,0.53,0.93,1.06,61.89,43.69,48.9
21,4,2023,0,5,39.82,159.12,19.52,49.52,0.59,76.06,122,2023-04-21,4,4,111,0,-0.433883739117558,-0.9009688679024191,0.8660254037844388,-0.4999999999999998,0.9431964659565866,-0.33223549871590435,75.05999999999999,74.02,17.356770052826796,234.4333333333334,260.35571428571427,58.723527896163446,47.01,91.54,85.21,146.07,317.65,302.34,20.76,37.15,41.73,47.62,72.28,81.19,0.63,1.19,1.15,42.48,22.88,40.19
22,4,2023,1,6,35.33,150.97,12.71,46.52,0.48,104.03,143,2023-04-22,5,4,112,1,-0.9749279121818236,-0.2225209339563146,0.8660254037844388,-0.4999999999999998,0.9373419384643772,-0.3484108069446808,57.81999999999997,67.53571428571429,20.646416038580018,181.59000000000006,239.8957142857143,66.13927825862251,39.82,86.63,84.88,159.12,239.58,305.15,19.52,14.69,41.54,49.52,54.2,89.77,0.59,0.53,1.19,76.06,61.89,56.8
23,4,2023,1,7,31.18,105.16,11.51,34.84,0.4,93.04,118,2023-04-23,6,4,113,1,-0.7818314824680299,0.6234898018587334,0.8660254037844388,-0.4999999999999998,0.9312100364121947,-0.3644830148102912,40.71999999999998,60.457142857142856,22.14831650057321,152.05333333333337,217.86999999999998,66.45820867281994,35.33,47.01,66.54,150.97,146.07,248.59,12.71,20.76,48.11,46.52,47.62,65.77,0.48,0.63,1.29,104.03,42.48,32.27
24,4,2023,0,1,47.13,208.59,28.26,63.03,0.78,71.98,176,2023-04-24,0,4,114,0,0.0,1.0,0.8660254037844388,-0.4999999999999998,0.9248025743285089,-0.38044736628785164,35.44333333333332,55.40571428571429,24.443195956573856,138.4166666666667,197.38000000000002,76.72581703703185,31.18,39.82,56.33,105.16,159.12,263.11,11.51,19.52,33.76,34.84,49.52,58.44,0.4,0.59,0.93,93.04,76.06,43.69
25,4,2023,0,2,40.55,169.15,25.81,48.7,0.82,91.36,198,2023-04-25,1,4,115,0,0.7818314824680297,0.6234898018587336,0.8660254037844388,-0.4999999999999998,0.9181214482844365,-0.39629913726891813,37.87999999999998,54.09142857142857,24.63182455589559,154.90666666666672,189.5914285714286,71.53286457486381,47.13,35.33,91.54,208.59,150.97,317.65,28.26,12.71,37.15,63.03,46.52,72.28,0.78,0.48,1.19,71.98,104.03,22.88
26,4,2023,0,3,65.63,283.41,51.43,61.84,1.46,88.84,234,2023-04-26,2,4,116,0,0.9749279121818236,-0.22252093395631434,0.8660254037844388,-0.4999999999999998,0.9111686353326631,-0.41203363695942635,39.61999999999998,46.80714285714286,18.483820595579378,160.96666666666673,168.37714285714287,43.91324238931758,40.55,31.18,86.63,169.15,105.16,239.58,25.81,11.51,14.69,48.7,34.84,54.2,0.82,0.4,0.53,91.36,93.04,61.89
27,4,2023,0,4,49.55,183.15,43.86,46.01,1.03,81.71,207,2023-04-27,3,4,117,0,0.43388373911755823,-0.900968867902419,0.8660254037844388,-0.4999999999999998,0.9039461929224011,-0.42764620926777464,51.10333333333332,43.80714285714286,11.2201436626081,220.3833333333334,174.63857142857142,56.948090523614695,65.63,47.13,47.01,283.41,208.59,146.07,51.43,28.26,20.76,61.84,63.03,47.62,1.46,0.78,0.63,88.84,71.98,42.48
28,4,2023,0,5,44.65,176.63,31.18,43.46,0.99,66.13,128,2023-04-28,4,4,118,0,-0.433883739117558,-0.9009688679024191,0.8660254037844388,-0.4999999999999998,0.8964562582905575,-0.44313223418263453,51.909999999999975,44.17,11.38090652511364,211.9033333333334,179.9357142857143,55.55533753449371,49.55,40.55,39.82,183.15,169.15,159.12,43.86,25.81,19.52,46.01,48.7,49.52,1.03,0.82,0.59,81.71,91.36,76.06
29,4,2023,0,6,58.27,243.75,27.85,17.6,0.83,39.22,209,2023-04-29,5,4,119,1,-0.9749279121818236,-0.2225209339563146,0.8660254037844388,-0.4999999999999998,0.8887010478292915,-0.45848712914008766,53.27666666666664,44.86000000000001,11.218477317950692,214.39666666666673,182.43714285714285,54.8516285732972,44.65,65.63,35.33,176.63,283.41,150.97,31.18,51.43,12.71,43.46,61.84,46.52,0.99,1.46,0.48,66.13,88.84,104.03
30,4,2023,1,7,29.51,108.49,24.61,13.49,0.59,65.07,130,2023-04-30,6,4,120,1,-0.7818314824680299,0.6234898018587334,0.8660254037844388,-0.4999999999999998,0.8806828564301475,-0.47370635037968,50.823333333333316,48.137142857142855,11.320740132292485,201.1766666666667,195.6914285714286,57.14245311166766,58.27,49.55,31.18,243.75,183.15,105.16,27.85,43.86,11.51,17.6,46.01,34.84,0.83,1.03,0.4,39.22,81.71,93.04
1,5,2023,0,1,26.0,70.05,17.65,12.49,0.59,37.36,84,2023-05-01,0,5,121,0,0.0,1.0,0.49999999999999994,-0.8660254037844387,0.8724040568049612,-0.48878539428899265,44.14333333333332,47.89857142857142,11.747214462121994,176.29000000000005,196.16714285714286,56.27036689480779,29.51,44.65,47.13,108.49,176.63,208.59,24.61,31.18,28.26,13.49,43.46,63.03,0.59,0.99,0.78,65.07,66.13,71.98
2,5,2023,0,2,32.12,72.55,15.02,12.38,0.57,45.75,70,2023-05-02,1,5,122,0,0.7818314824680297,0.6234898018587336,0.49999999999999994,-0.8660254037844387,0.8638670987837349,-0.503719798736334,37.92666666666665,44.879999999999995,14.394192115805161,140.76333333333338,176.37571428571428,73.03814867522905,26.0,58.27,40.55,70.05,243.75,169.15,17.65,27.85,25.81,12.49,17.6,48.7,0.59,0.83,0.82,37.36,39.22,91.36
3,5,2023,0,3,34.71,105.14,15.47,13.66,0.85,37.69,104,2023-05-03,2,5,123,0,0.9749279121818236,-0.22252093395631434,0.49999999999999994,-0.8660254037844387,0.8550745085896932,-0.5185051443911569,29.20999999999998,43.675714285714285,15.149659905032063,83.6966666666667,162.57571428571427,83.06815973587516,32.12,29.51,65.63,72.55,108.49,283.41,15.02,24.61,51.43,12.38,13.49,61.84,0.57,0.59,1.46,45.75,65.07,88.84
4,5,2023,0,4,66.77,134.46,14.95,13.4,0.83,60.49,217,2023-05-04,3,5,124,0,0.43388373911755823,-0.900968867902419,0.49999999999999994,-0.8660254037844387,0.846028888091734,-0.5331370560318089,30.94333333333331,39.25857142857143,11.824328632911422,82.58000000000003,137.10857142857142,65.26845088519033,34.71,26.0,49.55,105.14,70.05,183.15,15.47,17.65,43.86,13.66,12.49,46.01,0.85,0.59,1.03,37.69,37.36,81.71
5,5,2023,1,5,49.72,213.66,21.39,17.75,1.23,38.94,165,2023-05-05,4,5,125,0,-0.433883739117558,-0.9009688679024191,0.49999999999999994,-0.8660254037844387,0.8367329140344921,-0.5476112038402311,44.53333333333331,41.71857142857142,15.532184251388749,104.05000000000003,130.15285714285716,62.05958446372042,66.77,32.12,44.65,134.46,72.55,176.63,14.95,15.02,31.18,13.4,12.38,43.46,0.83,0.57,0.99,60.49,45.75,66.13
6,5,2023,0,6,78.99,257.23,17.76,18.95,0.97,31.1,236,2023-05-06,5,5,126,1,-0.9749279121818236,-0.2225209339563146,0.49999999999999994,-0.8660254037844387,0.8271893372462497,-0.5619233046832195,50.39999999999998,42.44285714285714,15.807434658293909,151.0866666666667,135.44285714285715,67.97766979292768,49.72,34.71,58.27,213.66,105.14,243.75,21.39,15.47,27.85,17.75,13.66,17.6,1.23,0.85,0.83,38.94,37.69,39.22
7,5,2023,1,7,50.26,211.98,19.32,19.63,0.78,50.99,192,2023-05-07,6,5,127,1,-0.7818314824680299,0.6234898018587334,0.49999999999999994,-0.8660254037844387,0.8174009818249189,-0.5760691233798758,65.15999999999998,45.402857142857144,20.506559693820684,201.7833333333334,137.36857142857144,71.64902172595126,78.99,66.77,29.51,257.23,134.46,108.49,17.76,14.95,24.61,18.95,13.4,13.49,0.97,0.83,0.59,31.1,60.49,65.07
8,5,2023,0,1,42.7,148.82,22.7,17.29,0.86,44.33,126,2023-05-08,0,5,128,0,0.0,1.0,0.49999999999999994,-0.8660254037844387,0.8073707443023492,-0.5900444739548626,59.656666666666645,48.36714285714286,19.28995396079431,227.62333333333336,152.15285714285713,75.28209342517187,50.26,49.72,26.0,211.98,213.66,70.05,19.32,21.39,17.65,19.63,17.75,12.49,0.78,1.23,0.59,50.99,38.94,37.36
9,5,2023,0,2,61.0,256.02,14.88,24.99,0.87,67.61,208,2023-05-09,1,5,129,0,0.7818314824680297,0.6234898018587336,0.49999999999999994,-0.8660254037844387,0.7971015927871943,-0.6038452208771035,57.316666666666656,50.75285714285714,16.953858670213215,206.01000000000002,163.4057142857143,66.31767332497577,42.7,78.99,32.12,148.82,257.23,72.55,22.7,17.76,15.02,17.29,18.95,12.38,0.86,0.97,0.57,44.33,31.1,45.75
10,5,2023,0,3,69.17,224.55,24.71,28.89,0.73,70.35,184,2023-05-10,2,5,130,0,0.9749279121818236,-0.22252093395631434,0.49999999999999994,-0.8660254037844387,0.7865965660866021,-0.6174672802835514,51.319999999999986,54.878571428571426,15.073541309827865,205.60666666666668,189.6157142857143,60.41812527631798,61.0,50.26,34.71,256.02,211.98,105.14,14.88,19.32,15.47,24.99,19.63,13.66,0.87,0.78,0.85,67.61,50.99,37.69
11,5,2023,0,4,107.38,316.22,56.76,34.72,1.97,54.94,221,2023-05-11,3,5,131,0,0.43388373911755823,-0.900968867902419,0.49999999999999994,-0.8660254037844387,0.7758587728069828,-0.6309066211876704,57.62333333333333,59.80142857142857,12.85237906455792,209.7966666666667,206.67428571428573,48.21720504036752,69.17,42.7,66.77,224.55,148.82,134.46,24.71,22.7,14.95,28.89,17.29,13.4,0.73,0.86,0.83,70.35,44.33,60.49
12,5,2023,0,5,73.77,294.75,57.78,27.74,1.9,62.05,247,2023-05-12,4,5,132,0,-0.433883739117558,-0.9009688679024191,0.49999999999999994,-0.8660254037844387,0.7648913904341226,-0.6441592666722685,79.18333333333332,65.60285714285715,22.251087399860463,265.59666666666675,232.64000000000001,51.66434199071347,107.38,61.0,49.72,316.22,256.02,213.66,56.76,14.88,21.39,34.72,24.99,17.75,1.97,0.87,1.23,54.94,67.61,38.94
13,5,2023,0,6,82.57,329.11,65.13,30.11,1.99,78.84,287,2023-05-13,5,5,133,1,-0.9749279121818236,-0.2225209339563146,0.49999999999999994,-0.8660254037844387,0.753697664392914,-0.6572212950663319,83.43999999999998,69.03857142857143,21.22291798078403,278.5066666666667,244.22428571428574,55.637618226383665,73.77,69.17,78.99,294.75,224.55,257.23,57.78,24.71,17.76,27.74,28.89,18.95,1.9,0.73,0.97,62.05,70.35,31.1
14,5,2023,1,7,71.19,272.4,48.18,28.33,1.6,73.43,254,2023-05-14,6,5,134,1,-0.7818314824680299,0.6234898018587334,0.49999999999999994,-0.8660254037844387,0.7422809070869821,-0.6700888411055113,87.90666666666665,69.55,21.543410438771566,313.36000000000007,254.49285714285716,64.38374321578578,82.57,107.38,50.26,329.11,316.22,211.98,65.13,56.76,19.32,30.11,34.72,19.63,1.99,1.97,0.78,78.84,54.94,50.99
15,5,2023,0,1,42.88,172.64,17.22,22.8,0.82,61.53,148,2023-05-15,0,5,135,0,0.0,1.0,0.49999999999999994,-0.8660254037844387,0.7306444969184918,-0.6827580970759147,75.84333333333332,72.53999999999999,19.802003265664094,298.7533333333334,263.12428571428575,61.729801246276566,71.19,73.77,42.7,272.4,294.75,148.82,48.18,57.78,22.7,28.33,27.74,17.29,1.6,1.9,0.86,73.43,62.05,44.33
16,5,2023,0,2,168.21,522.8,15.03,25.12,0.87,60.99,270,2023-05-16,1,5,136,0,0.7818314824680297,0.6234898018587336,0.49999999999999994,-0.8660254037844387,0.7187918772884233,-0.6952253139408722,65.54666666666667,72.56571428571428,19.75686113492728,258.05,266.52714285714285,54.626444058498215,42.88,82.57,61.0,172.64,329.11,256.02,17.22,65.13,14.88,22.8,30.11,24.99,0.82,1.99,0.87,61.53,78.84,67.61
17,5,2023,0,3,82.12,337.5,25.86,29.18,1.06,49.67,363,2023-05-17,2,5,137,0,0.9749279121818236,-0.22252093395631434,0.49999999999999994,-0.8660254037844387,0.7067265555776158,-0.7074868024503348,94.09333333333332,87.88142857142859,40.236938430821894,322.6133333333333,304.6385714285715,110.53076546503118,168.21,71.19,69.17,522.8,272.4,224.55,15.03,48.18,24.71,25.12,28.33,28.89,0.87,1.6,0.73,60.99,73.43,70.35
18,5,2023,0,4,41.0,116.13,14.55,19.14,0.8,100.25,251,2023-05-18,3,5,138,0,0.43388373911755823,-0.900968867902419,0.49999999999999994,-0.8660254037844387,0.6944521021088763,-0.719538934232584,97.73666666666668,89.73142857142855,39.52464692170889,344.31333333333333,320.7742857142857,104.99640150296311,82.12,42.88,107.38,337.5,172.64,316.22,25.86,17.22,56.76,29.18,22.8,34.72,1.06,0.82,1.97,49.67,61.53,54.94
19,5,2023,0,5,56.72,160.09,13.34,22.65,0.86,71.15,198,2023-05-19,4,5,139,0,-0.433883739117558,-0.9009688679024191,0.49999999999999994,-0.8660254037844387,0.6819721490904629,-0.7313781428679254,97.11000000000001,80.24857142857142,42.44014272225945,325.47666666666663,292.19,130.5658061413223,41.0,168.21,73.77,116.13,522.8,294.75,14.55,15.03,57.78,19.14,25.12,27.74,0.8,0.87,1.9,100.25,60.99,62.05
20,5,2023,0,6,67.76,226.87,14.89,20.31,1.09,19.41,187,2023-05-20,5,5,140,1,-0.9749279121818236,-0.2225209339563146,0.49999999999999994,-0.8660254037844387,0.6692903895412567,-0.7430009249440493,59.946666666666665,77.81285714285715,43.35336807918805,204.57333333333335,272.9528571428571,139.72470620405528,56.72,82.12,82.57,160.09,337.5,329.11,13.34,25.86,65.13,22.65,29.18,30.11,0.86,1.06,1.99,71.15,49.67,78.84
21,5,2023,1,7,71.94,263.68,27.99,18.7,1.73,9.38,233,2023-05-21,6,5,141,1,-0.7818314824680299,0.6234898018587334,0.49999999999999994,-0.8660254037844387,0.6564105761979381,-0.7544038410927472,55.160000000000004,75.69714285714285,43.44380075234626,167.6966666666667,258.34714285714284,138.21159981640315,67.76,41.0,71.19,226.87,116.13,272.4,14.89,14.55,48.18,20.31,19.14,28.33,1.09,0.8,1.6,19.41,100.25,73.43
22,5,2023,0,1,69.33,252.19,28.79,13.44,1.12,32.49,182,2023-05-22,0,5,142,0,0.0,1.0,0.49999999999999994,-0.8660254037844387,0.6433365204044917,-0.765583517007675,65.47333333333334,75.80428571428571,43.43175560851913,216.88,257.1014285714285,138.10308461780437,71.94,56.72,42.88,263.68,160.09,172.64,27.99,13.34,17.22,18.7,22.65,22.8,1.73,0.86,0.82,9.38,71.15,61.53
23,5,2023,0,2,64.81,244.39,23.76,21.24,0.9,46.47,216,2023-05-23,1,5,143,0,0.7818314824680297,0.6234898018587336,0.49999999999999994,-0.8660254037844387,0.6300720909843687,-0.7765366444428655,69.67666666666666,79.58285714285715,41.18225536736538,247.58,268.4657142857143,133.17978586071087,69.33,67.76,168.21,252.19,226.87,522.8,28.79,14.89,15.03,13.44,20.31,25.12,1.12,1.09,0.87,32.49,19.41,60.99
24,5,2023,0,3,33.53,116.51,22.18,22.08,0.79,46.42,148,2023-05-24,2,5,144,0,0.9749279121818236,-0.22252093395631434,0.49999999999999994,-0.8660254037844387,0.6166212130956382,-0.7872599821916922,68.69333333333333,64.81142857142858,12.98698121013571,253.42,228.69285714285712,72.15917837537782,64.81,71.94,82.12,244.39,263.68,337.5,23.76,27.99,25.86,21.24,18.7,29.18,0.9,1.73,1.06,46.47,9.38,49.67
25,5,2023,0,4,31.29,118.29,21.04,21.53,0.76,47.24,80,2023-05-25,3,5,145,0,0.43388373911755823,-0.900968867902419,0.49999999999999994,-0.8660254037844387,0.6029878670694714,-0.7977503570459932,55.88999999999999,57.870000000000005,15.020137593689686,204.36333333333334,197.12285714285713,64.56395658938726,33.53,69.33,41.0,116.51,252.19,116.13,22.18,28.79,14.55,22.08,13.44,19.14,0.79,1.12,0.8,46.42,32.49,100.25
26,5,2023,1,5,28.98,55.16,24.39,17.12,0.83,52.05,85,2023-05-26,4,5,146,0,-0.433883739117558,-0.9009688679024191,0.49999999999999994,-0.8660254037844387,0.5891760872322963,-0.8080046647350754,43.21,56.48285714285714,17.13698506572536,159.73,197.43142857142857,64.11595860329265,31.29,64.81,56.72,118.29,244.39,160.09,21.04,23.76,13.34,21.53,21.24,22.65,0.76,0.9,0.86,47.24,46.47,71.15
27,5,2023,0,6,23.45,59.37,27.6,7.1,0.94,44.46,48,2023-05-27,5,5,147,1,-0.9749279121818236,-0.2225209339563146,0.49999999999999994,-0.8660254037844387,0.5751899607119775,-0.8180198708443175,31.266666666666666,52.519999999999996,20.035297186050677,96.65333333333335,182.44142857142856,83.60523636483033,28.98,33.53,67.76,55.16,116.51,226.87,24.39,22.18,14.89,17.12,22.08,20.31,0.83,0.79,1.09,52.05,46.42,19.41
28,5,2023,1,7,62.5,198.44,28.48,7.18,1.49,27.44,115,2023-05-28,6,5,148,1,-0.7818314824680299,0.6234898018587334,0.49999999999999994,-0.8660254037844387,0.5610336262283677,-0.8277930117131022,27.906666666666666,46.19,21.3728948281081,77.60666666666667,158.51285714285717,92.28908940828074,23.45,31.29,71.94,59.37,118.29,263.68,27.6,21.04,27.99,7.1,21.53,18.7,0.94,0.76,1.73,44.46,47.24,9.38
29,5,2023,0,1,35.89,98.5,23.58,10.2,0.99,35.94,98,2023-05-29,0,5,149,0,0.0,1.0,0.49999999999999994,-0.8660254037844387,0.5467112728685939,-0.8373211953118121,38.31,44.84142857142857,19.710517013828373,104.32333333333334,149.19285714285712,82.69388141700475,62.5,28.98,69.33,198.44,55.16,252.19,28.48,24.39,28.79,7.18,17.12,13.44,1.49,0.83,1.12,27.44,52.05,32.49
30,5,2023,0,2,28.55,102.42,21.73,10.6,0.84,36.17,102,2023-05-30,1,5,150,0,0.7818314824680297,0.6234898018587336,0.49999999999999994,-0.8660254037844387,0.5322271388474397,-0.8466016020976267,40.61333333333334,40.06428571428571,16.59175081895012,118.77000000000002,127.23714285714286,70.25744176818323,35.89,23.45,64.81,98.5,59.37,244.39,23.58,27.6,23.76,10.2,7.1,21.24,0.99,0.94,0.9,35.94,44.46,46.47
31,5,2023,0,3,29.05,69.88,18.33,9.76,0.85,26.81,81,2023-05-31,2,5,151,0,0.9749279121818236,-0.22252093395631434,0.49999999999999994,-0.8660254037844387,0.5175855102531889,-0.8556314858488706,42.31333333333334,34.88428571428572,12.807021325746751,133.12,106.95571428571428,47.65919458584644,28.55,62.5,33.53,102.42,198.44,116.51,21.73,28.48,22.18,10.6,7.18,22.08,0.84,1.49,0.79,36.17,27.44,46.42
1,6,2023,0,4,37.58,101.11,20.96,9.46,0.98,28.73,82,2023-06-01,3,6,152,0,0.43388373911755823,-0.900968867902419,1.2246467991473532e-16,-1.0,0.5027907197793043,-0.8644081744776648,31.16333333333333,34.244285714285716,12.996514734271342,90.26666666666667,100.2942857142857,49.33067803343317,29.05,35.89,31.29,69.88,98.5,118.29,18.33,23.58,21.04,9.76,10.2,21.53,0.85,0.99,0.76,26.81,35.94,47.24
2,6,2023,0,5,29.68,83.31,18.62,8.55,0.8,34.12,84,2023-06-02,4,6,153,0,-0.433883739117558,-0.9009688679024191,1.2246467991473532e-16,-1.0,0.4878471454423119,-0.8729290708206411,31.72666666666667,35.142857142857146,12.97564091453266,91.13666666666666,97.84,48.7095983012262,37.58,28.55,28.98,101.11,102.42,55.16,20.96,21.73,24.39,9.46,10.6,17.12,0.98,0.84,0.83,28.73,36.17,52.05
3,6,2023,0,6,39.18,127.29,21.02,8.05,0.93,31.07,100,2023-06-03,5,6,154,1,-0.9749279121818236,-0.2225209339563146,1.2246467991473532e-16,-1.0,0.47275920928627757,-0.881191653407483,32.10333333333333,35.24285714285714,12.922819241283769,84.76666666666667,101.86142857142856,45.66560537522594,29.68,29.05,23.45,83.31,69.88,59.37,18.62,18.33,27.6,8.55,9.76,7.1,0.8,0.85,0.94,34.12,26.81,44.46
4,6,2023,1,7,56.64,191.71,23.07,7.57,1.06,33.35,152,2023-06-04,6,6,155,1,-0.7818314824680299,0.6234898018587334,1.2246467991473532e-16,-1.0,0.4575313760742512,-0.8891934772070711,35.48,37.49,11.853815138316026,103.90333333333335,111.56428571428572,42.21800123847139,39.18,37.58,62.5,127.29,101.11,198.44,21.02,20.96,28.48,8.05,9.46,7.18,0.93,0.98,1.49,31.07,28.73,27.44
5,6,2023,0,1,48.77,171.74,21.17,7.14,1.0,35.29,148,2023-06-05,0,6,156,0,0.0,1.0,1.2246467991473532e-16,-1.0,0.442168151967072,-0.8969321743510065,41.833333333333336,36.652857142857144,9.826786036622588,134.10333333333332,110.60285714285715,39.92416382521994,56.64,29.68,35.89,191.71,83.31,98.5,23.07,18.62,23.58,7.57,8.55,10.2,1.06,0.8,0.99,33.35,34.12,35.94
6,6,2023,0,2,79.25,115.53,21.95,6.83,0.92,38.8,124,2023-06-06,1,6,157,0,0.7818314824680297,0.6234898018587336,1.2246467991473532e-16,-1.0,0.42667408318992467,-0.9044054548343001,48.196666666666665,38.49285714285715,10.816178798890144,163.58,121.0657142857143,45.43971202122176,48.77,39.18,28.55,171.74,127.29,102.42,21.17,21.02,21.73,7.14,8.05,10.6,1.0,0.93,0.84,35.29,31.07,36.17
7,6,2023,0,3,67.28,215.29,21.66,6.65,0.84,38.23,187,2023-06-07,2,6,158,0,0.9749279121818236,-0.22252093395631434,1.2246467991473532e-16,-1.0,0.4110537546870351,-0.9116111071930239,61.553333333333335,45.73571428571428,17.781121877939313,159.66,122.93857142857144,44.808914451098346,79.25,56.64,29.05,115.53,191.71,69.88,21.95,23.07,18.33,6.83,7.57,9.76,0.92,1.06,0.85,38.8,33.35,26.81
8,6,2023,0,4,48.02,148.28,23.67,8.29,0.87,45.64,139,2023-06-08,3,6,159,0,0.43388373911755823,-0.900968867902419,1.2246467991473532e-16,-1.0,0.3953117887649151,-0.9185469991587165,65.10000000000001,51.19714285714286,17.672778233097006,167.52,143.71142857142857,49.56481629428112,67.28,48.77,37.58,215.29,171.74,101.11,21.66,21.17,20.96,6.65,7.14,9.46,0.84,1.0,0.98,38.23,35.29,28.73
9,6,2023,0,5,49.97,163.69,22.1,8.79,0.79,38.02,144,2023-06-09,4,6,160,0,-0.433883739117558,-0.9009688679024191,1.2246467991473532e-16,-1.0,0.37945284372454435,-0.925211078289358,64.85000000000001,52.68857142857143,16.748431198744687,159.70000000000002,150.45000000000002,45.87693283848413,48.02,79.25,29.68,148.28,115.53,83.31,23.67,21.95,18.62,8.29,6.83,8.55,0.87,0.92,0.8,45.64,38.8,34.12
10,6,2023,0,6,45.11,162.95,19.91,8.43,0.65,30.57,136,2023-06-10,5,6,161,1,-0.9749279121818236,-0.2225209339563146,1.2246467991473532e-16,-1.0,0.36348161248290634,-0.9316013725767187,55.09,55.58714285714286,13.553867485318003,175.75333333333333,161.93285714285713,35.05396730485199,49.97,67.28,39.18,163.69,215.29,127.29,22.1,21.66,21.02,8.79,6.65,8.05,0.79,0.84,0.93,38.02,38.23,31.07
11,6,2023,1,7,36.78,89.39,20.05,8.0,0.66,31.7,117,2023-06-11,6,6,162,1,-0.7818314824680299,0.6234898018587334,1.2246467991473532e-16,-1.0,0.3474028211842774,-0.9377159910299093,47.699999999999996,56.434285714285714,12.501976986519585,158.30666666666664,167.02714285714288,31.601499286314915,45.11,48.02,56.64,162.95,148.28,191.71,19.91,23.67,23.07,8.43,8.29,7.57,0.65,0.87,1.06,30.57,45.64,33.35
12,6,2023,0,1,73.19,220.74,29.11,7.63,0.63,44.11,176,2023-06-12,0,6,163,0,0.0,1.0,1.2246467991473532e-16,-1.0,0.3312212278016865,-0.9435531242349544,43.953333333333326,53.597142857142856,14.535585889220078,138.67666666666668,152.41,40.6501025008972,36.78,49.97,48.77,89.39,163.69,171.74,20.05,22.1,21.17,8.0,8.79,7.14,0.66,0.79,1.0,31.7,38.02,35.29
13,6,2023,0,2,71.3,273.53,31.54,7.15,0.68,30.65,201,2023-06-13,1,6,164,0,0.7818314824680297,0.6234898018587336,1.2246467991473532e-16,-1.0,0.31494162072895193,-0.9491110448902284,51.69333333333333,57.08571428571428,16.03687090960906,157.69333333333336,159.41,48.07446480894797,73.19,45.11,79.25,220.74,162.95,115.53,29.11,19.91,21.95,7.63,8.43,6.83,0.63,0.65,0.92,44.11,30.57,38.8
14,6,2023,0,3,64.72,234.09,28.56,7.12,0.58,29.55,214,2023-06-14,2,6,165,0,0.9749279121818236,-0.22252093395631434,1.2246467991473532e-16,-1.0,0.2985688173637202,-0.9543881083175908,60.423333333333325,55.95,14.403985559560823,194.55333333333337,181.98142857142855,59.71956586931238,71.3,36.78,67.28,273.53,89.39,215.29,31.54,20.05,21.66,7.15,8.0,6.65,0.68,0.66,0.84,30.65,31.7,38.23
15,6,2023,0,4,45.3,153.82,29.78,7.04,0.61,33.3,163,2023-06-15,3,6,166,0,0.43388373911755823,-0.900968867902419,1.2246467991473532e-16,-1.0,0.28210766268191934,-0.9593827529490743,69.73666666666666,55.58428571428571,14.097615468752105,242.78666666666666,184.66714285714286,61.85185276510544,64.72,73.19,48.02,234.09,220.74,148.28,28.56,29.11,23.67,7.12,7.63,8.29,0.58,0.63,0.87,29.55,44.11,45.64
16,6,2023,0,5,45.95,145.41,33.15,7.61,0.71,28.75,121,2023-06-16,4,6,167,0,-0.433883739117558,-0.9009688679024191,1.2246467991473532e-16,-1.0,0.26556302780405594,-0.9640935007889755,60.44,55.19571428571429,14.37560301012791,220.48000000000002,185.45857142857145,61.34200258348656,45.3,71.3,49.97,153.82,273.53,163.69,29.78,31.54,22.1,7.04,7.15,8.79,0.61,0.68,0.79,33.3,30.65,38.02
17,6,2023,0,6,46.18,138.89,32.35,9.64,0.8,32.78,138,2023-06-17,5,6,168,1,-0.9749279121818236,-0.2225209339563146,1.2246467991473532e-16,-1.0,0.24893980855376655,-0.9685189578512204,51.99,54.62142857142857,14.695885397589501,177.77333333333334,182.84714285714284,62.795074306373344,45.95,64.72,45.11,145.41,234.09,162.95,33.15,28.56,19.91,7.61,7.12,8.43,0.71,0.58,0.65,28.75,29.55,30.57
18,6,2023,1,7,28.83,73.73,29.92,13.54,0.64,36.03,78,2023-06-18,6,6,169,1,-0.7818314824680299,0.6234898018587334,1.2246467991473532e-16,-1.0,0.23224292400907015,-0.9726578145718654,45.81,54.77428571428571,14.585616039034209,146.04,179.41,64.6953947356386,46.18,45.3,36.78,138.89,153.82,89.39,32.35,29.78,20.05,9.64,7.04,8.0,0.8,0.61,0.66,32.78,33.3,31.7
19,6,2023,0,1,23.99,61.81,31.49,16.07,0.65,28.74,62,2023-06-19,0,6,170,0,0.0,1.0,1.2246467991473532e-16,-1.0,0.21547731504673012,-0.976508846196619,40.32,53.638571428571424,16.415053486127228,119.34333333333336,177.17285714285714,68.48672978864558,28.83,45.95,73.19,73.73,145.41,220.74,29.92,33.15,29.11,13.54,7.61,7.63,0.64,0.71,0.63,36.03,28.75,44.11
20,6,2023,0,2,43.29,115.21,28.66,15.52,0.74,28.51,112,2023-06-20,1,6,171,0,0.7818314824680297,0.6234898018587336,1.2246467991473532e-16,-1.0,0.1986479428801711,-0.9800709131432666,33.0,46.61,17.164389492979453,91.47666666666669,154.46857142857144,77.4001439336678,23.99,46.18,71.3,61.81,138.89,273.53,31.49,32.35,31.54,16.07,9.64,7.15,0.65,0.8,0.68,28.74,32.78,30.65
21,6,2023,0,3,35.0,103.61,12.09,15.18,0.48,29.35,79,2023-06-21,2,6,172,0,0.9749279121818236,-0.22252093395631434,1.2246467991473532e-16,-1.0,0.18175978759137534,-0.9833429613388902,32.03666666666666,42.60857142857143,13.273054695601074,83.58333333333336,131.85142857142858,57.343350799831285,43.29,28.83,64.72,115.21,73.73,234.09,28.66,29.92,28.56,15.52,13.54,7.12,0.74,0.64,0.58,28.51,36.03,29.55
22,6,2023,0,4,37.45,110.2,12.64,15.26,0.55,24.4,105,2023-06-22,3,6,173,0,0.43388373911755823,-0.900968867902419,1.2246467991473532e-16,-1.0,0.16481784665719793,-0.9863240225317866,34.093333333333334,38.362857142857145,9.127215191003982,93.54333333333335,113.21142857142857,35.68908536633937,35.0,23.99,45.3,103.61,61.81,153.82,12.09,31.49,29.78,15.18,16.07,7.04,0.48,0.65,0.61,29.35,28.74,33.3
23,6,2023,0,5,46.09,135.16,12.48,15.29,0.57,24.79,114,2023-06-23,4,6,174,0,-0.433883739117558,-0.9009688679024191,1.2246467991473532e-16,-1.0,0.14782713347053048,-0.9890132145779883,38.580000000000005,37.24142857142857,8.59983028625668,109.67333333333335,106.97999999999999,30.904321704256017,37.45,43.29,45.95,110.2,115.21,145.41,12.64,28.66,33.15,15.26,15.52,7.61,0.55,0.74,0.71,24.4,28.51,28.75
24,6,2023,0,6,50.58,140.16,15.46,15.37,0.73,23.16,143,2023-06-24,5,6,175,1,-0.9749279121818236,-0.2225209339563146,1.2246467991473532e-16,-1.0,0.1307926758567592,-0.9914097417023038,39.51333333333333,37.261428571428574,8.623588635389426,116.32333333333334,105.51571428571428,28.961759763031996,46.09,35.0,46.18,135.16,103.61,138.89,12.48,12.09,32.35,15.29,15.18,9.64,0.57,0.48,0.8,24.79,29.35,32.78
25,6,2023,1,7,20.11,39.07,9.69,15.3,0.44,27.24,67,2023-06-25,6,6,176,1,-0.7818314824680299,0.6234898018587334,1.2246467991473532e-16,-1.0,0.11371951458594969,-0.9935128947338007,44.70666666666667,37.89,9.49802962022668,128.5066666666667,105.69714285714285,29.20860130982552,50.58,37.45,28.83,140.16,110.2,73.73,15.46,12.64,29.92,15.37,15.26,13.54,0.73,0.55,0.64,23.16,24.4,36.03
26,6,2023,0,1,42.97,99.74,12.83,15.42,0.73,31.4,84,2023-06-26,0,6,177,0,0.0,1.0,1.2246467991473532e-16,-1.0,0.0966127018812031,-0.9953220513156602,38.92666666666667,36.644285714285715,11.287585890620365,104.79666666666668,100.74571428571429,37.33746057118663,20.11,46.09,23.99,39.07,135.16,61.81,9.69,12.48,31.49,15.3,15.29,16.07,0.44,0.57,0.65,27.24,24.79,28.74
27,6,2023,0,2,30.14,66.67,11.47,15.37,0.54,40.23,69,2023-06-27,1,6,178,0,0.7818314824680297,0.6234898018587336,1.2246467991473532e-16,-1.0,0.07947729992362097,-0.9968366760893436,37.88666666666666,39.355714285714285,9.940475939551312,92.99000000000001,106.16428571428573,33.2766458932524,42.97,50.58,43.29,99.74,140.16,115.21,12.83,15.46,28.66,15.42,15.37,15.52,0.73,0.73,0.74,31.4,23.16,28.51
28,6,2023,0,3,34.89,94.81,17.02,15.5,0.58,46.23,79,2023-06-28,2,6,179,0,0.9749279121818236,-0.22252093395631434,1.2246467991473532e-16,-1.0,0.06231837935432508,-0.998056320853012,31.073333333333334,37.47714285714285,10.308782201415799,68.49333333333335,99.23,36.02173973218797,30.14,20.11,35.0,66.67,39.07,103.61,11.47,9.69,12.09,15.37,15.3,15.18,0.54,0.44,0.48,40.23,27.24,29.35
29,6,2023,1,4,39.48,93.39,17.74,15.72,0.74,26.77,106,2023-06-29,3,6,180,0,0.43388373911755823,-0.900968867902419,1.2246467991473532e-16,-1.0,0.045141017773971934,-0.9989806246941579,36.0,37.46142857142858,10.313270461841109,87.07333333333337,97.97285714285714,35.99695251651655,34.89,42.97,37.45,94.81,99.74,110.2,17.02,12.83,12.64,15.5,15.42,15.26,0.58,0.73,0.55,46.23,31.4,24.4
30,6,2023,0,5,26.18,55.64,11.83,15.76,0.69,30.35,58,2023-06-30,4,6,181,0,-0.433883739117558,-0.9009688679024191,1.2246467991473532e-16,-1.0,0.02795029824021032,-0.999609314096404,34.836666666666666,37.75142857142857,10.341398081775548,84.95666666666669,95.57142857142857,35.603874053524095,39.48,30.14,46.09,93.39,66.67,135.16,17.74,11.47,12.48,15.72,15.37,15.29,0.74,0.54,0.57,26.77,40.23,24.79
1,7,2023,0,6,24.95,43.38,8.89,14.17,0.46,48.07,45,2023-07-01,5,7,182,1,-0.9749279121818236,-0.2225209339563146,-0.4999999999999998,-0.8660254037844388,0.010751307763521931,-0.9999422030204416,33.51666666666666,34.90714285714286,10.403553422247636,81.28000000000002,84.21142857142857,33.490625269656405,26.18,34.89,50.58,55.64,94.81,140.16,11.83,17.02,15.46,15.76,15.5,15.37,0.69,0.58,0.73,30.35,46.23,23.16
2,7,2023,1,7,30.41,63.61,10.87,6.38,0.55,51.87,43,2023-07-02,6,7,183,1,-0.7818314824680299,0.6234898018587334,-0.4999999999999998,-0.8660254037844388,-0.006450864198105151,-0.9999791929590823,30.20333333333333,31.245714285714282,8.2569906889939,64.13666666666668,70.38571428571429,25.588546172814763,24.95,39.48,20.11,43.38,93.39,39.07,8.89,17.74,9.69,14.17,15.72,15.3,0.46,0.74,0.44,48.07,26.77,27.24
3,7,2023,0,1,45.55,117.32,17.77,6.1,0.71,64.58,99,2023-07-03,0,7,184,0,0.0,1.0,-0.4999999999999998,-0.8660254037844388,-0.02365112724523159,-0.9997202729664083,27.179999999999996,32.71714285714285,6.715727099594443,54.210000000000015,73.89142857142858,22.014572013840198,30.41,26.18,42.97,63.61,55.64,99.74,10.87,11.83,12.83,6.38,15.76,15.42,0.55,0.69,0.73,51.87,30.35,31.4
4,7,2023,0,2,47.58,116.78,18.27,8.41,0.76,43.52,118,2023-07-04,1,7,185,0,0.7818314824680297,0.6234898018587336,-0.4999999999999998,-0.8660254037844388,-0.04084439154329611,-0.9991655196610109,33.63666666666666,33.08571428571428,7.407385632245604,74.77000000000002,76.40285714285713,26.081888808322468,45.55,24.95,30.14,117.32,43.38,66.67,17.77,8.89,11.47,6.1,14.17,15.37,0.71,0.46,0.54,64.58,48.07,40.23
5,7,2023,0,3,28.73,59.63,5.55,7.88,0.54,42.99,79,2023-07-05,2,7,186,0,0.9749279121818236,-0.22252093395631434,-0.4999999999999998,-0.8660254037844388,-0.05802556932878034,-0.9983150972033183,41.18,35.57714285714285,9.0108521873846,99.23666666666668,83.56142857142856,29.60421897217605,47.58,30.41,34.89,116.78,63.61,94.81,18.27,10.87,17.02,8.41,6.38,15.5,0.76,0.55,0.58,43.52,51.87,46.23
6,7,2023,0,4,30.08,57.43,4.49,6.45,0.52,36.88,58,2023-07-06,3,7,187,0,0.43388373911755823,-0.900968867902419,-0.4999999999999998,-0.8660254037844388,-0.07518957641475855,-0.9971692572470178,40.62,34.69714285714286,9.382280664967723,97.91000000000001,78.53571428571429,30.353025580737967,28.73,45.55,39.48,59.63,117.32,93.39,5.55,17.77,17.74,7.88,6.1,15.72,0.54,0.71,0.74,42.99,64.58,26.77
7,7,2023,0,5,28.46,68.23,6.27,4.76,0.53,40.28,60,2023-07-07,4,7,188,0,-0.433883739117558,-0.9009688679024191,-0.4999999999999998,-0.8660254037844388,-0.09233133369539122,-0.9957283388645872,35.46333333333333,33.354285714285716,9.25547199794795,77.94666666666667,73.39857142857143,30.462837156430837,30.08,47.58,26.18,57.43,116.78,55.64,4.49,18.27,11.83,6.45,8.41,15.76,0.52,0.76,0.69,36.88,43.52,30.35
8,7,2023,0,6,27.75,50.73,6.2,3.07,0.56,35.01,62,2023-07-08,5,7,189,1,-0.9749279121818236,-0.2225209339563146,-0.4999999999999998,-0.8660254037844388,-0.10944576864891556,-0.993992768446958,29.09,33.68,8.997440376761052,61.76333333333335,75.19714285714285,29.59901446236059,28.46,28.73,24.95,68.23,59.63,43.38,6.27,5.55,8.89,4.76,7.88,14.17,0.53,0.54,0.46,40.28,42.99,48.07
9,7,2023,1,7,25.67,39.88,5.63,1.21,0.6,31.71,44,2023-07-09,6,7,190,1,-0.7818314824680299,0.6234898018587334,-0.4999999999999998,-0.8660254037844388,-0.12652781683868314,-0.9919630595773397,28.763333333333332,34.08,8.59801915172152,58.79666666666668,76.24714285714286,28.387799441714932,27.75,30.08,30.41,50.73,57.43,63.61,6.2,4.49,10.87,3.07,6.45,6.38,0.56,0.52,0.55,35.01,36.88,51.87
10,7,2023,0,1,27.78,41.73,19.59,25.26,0.55,37.77,45,2023-07-10,0,7,191,0,0.0,1.0,-0.4999999999999998,-0.8660254037844388,-0.1435724234118113,-0.9896398128792412,27.293333333333333,33.402857142857144,9.106821096092048,52.94666666666668,72.85714285714286,31.404962301251587,25.67,28.46,45.55,39.88,68.23,117.32,5.63,6.27,17.77,1.21,4.76,6.1,0.6,0.53,0.71,31.71,40.28,64.58
11,7,2023,0,2,30.79,57.18,24.41,5.37,0.43,40.15,48,2023-07-11,1,7,192,0,0.7818314824680297,0.6234898018587336,-0.4999999999999998,-0.8660254037844388,-0.16057454459499376,-0.9870237158387383,27.066666666666666,30.864285714285717,7.489527927143692,44.113333333333344,62.05857142857143,26.11933921355145,27.78,27.75,47.58,41.73,50.73,116.78,19.59,6.2,18.27,25.26,3.07,8.41,0.55,0.56,0.76,37.77,35.01,43.52
12,7,2023,0,3,31.58,58.34,21.17,3.64,0.52,36.93,62,2023-07-12,2,7,193,0,0.9749279121818236,-0.22252093395631434,-0.4999999999999998,-0.8660254037844388,-0.177529149187035,-0.984115542601034,28.08,28.465714285714288,1.6771290662315257,46.26333333333335,53.54428571428571,10.126150728268913,30.79,25.67,28.73,57.18,39.88,59.63,24.41,5.63,5.55,5.37,1.21,7.88,0.43,0.6,0.54,40.15,31.71,42.99
13,7,2023,0,4,37.13,80.28,17.46,2.59,0.59,36.34,72,2023-07-13,3,7,194,0,0.43388373911755823,-0.900968867902419,-0.4999999999999998,-0.8660254037844388,-0.19443122004766197,-0.9809161537413774,30.049999999999997,28.87285714285714,2.05528355129583,52.416666666666686,53.36,10.00798681055249,31.58,27.78,30.08,58.34,41.73,57.43,21.17,19.59,4.49,3.64,25.26,6.45,0.52,0.55,0.52,36.93,37.77,36.88
14,7,2023,0,5,46.84,96.11,19.38,2.18,0.73,38.08,79,2023-07-14,4,7,195,0,-0.433883739117558,-0.9009688679024191,-0.4999999999999998,-0.8660254037844388,-0.2112757555821793,-0.9774264960104055,33.166666666666664,29.880000000000003,3.763154704947707,65.2666666666667,56.62428571428571,14.343938158851346,37.13,30.79,28.46,80.28,57.18,68.23,17.46,24.41,6.27,2.59,5.37,4.76,0.59,0.43,0.53,36.34,40.15,40.28
15,7,2023,0,6,40.98,105.56,17.78,1.94,0.63,33.56,107,2023-07-15,5,7,196,1,-0.9749279121818236,-0.2225209339563146,-0.4999999999999998,-0.8660254037844388,-0.22805777122151982,-0.9736476020539838,38.516666666666666,32.50571428571429,7.329535813278491,78.24333333333335,60.607142857142854,20.606950052746207,46.84,31.58,27.75,96.11,58.34,50.73,19.38,21.17,6.2,2.18,3.64,3.07,0.73,0.52,0.56,38.08,36.93,35.01
16,7,2023,1,7,33.35,69.4,16.93,1.84,0.53,33.13,75,2023-07-16,6,7,197,1,-0.7818314824680299,0.6234898018587334,-0.4999999999999998,-0.8660254037844388,-0.2447723008972596,-0.9695805901076308,41.65,34.395714285714284,7.599611518895686,93.98333333333335,68.44,25.953818601511795,40.98,37.13,25.67,105.56,80.28,39.88,17.78,17.46,5.63,1.94,2.59,1.21,0.63,0.59,0.6,33.56,36.34,31.71
17,7,2023,0,1,56.03,125.67,18.1,2.32,0.66,48.86,91,2023-07-17,0,7,198,0,0.0,1.0,-0.4999999999999998,-0.8660254037844388,-0.2614143985111562,-0.965226663665613,40.39,35.49285714285714,6.62135362366039,90.35666666666668,72.65714285714286,22.738961215126633,33.35,46.84,27.78,69.4,96.11,41.73,16.93,19.38,19.59,1.84,2.18,25.26,0.53,0.73,0.55,33.13,38.08,37.77
18,7,2023,0,2,38.63,85.63,17.51,2.73,0.66,34.37,108,2023-07-18,1,7,199,0,0.7818314824680297,0.6234898018587336,-0.4999999999999998,-0.8660254037844388,-0.2779791393987801,-0.9605871111248129,43.45333333333334,39.528571428571425,9.2315679935255,100.21000000000002,84.64857142857143,25.656956450169226,56.03,40.98,30.79,125.67,105.56,57.18,18.1,17.78,24.41,2.32,1.94,5.37,0.66,0.63,0.43,48.86,33.56,40.15
19,7,2023,0,3,40.82,90.39,13.99,4.04,0.54,29.94,81,2023-07-19,2,7,200,0,0.9749279121818236,-0.22252093395631434,-0.4999999999999998,-0.8660254037844388,-0.29446162178680124,-0.9556633054034704,42.67000000000001,40.64857142857143,8.435985278500931,93.56666666666668,88.71285714285715,22.658656707971154,38.63,33.35,31.58,85.63,69.4,58.34,17.51,16.93,21.17,2.73,1.84,3.64,0.66,0.53,0.52,34.37,33.13,36.93
20,7,2023,0,4,53.38,115.11,19.04,10.5,1.1,48.1,103,2023-07-20,3,7,201,0,0.43388373911755823,-0.900968867902419,-0.4999999999999998,-0.8660254037844388,-0.3108569682435036,-0.9504567035349151,45.160000000000004,41.96857142857143,7.445229856699148,100.56333333333335,93.29142857142857,18.321424097284016,40.82,56.03,37.13,90.39,125.67,80.28,13.99,18.1,17.46,4.04,2.32,2.59,0.54,0.66,0.59,29.94,48.86,36.34
21,7,2023,0,5,56.25,141.47,38.29,17.18,0.76,38.59,125,2023-07-21,4,7,202,0,-0.433883739117558,-0.9009688679024191,-0.4999999999999998,-0.8660254037844388,-0.3271603271220951,-0.9449688462364056,44.27666666666667,44.290000000000006,8.182037236127085,97.04333333333335,98.26714285714286,18.918668658488578,53.38,38.63,46.84,115.11,85.63,96.11,19.04,17.51,19.38,10.5,2.73,2.18,1.1,0.66,0.73,48.1,34.37,38.08
22,7,2023,0,6,42.61,98.1,29.04,16.83,0.55,29.92,108,2023-07-22,5,7,203,1,-0.9749279121818236,-0.2225209339563146,-0.4999999999999998,-0.8660254037844388,-0.34336687399638804,-0.939201357453208,50.150000000000006,45.63428571428572,9.359164594385481,115.65666666666668,104.74714285714286,24.884389158861676,56.25,40.82,40.98,141.47,90.39,105.56,38.29,13.99,17.78,17.18,4.04,1.94,0.76,0.54,0.63,38.59,29.94,33.56
23,7,2023,1,7,36.79,80.63,27.25,16.63,0.46,30.16,79,2023-07-23,6,7,204,1,-0.7818314824680299,0.6234898018587334,-0.4999999999999998,-0.8660254037844388,-0.3594718130884232,-0.9331559438780432,50.74666666666667,45.867142857142866,9.243629724097959,118.22666666666669,103.68142857142857,25.00323474311268,42.61,53.38,33.35,98.1,115.11,69.4,29.04,19.04,16.93,16.83,10.5,1.84,0.55,1.1,0.53,29.92,48.1,33.13
24,7,2023,0,1,37.39,83.1,29.78,16.51,0.49,30.28,80,2023-07-24,0,7,205,0,0.0,1.0,-0.4999999999999998,-0.8660254037844388,-0.3754703786876202,-0.9268343944460494,45.21666666666667,46.35857142857143,8.531249280483552,106.73333333333335,105.28571428571429,22.690329700224947,36.79,56.25,56.03,80.63,141.47,125.67,27.25,38.29,18.1,16.63,17.18,2.32,0.46,0.76,0.66,30.16,38.59,48.86
25,7,2023,0,2,42.83,103.48,32.36,16.3,0.61,31.02,99,2023-07-25,1,7,206,0,0.7818314824680297,0.6234898018587336,-0.4999999999999998,-0.8660254037844388,-0.39135783656102596,-0.9202385798054075,38.93,43.69571428571429,7.8946856748574055,87.27666666666669,99.20428571428572,22.01100774396564,37.39,42.61,38.63,83.1,98.1,85.63,29.78,29.04,17.51,16.51,16.83,2.73,0.49,0.55,0.66,30.28,29.92,34.37
26,7,2023,0,3,33.28,68.32,29.16,15.98,0.61,29.54,70,2023-07-26,2,7,207,0,0.9749279121818236,-0.22252093395631434,-0.4999999999999998,-0.8660254037844388,-0.4071294853542516,-0.9133704517637858,39.00333333333334,44.29571428571428,7.599609325800817,89.07000000000001,101.75428571428571,21.195163644211696,42.83,36.79,40.82,103.48,80.63,90.39,32.36,27.25,13.99,16.3,16.63,4.04,0.61,0.46,0.54,31.02,30.16,29.94
27,7,2023,0,4,42.24,103.8,35.67,15.94,0.76,29.78,105,2023-07-27,3,7,208,0,0.43388373911755823,-0.900968867902419,-0.4999999999999998,-0.8660254037844388,-0.4227806579826773,-0.9062320427107697,37.833333333333336,43.21857142857142,8.637786036889569,84.96666666666668,98.60142857142857,24.544282041904076,33.28,37.39,53.38,68.32,83.1,115.11,29.16,29.78,19.04,15.98,16.51,10.5,0.61,0.49,1.1,29.54,30.28,48.1
28,7,2023,0,5,38.45,82.74,28.83,15.72,0.64,30.59,80,2023-07-28,4,7,209,0,-0.433883739117558,-0.9009688679024191,-0.4999999999999998,-0.8660254037844388,-0.4383067230125192,-0.898825465016444,39.449999999999996,41.62714285714286,7.389661052864821,91.86666666666667,96.98571428571428,23.631720107479488,42.24,42.83,56.25,103.8,103.48,141.47,35.67,32.36,38.29,15.94,16.3,17.18,0.76,0.61,0.76,29.78,31.02,38.59
29,7,2023,1,6,24.63,47.67,28.39,15.56,0.52,31.06,55,2023-07-29,5,7,210,1,-0.9749279121818236,-0.2225209339563146,-0.4999999999999998,-0.8660254037844388,-0.45370308603134424,-0.8911529104063088,37.99,39.08428571428571,3.6204505113036087,84.95333333333333,88.59571428571428,13.429402887132554,38.45,33.28,42.61,82.74,68.32,98.1,28.83,29.16,29.04,15.72,15.98,16.83,0.64,0.61,0.55,30.59,29.54,29.92
30,7,2023,1,7,26.99,66.07,23.48,15.51,0.4,30.63,60,2023-07-30,6,7,211,1,-0.7818314824680299,0.6234898018587334,-0.4999999999999998,-0.8660254037844388,-0.46896519100763184,-0.8832166493127127,35.10666666666667,36.51571428571429,6.177361511044323,78.07000000000001,81.39142857142858,19.59321177395927,24.63,42.24,36.79,47.67,103.8,80.63,28.39,35.67,27.25,15.56,15.94,16.63,0.52,0.76,0.46,31.06,29.78,30.16
31,7,2023,0,1,36.02,105.12,31.23,15.43,0.52,29.79,94,2023-07-31,0,7,212,0,0.0,1.0,-0.4999999999999998,-0.8660254037844388,-0.4840885216389759,-0.8750190302029955,30.02333333333333,35.11571428571428,7.140293778139086,65.49333333333334,79.31142857142856,20.44197187861006,26.99,38.45,37.39,66.07,82.74,83.1,23.48,28.83,29.78,15.51,15.72,16.51,0.4,0.64,0.49,30.63,30.59,30.28
1,8,2023,0,2,28.74,96.92,50.23,15.36,0.38,30.67,88,2023-08-01,1,8,213,0,0.7818314824680297,0.6234898018587336,-0.8660254037844384,-0.5000000000000004,-0.4990686026885319,-0.8665624788845385,29.213333333333335,34.92,7.086136700161085,72.95333333333333,82.45714285714287,22.69253086685187,36.02,24.63,42.83,105.12,47.67,103.48,31.23,28.39,32.36,15.43,15.56,16.3,0.52,0.52,0.61,29.79,31.06,31.02
2,8,2023,0,3,26.34,90.1,31.07,15.18,0.36,30.51,94,2023-08-02,2,8,214,0,0.9749279121818236,-0.22252093395631434,-0.8660254037844384,-0.5000000000000004,-0.5139010013093104,-0.8578494977869301,30.583333333333332,32.90714285714286,6.4361368182236145,89.37,81.52,21.79744556899964,28.74,26.99,33.28,96.92,66.07,68.32,50.23,23.48,29.16,15.36,15.51,15.98,0.38,0.4,0.61,30.67,30.63,29.54
3,8,2023,0,4,29.15,93.59,25.35,17.69,0.35,29.92,85,2023-08-03,3,8,215,0,0.43388373911755823,-0.900968867902419,-0.8660254037844384,-0.5000000000000004,-0.5285813283559292,-0.8488826652214553,30.366666666666664,31.915714285714284,6.887802884190647,97.38,84.63142857142857,21.14387730808173,26.34,36.02,42.24,90.1,105.12,103.8,31.07,31.23,35.67,15.18,15.43,15.94,0.36,0.52,0.76,30.51,29.79,29.78
4,8,2023,0,5,29.34,87.98,26.31,19.08,0.37,27.78,96,2023-08-04,4,8,216,0,-0.433883739117558,-0.9009688679024191,-0.8660254037844384,-0.5000000000000004,-0.5431052396834317,-0.8396646346181327,28.076666666666664,30.045714285714286,5.183804449578025,93.53666666666668,83.17285714285715,19.917794150198734,29.15,28.74,38.45,93.59,96.92,82.74,25.35,50.23,28.83,17.69,15.36,15.72,0.35,0.38,0.64,29.92,30.67,30.59
5,8,2023,0,6,27.45,72.29,34.25,14.14,0.55,31.76,73,2023-08-05,5,8,217,1,-0.9749279121818236,-0.2225209339563146,-0.8660254037844384,-0.5000000000000004,-0.5574684374327892,-0.8301981337405212,28.276666666666667,28.744285714285713,3.634120054630127,90.55666666666667,83.92142857142858,19.997124317074878,29.34,26.34,24.63,87.98,90.1,47.67,26.31,31.07,28.39,19.08,15.18,15.56,0.37,0.36,0.52,27.78,30.51,31.06
6,8,2023,1,7,29.25,95.13,28.46,13.56,0.41,30.53,83,2023-08-06,6,8,218,1,-0.7818314824680299,0.6234898018587334,-0.8660254037844384,-0.5000000000000004,-0.5716666713027052,-0.8204859638785327,28.646666666666665,29.147142857142857,3.2365810885706945,84.62000000000002,87.43857142857142,13.746768624633608,27.45,29.15,26.99,72.29,93.59,66.07,34.25,25.35,23.48,14.14,17.69,15.51,0.55,0.35,0.4,31.76,29.92,30.63
7,8,2023,0,1,33.46,120.35,25.3,14.55,0.32,30.15,104,2023-08-07,0,8,219,0,0.0,1.0,-0.8660254037844384,-0.5000000000000004,-0.5856957398073508,-0.8105309990194823,28.679999999999996,29.470000000000002,3.0951682776067275,85.13333333333334,91.59,10.130347147728601,29.25,29.34,36.02,95.13,87.98,105.12,28.46,26.31,31.23,13.56,19.08,15.43,0.41,0.37,0.52,30.53,27.78,29.79
8,8,2023,0,2,36.64,138.73,26.09,16.3,0.33,30.08,124,2023-08-08,1,8,220,0,0.7818314824680297,0.6234898018587336,-0.8660254037844384,-0.5000000000000004,-0.5995514915196489,-0.8003361849976323,30.05333333333333,29.104285714285716,2.219676081052868,95.92333333333333,93.76571428571428,14.298509079792886,33.46,27.45,28.74,120.35,72.29,96.92,25.3,34.25,50.23,14.55,14.14,15.36,0.32,0.55,0.38,30.15,31.76,30.67
9,8,2023,0,3,40.83,147.91,26.31,23.43,0.37,30.36,127,2023-08-09,2,8,221,0,0.9749279121818236,-0.22252093395631434,-0.8660254037844384,-0.5000000000000004,-0.6132298262997502,-0.7899045386224707,33.11666666666667,30.232857142857142,3.5893440175367464,118.07000000000001,99.73857142857143,22.31888768776796,36.64,29.25,26.34,138.73,95.13,90.1,26.09,28.46,31.07,16.3,13.56,15.18,0.33,0.41,0.36,30.08,30.53,30.51
10,8,2023,0,4,39.45,139.04,29.01,21.34,0.39,30.48,137,2023-08-10,3,8,222,0,0.43388373911755823,-0.900968867902419,-0.8660254037844384,-0.5000000000000004,-0.6267266965083301,-0.7792391467859886,36.97666666666667,32.30285714285714,4.906647580194332,135.66333333333333,107.99714285714286,28.103834088542726,40.83,33.46,29.15,147.91,120.35,93.59,26.31,25.3,25.35,23.43,14.55,17.69,0.37,0.32,0.35,30.36,30.15,29.92
11,8,2023,0,5,40.58,144.95,26.44,19.96,0.37,32.16,124,2023-08-11,4,8,223,0,-0.433883739117558,-0.9009688679024191,-0.8660254037844384,-0.5000000000000004,-0.6400381082043503,-0.7683431655492202,38.97333333333333,33.77428571428572,5.329736882636112,141.89333333333332,114.49,29.439049463823952,39.45,36.64,29.34,139.04,138.73,87.98,29.01,26.09,26.31,21.34,16.3,19.08,0.39,0.33,0.37,30.48,30.08,27.78
12,8,2023,0,6,38.53,143.33,23.18,19.84,0.32,32.59,128,2023-08-12,5,8,224,1,-0.9749279121818236,-0.2225209339563146,-0.8660254037844384,-0.5000000000000004,-0.65316012232693,-0.7572198192083127,40.28666666666667,35.38,5.462648930086011,143.96666666666667,122.6285714285714,28.75564549126277,40.58,40.83,27.45,144.95,147.91,72.29,26.44,26.31,34.25,19.96,23.43,14.14,0.37,0.37,0.55,32.16,30.36,31.76
13,8,2023,1,7,34.1,116.78,22.18,19.76,0.34,32.62,119,2023-08-13,6,8,225,1,-0.7818314824680299,0.6234898018587334,-0.8660254037844384,-0.5000000000000004,-0.6660888558609771,-0.7458723993404063,39.52,36.962857142857146,4.253287803910486,142.44000000000003,132.77714285714285,18.86330539635923,38.53,39.45,29.25,143.33,139.04,95.13,23.18,29.01,28.46,19.84,21.34,13.56,0.32,0.39,0.41,32.59,30.48,30.53
14,8,2023,0,1,32.64,115.39,34.87,19.79,0.46,32.34,112,2023-08-14,0,8,226,0,0.0,1.0,-0.8660254037844384,-0.5000000000000004,-0.6788204829862357,-0.734304263829602,37.73666666666667,37.65571428571428,2.9969476535521604,135.02,135.86999999999998,12.292183152995596,34.1,40.58,33.46,116.78,144.95,120.35,22.18,26.44,25.3,19.76,19.96,14.55,0.34,0.37,0.32,32.62,32.16,30.15
15,8,2023,1,2,31.18,83.38,35.54,19.56,0.58,31.71,94,2023-08-15,1,8,227,0,0.7818314824680297,0.6234898018587336,-0.8660254037844384,-0.5000000000000004,-0.6913512362094071,-0.722518835873311,35.089999999999996,37.53857142857144,3.19758986619884,125.16666666666669,135.16142857142856,13.426541411913828,32.64,38.53,36.64,115.39,143.33,138.73,34.87,23.18,26.09,19.79,19.84,16.3,0.46,0.32,0.33,32.34,32.59,30.08
16,8,2023,0,3,35.68,115.67,43.32,19.71,0.69,25.42,63,2023-08-16,2,8,228,0,0.9749279121818236,-0.22252093395631434,-0.8660254037844384,-0.5000000000000004,-0.7036774074790128,-0.7105196029692745,32.64000000000001,36.75857142857143,4.014820164393108,105.18333333333334,127.25428571428573,23.496642921310226,31.18,34.1,40.83,83.38,116.78,147.91,35.54,22.18,26.31,19.56,19.76,23.43,0.58,0.34,0.37,31.71,32.62,30.36
17,8,2023,0,4,41.03,143.77,31.19,19.7,0.4,18.67,68,2023-08-17,3,8,229,0,0.43388373911755823,-0.900968867902419,-0.8660254037844384,-0.5000000000000004,-0.7157953492826641,-0.6983101158835585,33.166666666666664,36.02285714285715,3.594220890479653,104.81333333333335,122.64857142857143,21.876937193138215,35.68,32.64,39.45,115.67,115.39,139.04,43.32,34.87,29.01,19.71,19.79,21.34,0.69,0.46,0.39,25.42,32.34,30.48
18,8,2023,0,5,45.93,170.92,30.83,19.69,0.4,19.17,140,2023-08-18,4,8,230,0,-0.433883739117558,-0.9009688679024191,-0.8660254037844384,-0.5000000000000004,-0.7277014757264236,-0.6858939875998223,35.96333333333333,36.24857142857143,3.883299407173085,114.27333333333335,123.32428571428571,22.53087500678927,41.03,31.18,40.58,143.77,83.38,144.95,31.19,35.54,26.44,19.7,19.56,19.96,0.4,0.58,0.37,18.67,31.71,32.16
19,8,2023,0,6,39.61,103.19,38.39,19.49,0.63,19.69,111,2023-08-19,5,8,231,1,-0.9749279121818236,-0.2225209339563146,-0.8660254037844384,-0.5000000000000004,-0.739392263595924,-0.673274892250183,40.88,37.01285714285715,5.185877342317341,143.45333333333335,127.03428571428572,28.12819988146341,45.93,35.68,38.53,170.92,115.67,143.33,30.83,43.32,23.18,19.69,19.71,19.84,0.4,0.69,0.32,19.17,25.42,32.59
20,8,2023,1,7,34.33,79.69,37.0,19.75,0.6,19.63,90,2023-08-20,6,8,232,1,-0.7818314824680299,0.6234898018587334,-0.8660254037844384,-0.5000000000000004,-0.7508642533989489,-0.6604565640279754,42.19,37.16714285714285,5.2541530059145,139.29333333333332,121.3,28.343133207183257,39.61,41.03,34.1,103.19,143.77,116.78,38.39,31.19,22.18,19.49,19.7,19.76,0.63,0.4,0.34,19.69,18.67,32.62
21,8,2023,0,1,30.02,86.38,34.8,19.86,0.58,19.26,77,2023-08-21,0,8,233,0,0.0,1.0,-0.8660254037844384,-0.5000000000000004,-0.7621140503891487,-0.6474427960827475,39.95666666666667,37.199999999999996,5.232450031617111,117.93333333333335,116.00142857142858,32.49214491154008,34.33,45.93,32.64,79.69,170.92,115.39,37.0,30.83,34.87,19.75,19.69,19.79,0.6,0.4,0.46,19.63,19.17,32.34
22,8,2023,0,2,29.66,85.73,26.72,20.11,0.57,19.26,86,2023-08-22,1,8,234,0,0.7818314824680297,0.6234898018587336,-0.8660254037844384,-0.5000000000000004,-0.7731383255706026,-0.6342374393978054,34.65333333333333,36.82571428571429,5.686964208151699,89.75333333333333,111.85714285714286,34.37844853697831,30.02,39.61,31.18,86.38,103.19,83.38,34.8,38.39,35.54,19.86,19.49,19.56,0.58,0.63,0.58,19.26,19.69,31.71
23,8,2023,0,3,25.07,65.15,32.9,19.35,0.68,18.36,65,2023-08-23,2,8,235,0,0.9749279121818236,-0.22252093395631434,-0.8660254037844384,-0.5000000000000004,-0.7839338166829201,-0.620844401650647,31.336666666666662,36.60857142857143,5.9608820056893315,83.93333333333334,112.19285714285714,34.06405080349369,29.66,34.33,35.68,85.73,79.69,115.67,26.72,37.0,43.32,20.11,19.75,19.71,0.57,0.6,0.69,19.26,19.63,25.42
24,8,2023,0,4,32.52,109.25,25.51,18.58,0.49,41.26,87,2023-08-24,3,8,236,0,0.43388373911755823,-0.900968867902419,-0.8660254037844384,-0.5000000000000004,-0.7944973291665992,-0.6072676460566135,28.25,35.09285714285714,7.409311066234637,79.08666666666669,104.97571428571429,38.293792298120295,25.07,30.02,41.03,65.15,86.38,143.77,32.9,34.8,31.19,19.35,19.86,19.7,0.68,0.58,0.4,18.36,19.26,18.67
25,8,2023,0,5,37.9,133.3,18.93,18.61,0.37,57.03,115,2023-08-25,4,8,237,0,-0.433883739117558,-0.9009688679024191,-0.8660254037844384,-0.5000000000000004,-0.8048257371083452,-0.593511190196115,29.083333333333332,33.87714285714286,6.9571491150873275,86.71000000000002,100.04428571428572,34.50006563140976,32.52,29.66,45.93,109.25,85.73,170.92,25.51,26.72,30.83,18.58,20.11,19.69,0.49,0.57,0.4,41.26,19.26,19.17
26,8,2023,0,6,48.82,193.47,19.24,18.75,0.37,58.08,158,2023-08-26,5,8,238,1,-0.9749279121818236,-0.2225209339563146,-0.8660254037844384,-0.5000000000000004,-0.8149159841660791,-0.5795791048257612,31.830000000000002,32.73,5.035076960686556,102.56666666666668,94.67,22.442230281328055,37.9,25.07,39.61,133.3,65.15,103.19,18.93,32.9,38.39,18.61,19.35,19.49,0.37,0.68,0.63,57.03,18.36,19.69
27,8,2023,1,7,54.27,211.46,14.94,18.75,0.32,57.6,186,2023-08-27,6,8,239,1,-0.7818314824680299,0.6234898018587334,-0.8660254037844384,-0.5000000000000004,-0.8247650844733614,-0.5654755126737576,39.74666666666667,34.04571428571428,7.654497277513733,145.34000000000003,107.56714285714285,43.86801747449961,48.82,32.52,34.33,193.47,109.25,79.69,19.24,25.51,37.0,18.75,18.58,19.75,0.37,0.49,0.6,58.08,41.26,19.63
28,8,2023,0,1,48.52,192.15,20.18,18.74,0.38,47.51,150,2023-08-28,0,8,240,0,0.0,1.0,-0.8660254037844384,-0.5000000000000004,-0.8343701235229537,-0.5512045872199277,46.99666666666667,36.894285714285715,10.82965351422343,179.41,126.39142857142858,56.39523071696025,54.27,37.9,30.02,211.46,133.3,86.38,14.94,18.93,34.8,18.75,18.61,19.86,0.32,0.37,0.58,57.6,57.03,19.26
29,8,2023,0,2,45.46,170.27,20.71,18.73,0.4,26.73,150,2023-08-29,1,8,241,0,0.7818314824680297,0.6234898018587336,-0.8660254037844384,-0.5000000000000004,-0.8437282590292712,-0.5367705514607104,50.53666666666667,39.537142857142854,11.125772953352971,199.02666666666667,141.5014285714286,58.033931002639854,48.52,48.82,29.66,192.15,193.47,85.73,20.18,19.24,26.72,18.74,18.75,20.11,0.38,0.37,0.57,47.51,58.08,19.26
30,8,2023,0,3,41.92,156.7,21.7,18.72,0.48,9.59,148,2023-08-30,2,8,242,0,0.9749279121818236,-0.22252093395631434,-0.8660254037844384,-0.5000000000000004,-0.8528367217694593,-0.522177676659508,49.416666666666664,41.794285714285714,10.364654451779789,191.29333333333338,153.57857142857145,53.078243637286576,45.46,54.27,25.07,170.27,211.46,65.15,20.71,14.94,32.9,18.73,18.75,19.35,0.4,0.32,0.68,26.73,57.6,18.36
31,8,2023,0,4,49.55,158.37,15.03,18.97,0.5,26.31,137,2023-08-31,3,8,243,0,0.43388373911755823,-0.900968867902419,-0.8660254037844384,-0.5000000000000004,-0.8616928164028521,-0.5074302810827519,45.300000000000004,44.20142857142857,7.351984830807098,173.04000000000005,166.65714285714284,36.278063947923364,41.92,48.52,32.52,156.7,192.15,109.25,21.7,20.18,25.51,18.72,18.74,18.58,0.48,0.38,0.49,9.59,47.51,41.26
1,9,2023,0,5,43.0,157.52,25.79,18.87,0.43,37.99,140,2023-09-01,4,9,244,0,-0.433883739117558,-0.9009688679024191,-1.0,-1.8369701987210297e-16,-0.8702939222685674,-0.49253272872205434,45.64333333333334,46.63428571428572,5.4010796980602525,161.78000000000003,173.67428571428573,26.848346229110316,49.55,45.46,37.9,158.37,170.27,133.3,15.03,20.71,18.93,18.97,18.73,18.61,0.5,0.4,0.37,26.31,26.73,57.03
2,9,2023,0,6,41.75,150.09,19.61,18.97,0.39,41.76,131,2023-09-02,5,9,245,1,-0.9749279121818236,-0.2225209339563146,-1.0,-1.8369701987210297e-16,-0.8786374941610001,-0.4774894280028391,44.82333333333333,47.362857142857145,4.247245045465023,157.53,177.1342857142857,21.878752902565363,43.0,41.92,48.82,157.52,156.7,193.47,25.79,21.7,19.24,18.87,18.72,18.75,0.43,0.48,0.37,37.99,9.59,58.08
3,9,2023,1,7,41.35,158.99,24.2,18.96,0.41,42.29,137,2023-09-03,6,9,246,1,-0.7818314824680299,0.6234898018587334,-1.0,-1.8369701987210297e-16,-0.886721063082993,-0.46230483047981086,44.76666666666667,46.35285714285715,4.66323819638534,155.32666666666668,170.93714285714285,22.611887518359598,41.75,49.55,54.27,150.09,158.37,211.46,19.61,15.03,14.94,18.97,18.97,18.75,0.39,0.5,0.32,41.76,26.31,57.6
4,9,2023,0,1,43.92,158.08,25.05,18.96,0.43,44.72,143,2023-09-04,0,9,247,0,0.0,1.0,-1.0,-1.8369701987210297e-16,-0.8945422369764496,-0.4469834295196741,42.03333333333333,44.50714285714286,3.3905639368046927,155.53333333333336,163.44142857142856,13.99474238011584,41.35,43.0,48.52,158.99,157.52,192.15,24.2,25.79,20.18,18.96,18.87,18.74,0.41,0.43,0.38,42.29,37.99,47.51
5,9,2023,0,2,33.91,105.78,22.64,19.07,0.49,63.02,103,2023-09-05,1,9,248,0,0.7818314824680297,0.6234898018587336,-1.0,-1.8369701987210297e-16,-0.9020987014301837,-0.43152975897147144,42.339999999999996,43.85,2.8923577464362977,155.72000000000003,158.5742857142857,5.970150353064455,43.92,41.75,45.46,158.08,150.09,170.27,25.05,19.61,20.71,18.96,18.97,18.73,0.43,0.39,0.4,44.72,41.76,26.73
6,9,2023,0,3,35.52,115.27,44.79,19.12,0.7,54.67,112,2023-09-06,2,9,249,0,0.9749279121818236,-0.22252093395631434,-1.0,-1.8369701987210297e-16,-0.9093882203647925,-0.4159483918249421,39.72666666666667,42.2,4.607030858738638,140.95000000000002,149.36142857142858,19.451503308291876,33.91,41.35,41.92,105.78,158.99,156.7,22.64,24.2,21.7,19.07,18.96,18.72,0.49,0.41,0.48,63.02,42.29,9.59
7,9,2023,1,4,28.59,96.11,31.13,19.16,0.6,53.47,99,2023-09-07,3,9,250,0,0.43388373911755823,-0.900968867902419,-1.0,-1.8369701987210297e-16,-0.9164086366943458,-0.4002439388573056,37.78333333333333,41.285714285714285,5.260560354005264,126.37666666666668,143.44285714285715,22.852171096192116,35.52,43.92,49.55,115.27,158.08,158.37,44.79,25.05,15.03,19.12,18.96,18.97,0.7,0.43,0.5,54.67,44.72,26.31
8,9,2023,0,5,21.6,66.25,30.29,19.27,0.59,44.78,76,2023-09-08,4,9,251,0,-0.433883739117558,-0.9009688679024191,-1.0,-1.8369701987210297e-16,-0.9231578729647039,-0.38442104726885545,32.67333333333333,38.29142857142857,5.717859239763697,105.72000000000003,134.54857142857142,27.680173065797543,28.59,33.91,43.0,96.11,105.78,157.52,31.13,22.64,25.79,19.16,19.07,18.87,0.6,0.49,0.43,53.47,63.02,37.99
9,9,2023,0,6,8.96,22.01,9.82,19.04,0.36,34.3,36,2023-09-09,5,9,252,1,-0.9749279121818236,-0.2225209339563146,-1.0,-1.8369701987210297e-16,-0.9296339319682695,-0.3684843993077793,28.570000000000004,35.23428571428571,8.03299208917815,92.54333333333335,121.50999999999999,35.4592014386506,21.6,35.52,41.75,66.25,115.27,150.09,30.29,44.79,19.61,19.27,19.12,18.97,0.59,0.7,0.39,44.78,54.67,41.76
10,9,2023,1,7,4.55,9.69,5.14,18.97,0.32,33.06,34,2023-09-10,6,9,253,1,-0.7818314824680299,0.6234898018587334,-1.0,-1.8369701987210297e-16,-0.9358348973349941,-0.35243871088460327,19.71666666666667,30.55,12.120640797143121,61.456666666666685,103.21285714285716,48.792187460115045,8.96,28.59,41.35,22.01,96.11,158.99,9.82,31.13,24.2,19.04,19.16,18.96,0.36,0.6,0.41,34.3,53.47,42.29
11,9,2023,0,1,17.77,49.07,25.09,19.18,0.53,42.76,42,2023-09-11,0,9,254,0,0.0,1.0,-1.0,-1.8369701987210297e-16,-0.9417589340994617,-0.3362887301766828,11.703333333333333,25.29285714285714,14.418487801299673,32.65000000000002,81.88428571428571,52.81279007246507,4.55,21.6,43.92,9.69,66.25,158.08,5.14,30.29,25.05,18.97,19.27,18.96,0.32,0.59,0.43,33.06,44.78,44.72
12,9,2023,0,2,27.45,86.11,46.77,19.75,0.86,46.98,83,2023-09-12,1,9,255,0,0.7818314824680297,0.6234898018587336,-1.0,-1.8369701987210297e-16,-0.9474042892438845,-0.32003923622313857,10.426666666666668,21.557142857142857,11.96725214113753,26.923333333333357,66.31142857142858,41.449845367052504,17.77,8.96,33.91,49.07,22.01,105.78,25.09,9.82,22.64,19.18,19.04,19.07,0.53,0.36,0.49,42.76,34.3,63.02
13,9,2023,0,3,34.61,113.58,50.84,20.14,0.94,65.99,84,2023-09-13,2,9,256,0,0.9749279121818236,-0.22252093395631434,-1.0,-1.8369701987210297e-16,-0.9527692922168511,-0.3036950375106588,16.59,20.634285714285713,11.071448049139684,48.29000000000002,63.50142857142857,38.91760673892859,27.45,4.55,35.52,86.11,9.69,115.27,46.77,5.14,44.79,19.75,18.97,19.12,0.86,0.32,0.7,46.98,33.06,54.67
14,9,2023,0,4,33.82,101.62,47.74,20.25,0.88,64.67,104,2023-09-14,3,9,257,0,0.43388373911755823,-0.900968867902419,-1.0,-1.8369701987210297e-16,-0.9578523554276669,-0.28726097055059635,26.61,20.504285714285714,10.871059220309013,82.92000000000002,63.26,38.54640277207269,34.61,17.77,28.59,113.58,49.07,96.11,50.84,25.09,31.13,20.14,19.18,19.16,0.94,0.53,0.6,65.99,42.76,53.47
15,9,2023,0,5,22.74,63.34,25.52,20.06,0.62,53.99,76,2023-09-15,4,9,258,0,-0.433883739117558,-0.9009688679024191,-1.0,-1.8369701987210297e-16,-0.9626519747161487,-0.2707418984477642,31.959999999999997,21.25142857142857,11.66977210370528,100.43666666666668,64.04714285714286,39.376348533221176,33.82,27.45,21.6,101.62,86.11,66.25,47.74,46.77,30.29,20.25,19.75,19.27,0.88,0.86,0.59,64.67,46.98,44.78
16,9,2023,0,6,22.31,54.13,18.47,19.33,0.61,44.78,70,2023-09-16,5,9,259,1,-0.9749279121818236,-0.2225209339563146,-1.0,-1.8369701987210297e-16,-0.9671667297977312,-0.2541427094613622,30.389999999999997,21.414285714285715,11.68339399481727,92.84666666666669,63.63142857142857,39.364575203507115,22.74,34.61,8.96,63.34,113.58,22.01,25.52,50.84,9.82,20.06,20.14,19.04,0.62,0.94,0.36,53.99,65.99,34.3
17,9,2023,1,7,19.48,48.5,17.27,18.78,0.5,42.02,42,2023-09-17,6,9,260,1,-0.7818314824680299,0.6234898018587334,-1.0,-1.8369701987210297e-16,-0.97139528468375,-0.23746831555846842,26.289999999999996,23.321428571428573,10.321844842489059,73.03000000000002,68.22,35.37411388760877,22.31,33.82,4.55,54.13,101.62,9.69,18.47,47.74,5.14,19.33,20.25,18.97,0.61,0.88,0.32,44.78,64.67,33.06
18,9,2023,0,1,16.52,45.2,22.01,18.85,0.51,36.58,48,2023-09-18,0,9,261,0,0.0,1.0,-1.0,-1.8369701987210297e-16,-0.9753363880767837,-0.22072365096050223,21.509999999999994,25.454285714285714,6.705586867540547,55.32333333333335,73.76428571428572,26.633035161335616,19.48,22.74,17.77,48.5,63.34,49.07,17.27,25.52,25.09,18.78,20.06,19.18,0.5,0.62,0.53,42.02,53.99,42.76
19,9,2023,0,2,18.45,58.76,31.49,18.98,0.59,40.67,48,2023-09-19,1,9,262,0,0.7818314824680297,0.6234898018587336,-1.0,-1.8369701987210297e-16,-0.9789888737409319,-0.20391367068311472,19.436666666666664,25.275714285714287,6.956284585763598,49.27666666666668,73.21142857142857,27.263780875352293,16.52,22.31,27.45,45.2,54.13,86.11,22.01,18.47,46.77,18.85,19.33,19.75,0.51,0.61,0.86,36.58,44.78,46.98
20,9,2023,0,3,29.74,97.33,30.28,19.12,0.75,56.04,83,2023-09-20,2,9,263,0,0.9749279121818236,-0.22252093395631434,-1.0,-1.8369701987210297e-16,-0.9823516608469237,-0.1870433490699166,18.149999999999995,23.990000000000002,7.310161876915153,50.820000000000014,69.30428571428571,27.066254424497117,18.45,19.48,34.61,58.76,48.5,113.58,31.49,17.27,50.84,18.98,18.78,20.14,0.59,0.5,0.94,40.67,42.02,65.99
21,9,2023,0,4,35.42,108.59,29.36,19.18,0.64,61.19,103,2023-09-21,3,9,264,0,0.43388373911755823,-0.900968867902419,-1.0,-1.8369701987210297e-16,-0.9854237542919524,-0.17011767832049055,21.569999999999993,23.294285714285714,6.291803814339115,67.09666666666668,66.98285714285714,23.032120118283515,29.74,16.52,33.82,97.33,45.2,101.62,30.28,22.01,47.74,19.12,18.85,20.25,0.75,0.51,0.88,56.04,36.58,64.67
22,9,2023,0,5,40.27,109.3,28.37,19.5,0.67,64.54,102,2023-09-22,4,9,265,0,-0.433883739117558,-0.9009688679024191,-1.0,-1.8369701987210297e-16,-0.9882042449941422,-0.15314166701312007,27.869999999999994,23.52285714285714,6.750275832109442,88.22666666666669,67.97857142857143,24.857439817605847,35.42,18.45,22.74,108.59,58.76,63.34,29.36,31.49,25.52,19.18,18.98,20.06,0.64,0.59,0.62,61.19,40.67,53.99
23,9,2023,0,6,27.91,84.43,28.2,19.09,0.74,57.82,92,2023-09-23,5,9,266,1,-0.9749279121818236,-0.2225209339563146,-1.0,-1.8369701987210297e-16,-0.9906923101615609,-0.13612033862266704,35.14333333333333,26.027142857142856,9.21367772080694,105.07333333333334,74.5442857142857,29.13056176203276,40.27,29.74,22.31,109.3,97.33,54.13,28.37,30.28,18.47,19.5,19.12,19.33,0.67,0.75,0.61,64.54,56.04,44.78
24,9,2023,1,7,40.25,122.12,28.2,19.27,0.98,52.99,106,2023-09-24,6,9,267,1,-0.7818314824680299,0.6234898018587334,-1.0,-1.8369701987210297e-16,-0.9928872135356962,-0.11905873003404988,34.53333333333333,26.827142857142857,9.079272574178368,100.77333333333335,78.87285714285714,27.81296563013427,27.91,35.42,19.48,84.43,108.59,48.5,28.2,29.36,17.27,19.09,19.18,18.78,0.74,0.64,0.5,57.82,61.19,42.02
25,9,2023,0,1,41.91,129.0,28.2,19.36,0.76,71.91,103,2023-09-25,0,9,268,0,0.0,1.0,-1.0,-1.8369701987210297e-16,-0.994788305609327,-0.10196189005174576,36.14333333333333,29.794285714285714,9.653705432188492,105.28333333333335,89.39,28.328134424987542,40.25,40.27,16.52,122.12,109.3,45.2,28.2,28.37,22.01,19.27,19.5,18.85,0.98,0.67,0.51,52.99,64.54,36.58
26,9,2023,0,2,48.27,139.56,28.26,19.3,0.69,76.92,128,2023-09-26,1,9,269,0,0.7818314824680297,0.6234898018587336,-1.0,-1.8369701987210297e-16,-0.9963950238187231,-0.08483487790576538,36.69,33.42142857142857,8.540637034344567,111.85000000000002,101.36142857142856,23.902194758763653,41.91,27.91,18.45,129.0,84.43,58.76,28.2,28.2,31.49,19.36,19.09,18.98,0.76,0.74,0.59,71.91,57.82,40.67
27,9,2023,0,3,39.5,123.55,28.34,19.14,0.59,60.1,111,2023-09-27,2,9,270,0,0.9749279121818236,-0.22252093395631434,-1.0,-1.8369701987210297e-16,-0.9977068927101168,-0.06768276175455162,43.47666666666666,37.68142857142857,7.152599594022998,130.2266666666667,112.9042857142857,18.8833073172641,48.27,40.25,29.74,139.56,122.12,97.33,28.26,28.2,30.28,19.3,19.27,19.12,0.69,0.98,0.75,76.92,52.99,56.04
28,9,2023,1,4,46.77,149.57,28.55,19.19,0.69,62.33,130,2023-09-28,3,9,271,0,0.43388373911755823,-0.900968867902419,-1.0,-1.8369701987210297e-16,-0.9987235240803972,-0.05051061718522288,43.22666666666666,39.075714285714284,6.239534857514,130.70333333333335,116.65,17.851405173453664,39.5,41.91,35.42,123.55,129.0,108.59,28.34,28.2,29.36,19.14,19.36,19.18,0.59,0.76,0.64,60.1,71.91,61.19
29,9,2023,0,5,50.42,158.75,28.12,19.44,0.69,70.26,141,2023-09-29,4,9,272,0,-0.433883739117558,-0.9009688679024191,-1.0,-1.8369701987210297e-16,-0.9994446170919858,-0.033323525711631344,44.846666666666664,40.69714285714286,6.59577317754036,137.56,122.50428571428571,21.177386411883592,46.77,48.27,40.27,149.57,139.56,109.3,28.55,28.26,28.37,19.19,19.3,19.5,0.69,0.69,0.67,62.33,76.92,64.54
30,9,2023,0,6,51.66,162.72,28.15,19.47,0.67,70.28,145,2023-09-30,5,9,273,1,-0.9749279121818236,-0.2225209339563146,-1.0,-1.8369701987210297e-16,-0.9998699583618592,-0.016126573270657762,45.56333333333333,42.14714285714285,7.535022039974019,143.95666666666668,129.56857142857143,24.086510352321934,50.42,39.5,27.91,158.75,123.55,84.43,28.12,28.34,28.2,19.44,19.14,19.09,0.69,0.59,0.74,70.26,60.1,57.82
1,10,2023,1,7,52.35,164.61,28.14,19.29,0.65,70.11,140,2023-10-01,6,10,274,1,-0.7818314824680299,0.6234898018587334,-0.8660254037844386,0.5,-0.9999994220246925,0.001075151282798226,49.61666666666665,45.54,4.964493931916642,157.01333333333332,140.75285714285715,16.66767701699847,51.66,46.77,40.25,162.72,149.57,122.12,28.15,28.55,28.2,19.47,19.19,19.27,0.67,0.69,0.98,70.28,62.33,52.99
2,10,2023,1,1,49.14,147.68,28.03,19.22,0.64,59.7,135,2023-10-02,0,10,275,0,0.0,1.0,-0.8660254037844386,0.5,-0.999832969770105,0.018276557681691223,51.47666666666666,47.26857142857143,4.921948897786134,162.02666666666667,146.82285714285715,16.487037043577825,52.35,50.42,41.91,164.61,158.75,129.0,28.14,28.12,28.2,19.29,19.44,19.36,0.65,0.69,0.76,70.11,70.26,71.91
3,10,2023,0,2,80.25,190.5,28.04,19.25,0.67,59.41,157,2023-10-03,1,10,276,0,0.7818314824680297,0.6234898018587336,-0.8660254037844386,0.5,-0.9993706508539969,0.035472555753125565,51.04999999999999,48.30142857142857,4.333472158952698,158.33666666666667,149.49142857142857,14.515313096376156,49.14,51.66,48.27,147.68,162.72,139.56,28.03,28.15,28.26,19.22,19.47,19.3,0.64,0.67,0.69,59.7,70.28,76.92
4,10,2023,0,3,67.47,213.4,27.98,19.32,0.71,76.76,178,2023-10-04,2,10,277,0,0.9749279121818236,-0.22252093395631434,-0.8660254037844386,0.5,-0.9986126020839734,0.052658056924614005,60.57999999999999,52.870000000000005,12.827582261155218,167.59666666666666,156.76857142857145,20.31640505320326,80.25,52.35,39.5,190.5,164.61,123.55,28.04,28.14,28.34,19.25,19.29,19.14,0.67,0.65,0.59,59.41,70.11,60.1
5,10,2023,0,4,62.15,202.03,28.15,19.48,0.84,73.09,171,2023-10-05,3,10,278,0,0.43388373911755823,-0.900968867902419,-0.8660254037844386,0.5,-0.9975590477788613,0.0698279757298709,65.61999999999999,56.8657142857143,12.314789018552695,183.85999999999999,169.6042857142857,23.898724413062848,67.47,49.14,46.77,213.4,147.68,149.57,27.98,28.03,28.55,19.32,19.22,19.19,0.71,0.64,0.69,76.76,59.7,62.33
6,10,2023,0,5,77.25,243.12,28.33,19.49,1.14,65.62,192,2023-10-06,4,10,279,0,-0.433883739117558,-0.9009688679024191,-0.8660254037844386,0.5,-0.9962102997023297,0.08697723131368611,69.95666666666666,59.06285714285714,11.562384001993768,201.9766666666667,177.09857142857143,24.778345000271347,62.15,80.25,50.42,202.03,190.5,158.75,28.15,28.04,28.12,19.48,19.25,19.44,0.84,0.67,0.69,73.09,59.41,70.26
7,10,2023,0,6,49.3,237.25,28.03,19.79,1.35,64.24,215,2023-10-07,5,10,280,1,-0.9749279121818236,-0.2225209339563146,-0.8660254037844386,0.5,-0.9945667569706337,0.1041007489354256,68.95666666666666,62.895714285714284,12.618570781648227,219.51666666666668,189.1514285714286,33.38926395743292,77.25,67.47,51.66,243.12,213.4,162.72,28.33,27.98,28.15,19.49,19.32,19.47,1.14,0.71,0.67,65.62,76.76,70.28
8,10,2023,1,7,54.65,199.79,28.07,19.77,0.97,63.94,178,2023-10-08,6,10,281,1,-0.7818314824680299,0.6234898018587334,-0.8660254037844386,0.5,-0.9926289059345095,0.12119346147073601,62.9,62.55857142857143,12.994719990022308,227.46666666666667,199.79857142857145,35.37979245679356,49.3,62.15,52.35,237.25,202.03,164.61,28.03,28.15,28.14,19.79,19.48,19.29,1.35,0.84,0.65,64.24,73.09,70.11
9,10,2023,0,1,58.12,215.52,28.23,19.87,1.03,63.36,170,2023-10-09,0,10,282,0,0.0,1.0,-0.8660254037844386,0.5,-0.9903973200352558,0.1382503109109819,60.399999999999984,62.887142857142855,12.71974411991956,226.72000000000003,204.8242857142857,31.87302456997395,54.65,77.25,49.14,199.79,243.12,147.68,28.07,28.33,28.03,19.77,19.49,19.22,0.97,1.14,0.64,63.94,65.62,59.7
10,10,2023,0,2,76.83,249.3,28.16,21.35,1.13,45.64,205,2023-10-10,1,10,283,0,0.7818314824680297,0.6234898018587336,-0.8660254037844386,0.5,-0.9878726596350429,0.1552662498599956,54.02333333333332,64.17,11.496180525144188,217.52,214.5157142857143,19.52263887315156,58.12,49.3,80.25,215.52,237.25,190.5,28.23,28.03,28.04,19.87,19.79,19.25,1.03,1.35,0.67,63.36,64.24,59.41
11,10,2023,0,3,61.42,182.46,28.23,21.72,0.62,17.97,176,2023-10-11,2,10,284,0,0.9749279121818236,-0.22252093395631434,-0.8660254037844386,0.5,-0.9850556718215013,0.172236243027682,63.19999999999999,63.68142857142857,10.74718013957237,221.53666666666666,222.9157142857143,20.108342263137494,76.83,54.65,67.47,249.3,199.79,213.4,28.16,28.07,27.98,21.35,19.77,19.32,1.13,0.97,0.71,45.64,63.94,76.76
12,10,2023,0,4,94.16,260.3,27.8,22.43,0.84,24.91,210,2023-10-12,3,10,285,0,0.43388373911755823,-0.900968867902419,-0.8660254037844386,0.5,-0.981947190186646,0.18915526872004093,65.45666666666665,62.817142857142855,10.634402842170386,215.76,218.49571428571429,25.283175471147185,61.42,58.12,62.15,182.46,215.52,202.03,28.23,28.23,28.15,21.72,19.87,19.48,0.62,1.03,0.84,17.97,63.36,73.09
13,10,2023,0,5,117.87,342.32,186.28,23.87,1.05,35.52,283,2023-10-13,4,10,286,0,-0.433883739117558,-0.9009688679024191,-0.8660254037844386,0.5,-0.9785481345802031,0.2060183203251708,77.46999999999998,67.39,15.885504923253292,230.6866666666667,226.82,28.363286715988735,94.16,76.83,77.25,260.3,249.3,243.12,27.8,28.16,28.33,22.43,21.35,19.49,0.84,1.13,1.14,24.91,45.64,65.62
14,10,2023,0,6,79.68,278.84,405.7,22.59,0.87,16.03,340,2023-10-14,5,10,287,1,-0.9749279121818236,-0.2225209339563146,-0.8660254037844386,0.5,-0.9748595108374125,0.22282040779479959,91.14999999999999,73.19285714285715,24.93121986204369,261.6933333333333,240.99142857142857,52.43346654843405,117.87,61.42,49.3,342.32,182.46,237.25,186.28,28.23,28.03,23.87,21.72,19.79,1.05,0.62,1.35,35.52,17.97,64.24
15,10,2023,1,7,65.83,234.15,433.98,21.84,0.73,15.81,414,2023-10-15,6,10,288,1,-0.7818314824680299,0.6234898018587334,-0.8660254037844386,0.5,-0.9708824104813836,0.23955655912092708,97.23666666666666,77.53285714285714,22.61547973865604,293.82,246.93285714285713,54.26328185009537,79.68,94.16,54.65,278.84,260.3,199.79,405.7,27.8,28.07,22.59,22.43,19.77,0.87,0.84,0.97,16.03,24.91,63.94
16,10,2023,0,1,47.14,171.28,273.28,20.99,0.5,9.9,403,2023-10-16,0,10,289,0,0.0,1.0,-0.8660254037844386,0.5,-0.9666180104000972,0.2562218218071163,87.79333333333334,79.13,21.072237660012238,285.1033333333333,251.84142857142857,50.72691015906392,65.83,117.87,58.12,234.15,342.32,215.52,433.98,186.28,28.23,21.84,23.87,19.87,0.73,1.05,1.03,15.81,35.52,63.36
17,10,2023,0,2,34.86,82.86,54.22,20.09,0.47,6.3,65,2023-10-17,1,10,290,0,0.7818314824680297,0.6234898018587336,-0.8660254037844386,0.5,-0.9620675724981452,0.27281126433401914,64.21666666666665,77.56142857142858,23.198248086563613,228.09,245.52142857142857,58.210275847875415,47.14,79.68,76.83,171.28,278.84,249.3,273.28,405.7,28.16,20.99,22.59,21.35,0.5,0.87,1.13,9.9,16.03,45.64
18,10,2023,0,3,33.47,100.45,71.6,21.29,0.44,5.47,106,2023-10-18,2,10,291,0,0.9749279121818236,-0.22252093395631434,-0.8660254037844386,0.5,-0.9572324433233119,0.28931997761869527,49.276666666666664,71.5657142857143,28.28482859363773,162.76333333333335,221.74428571428572,84.47643889612938,34.86,65.83,61.42,82.86,234.15,182.46,54.22,433.98,28.23,20.09,21.84,21.72,0.47,0.73,0.62,6.3,15.81,17.97
19,10,2023,0,4,39.55,115.45,54.33,20.38,0.46,10.73,99,2023-10-19,3,10,292,0,0.43388373911755823,-0.900968867902419,-0.8660254037844386,0.5,-0.9521140536681102,0.30574307646728316,38.48999999999999,67.57285714285715,31.71996412055918,118.19666666666667,210.02857142857144,95.76521226913479,33.47,47.14,94.16,100.45,171.28,260.3,71.6,273.28,27.8,21.29,20.99,22.43,0.44,0.5,0.84,5.47,9.9,24.91
20,10,2023,0,5,58.73,179.71,45.91,19.83,0.66,14.48,159,2023-10-20,4,10,293,0,-0.433883739117558,-0.9009688679024191,-0.8660254037844386,0.5,-0.9467139181463862,0.3220757010206104,35.95999999999999,59.77142857142858,30.79314070187957,99.58666666666666,189.33571428571432,98.69682920559391,39.55,34.86,117.87,115.45,82.86,342.32,54.33,54.22,186.28,20.38,20.09,23.87,0.46,0.47,1.05,10.73,6.3,35.52
21,10,2023,0,6,78.96,236.51,42.05,20.0,0.88,11.34,159,2023-10-21,5,10,294,1,-0.9749279121818236,-0.2225209339563146,-0.8660254037844386,0.5,-0.9410336347451197,0.3383130181923076,43.91666666666666,51.32285714285714,17.39395078208402,131.87,166.1057142857143,72.29271167901273,58.73,33.47,79.68,179.71,100.45,278.84,45.91,71.6,405.7,19.83,21.29,22.59,0.66,0.44,0.87,14.48,5.47,16.03
22,10,2023,1,7,90.63,235.77,37.96,20.2,1.08,18.44,219,2023-10-22,6,10,295,1,-0.7818314824680299,0.6234898018587334,-0.8660254037844386,0.5,-0.9350748843515574,0.3544502230989869,59.079999999999984,51.220000000000006,17.19935657711369,177.22333333333336,160.05857142857144,62.38213644641513,78.96,39.55,65.83,236.51,115.45,234.15,42.05,54.33,433.98,20.0,20.38,21.84,0.88,0.46,0.73,11.34,10.73,15.81
23,10,2023,0,1,78.33,217.91,26.18,20.11,0.85,15.02,193,2023-10-23,0,10,296,0,0.0,1.0,-0.8660254037844386,0.5,-0.9288394302558068,0.37048254048209633,76.10666666666664,54.762857142857136,22.46011406492766,217.33,160.29,62.70498571352553,90.63,58.73,47.14,235.77,179.71,171.28,37.96,45.91,273.28,20.2,19.83,20.99,1.08,0.66,0.5,18.44,14.48,9.9
24,10,2023,1,2,55.32,185.48,13.61,20.11,0.66,15.61,157,2023-10-24,1,10,297,0,0.7818314824680297,0.6234898018587336,-0.8660254037844386,0.5,-0.9223291176290545,0.3864052261209853,82.63999999999999,59.21857142857142,23.7524345619367,230.06333333333336,166.95142857142858,66.43311584558174,78.33,78.96,34.86,217.91,236.51,82.86,26.18,42.05,54.22,20.11,20.0,20.09,0.85,0.88,0.47,15.02,11.34,6.3
25,10,2023,0,3,68.92,231.22,14.85,20.19,0.76,20.7,171,2023-10-25,2,10,298,0,0.9749279121818236,-0.22252093395631434,-0.8660254037844386,0.5,-0.9155458729775467,0.4022135682368037,74.75999999999999,62.14142857142856,21.39753134403792,213.0533333333333,181.6114285714286,55.14780697621441,55.32,90.63,33.47,185.48,235.77,100.45,13.61,37.96,71.6,20.11,20.2,21.29,0.66,1.08,0.44,15.61,18.44,5.47
26,10,2023,0,4,64.53,210.26,14.65,20.25,0.78,15.9,193,2023-10-26,3,10,299,0,0.43388373911755823,-0.900968867902419,-0.8660254037844386,0.5,-0.9084917035725082,0.41790288888678667,67.52333333333333,67.20571428571428,17.2795417157053,211.53666666666666,200.29285714285717,44.118299572206205,68.92,78.33,39.55,231.22,217.91,115.45,14.85,26.18,54.33,20.19,20.11,20.38,0.76,0.85,0.46,20.7,15.02,10.73
27,10,2023,0,5,87.06,262.27,5.8,20.46,0.97,20.71,165,2023-10-27,4,10,300,0,-0.433883739117558,-0.9009688679024191,-0.8660254037844386,0.5,-0.9011686968561569,0.4334685453485363,62.923333333333325,70.77428571428571,12.547731344940392,208.98666666666668,213.83714285714288,23.435891074935718,64.53,55.32,58.73,210.26,185.48,179.71,14.65,13.61,45.91,20.25,20.11,19.83,0.78,0.66,0.66,15.9,15.61,14.48
28,10,2023,0,6,103.13,304.69,20.05,18.86,1.28,19.16,217,2023-10-28,5,10,301,1,-0.9749279121818236,-0.2225209339563146,-0.8660254037844386,0.5,-0.8935790198239952,0.4489059314938798,73.50333333333333,74.82142857142857,12.584232765081548,234.58333333333334,225.6314285714286,24.161917300146083,87.06,68.92,78.96,262.27,231.22,236.51,5.8,14.85,42.05,20.46,20.19,20.0,0.97,0.76,0.88,20.71,20.7,11.34
29,10,2023,1,7,124.77,419.6,24.86,18.21,2.51,24.85,330,2023-10-29,6,10,302,1,-0.7818314824680299,0.6234898018587334,-0.8660254037844386,0.5,-0.8857249183835637,0.4642104791518923,84.90666666666665,78.27428571428571,16.58799451123612,259.0733333333333,235.37142857142857,38.66658912143347,103.13,64.53,90.63,304.69,210.26,235.77,20.05,14.65,37.96,18.86,20.25,20.2,1.28,0.78,1.08,19.16,15.9,18.44
30,10,2023,0,1,123.28,400.75,19.94,18.12,1.64,23.62,355,2023-10-30,0,10,303,0,0.0,1.0,-0.8660254037844386,0.5,-0.8776087166898392,0.47937765946069455,104.98666666666664,83.15142857142857,24.13038017974614,328.8533333333333,261.6328571428572,79.66910729475308,124.77,87.06,78.33,419.6,262.27,217.91,24.86,5.8,26.18,18.21,20.46,20.11,2.51,0.97,0.85,24.85,20.71,15.02
31,10,2023,0,2,126.34,420.52,21.21,18.38,1.91,22.56,356,2023-10-31,1,10,304,0,0.7818314824680297,0.6234898018587336,-0.8660254037844386,0.5,-0.8692328164574792,0.49440298420761813,117.05999999999999,89.57285714285715,28.26088092180122,375.0133333333333,287.7528571428571,91.96839161985413,123.28,103.13,55.32,400.75,304.69,185.48,19.94,20.05,13.61,18.12,18.86,20.11,1.64,1.28,0.66,23.62,19.16,15.61
1,11,2023,0,3,117.48,390.78,58.91,18.69,1.57,15.06,376,2023-11-01,2,11,305,0,0.9749279121818236,-0.22252093395631434,-0.5000000000000004,0.8660254037844384,-0.8605996962501181,0.5092820071573356,124.79666666666667,99.71857142857142,26.61478375425493,413.6233333333333,321.33,91.30946975350714,126.34,124.77,68.92,420.52,419.6,231.22,21.21,24.86,14.85,18.38,18.21,20.19,1.91,2.51,0.76,22.56,24.85,20.7
2,11,2023,0,4,163.13,544.57,78.11,19.63,1.96,13.2,372,2023-11-02,3,11,306,0,0.43388373911755823,-0.900968867902419,-0.5000000000000004,0.8660254037844384,-0.8517119107469189,0.5240103253675755,122.36666666666666,106.6557142857143,23.381363559570254,404.01666666666665,344.1242857142857,84.7456486310932,117.48,123.28,64.53,390.78,400.75,210.26,58.91,19.94,14.65,18.69,18.12,20.25,1.57,1.64,0.78,15.06,23.62,15.9
3,11,2023,0,5,157.29,524.92,80.64,19.63,2.27,11.8,459,2023-11-03,4,11,307,0,-0.433883739117558,-0.9009688679024191,-0.5000000000000004,0.8660254037844384,-0.8425720899866032,0.538583580492023,135.64999999999998,120.74142857142859,23.473554927884678,451.9566666666667,391.8828571428571,90.72267186583571,163.13,126.34,87.06,544.57,420.52,262.27,78.11,21.21,5.8,19.63,18.38,20.46,1.96,1.91,0.97,13.2,22.56,20.71
4,11,2023,0,6,161.2,510.58,72.08,19.7,1.94,12.32,383,2023-11-04,5,11,308,1,-0.9749279121818236,-0.2225209339563146,-0.5000000000000004,0.8660254037844384,-0.8331829385891785,0.5529974600700271,145.96666666666667,130.7742857142857,21.6132620221505,486.75666666666666,429.4042857142857,82.08532610585544,157.29,117.48,103.13,524.92,390.78,304.69,80.64,58.91,20.05,19.63,18.69,18.86,2.27,1.57,1.28,11.8,15.06,19.16
5,11,2023,1,7,175.54,546.97,61.76,19.46,1.95,10.8,426,2023-11-05,6,11,309,1,-0.7818314824680299,0.6234898018587334,-0.5000000000000004,0.8660254037844384,-0.8235472349556007,0.5672476988027229,160.53999999999996,139.07,20.341189739050108,526.69,458.8171428571428,65.0743612375568,161.2,163.13,124.77,510.58,544.57,419.6,72.08,78.11,24.86,19.7,19.63,18.21,1.94,1.96,2.51,12.32,13.2,24.85
6,11,2023,0,1,136.4,501.76,70.39,19.69,2.6,14.8,399,2023-11-06,0,11,310,0,0.0,1.0,-0.5000000000000004,0.8660254037844384,-0.8136678304455991,0.5813300798152042,164.67666666666665,146.32285714285715,23.23763952031763,527.49,477.0128571428572,69.90873662957073,175.54,157.29,123.28,546.97,524.92,400.75,61.76,80.64,19.94,19.46,19.63,18.12,1.95,2.27,1.64,10.8,11.8,23.62
7,11,2023,0,2,149.64,508.3,74.98,19.92,2.39,11.77,403,2023-11-07,1,11,311,0,0.7818314824680297,0.6234898018587336,-0.5000000000000004,0.8660254037844384,-0.8035476485339116,0.5952404359043674,157.71333333333328,148.19714285714286,21.536119051713126,519.7700000000001,491.4428571428571,61.457589906720806,136.4,161.2,126.34,501.76,510.58,420.52,70.39,72.08,21.21,19.69,19.7,18.38,2.6,1.94,1.91,14.8,12.32,22.56
8,11,2023,1,3,150.47,494.67,61.31,19.98,2.22,9.19,421,2023-11-08,2,11,312,0,0.9749279121818236,-0.22252093395631434,-0.5000000000000004,0.8660254037844384,-0.7931896839451844,0.6089746507720486,153.85999999999999,151.52571428571426,19.277006905589165,519.01,503.98285714285714,52.93952924934881,149.64,175.54,117.48,508.3,546.97,390.78,74.98,61.76,58.91,19.92,19.46,18.69,2.39,1.95,1.57,11.77,10.8,15.06
9,11,2023,0,4,185.6,610.46,56.65,22.29,2.33,9.26,424,2023-11-09,3,11,313,0,0.43388373911755823,-0.900968867902419,-0.5000000000000004,0.8660254037844384,-0.7825970017677834,0.6225286602431057,145.5033333333333,156.23857142857142,12.356811115834788,501.57666666666665,518.8242857142858,20.597447137235516,150.47,136.4,163.13,494.67,501.76,544.57,61.31,70.39,78.11,19.98,19.69,19.63,2.22,2.6,1.96,9.19,14.8,13.2
10,11,2023,0,5,62.15,188.34,34.14,23.7,1.14,8.24,270,2023-11-10,4,11,314,0,-0.433883739117558,-0.9009688679024191,-0.5000000000000004,0.8660254037844384,-0.7717727365467837,0.6358984534680745,161.9033333333333,159.4485714285714,16.626373054650806,537.8100000000001,528.2371428571429,40.123929150520155,185.6,149.64,157.29,610.46,508.3,524.92,56.65,74.98,80.64,22.29,19.92,19.63,2.33,2.39,2.27,9.26,11.77,11.8
11,11,2023,0,6,43.61,134.27,45.82,23.49,0.75,8.15,120,2023-11-11,5,11,315,1,-0.9749279121818236,-0.2225209339563146,-0.5000000000000004,0.8660254037844384,-0.7607200913564104,0.6490800741100397,132.73999999999998,145.85714285714286,40.47196919444651,431.1566666666667,480.1542857142857,134.78063311138064,62.15,150.47,161.2,188.34,494.67,510.58,34.14,61.31,72.08,23.7,19.98,19.7,1.14,2.22,1.94,8.24,9.19,12.32
12,11,2023,1,7,93.1,179.24,58.78,23.9,0.89,8.73,133,2023-11-12,6,11,316,1,-0.7818314824680299,0.6234898018587334,-0.5000000000000004,0.8660254037844384,-0.7494423368521954,0.6620696215153815,97.11999999999999,129.0585714285714,54.881102828014335,311.02333333333337,426.3957142857143,185.95485176579285,43.61,185.6,175.54,134.27,610.46,546.97,45.82,56.65,61.76,23.49,22.29,19.46,0.75,2.33,1.95,8.15,9.26,10.8
13,11,2023,0,1,148.91,372.64,110.8,24.9,1.36,8.01,300,2023-11-13,0,11,317,0,0.0,1.0,-0.5000000000000004,0.8660254037844384,-0.7379428103031386,0.6748632518680403,66.28666666666665,117.28142857142856,52.01474259879677,167.28333333333333,373.8628571428572,197.78149666692659,93.1,62.15,136.4,179.24,188.34,501.76,58.78,34.14,70.39,23.9,23.7,19.69,0.89,1.14,2.6,8.73,8.24,14.8
14,11,2023,0,2,100.48,338.33,97.69,23.71,1.3,7.38,308,2023-11-14,1,11,318,0,0.7818314824680297,0.6234898018587336,-0.5000000000000004,0.8660254037844384,-0.7262249146041543,0.6874571793269664,95.20666666666664,119.06857142857143,52.9869328006357,228.71666666666667,355.4171428571429,189.7222654930346,148.91,43.61,149.64,372.64,134.27,508.3,110.8,45.82,74.98,24.9,23.49,19.92,1.36,0.75,2.39,8.01,8.15,11.77
15,11,2023,1,3,125.53,436.19,113.81,23.84,1.52,7.94,347,2023-11-15,2,11,319,0,0.9749279121818236,-0.22252093395631434,-0.5000000000000004,0.8660254037844384,-0.7142921172691034,0.699847677146407,114.16333333333331,112.04571428571428,51.4965522655462,296.7366666666667,331.1357142857143,177.36916124824174,100.48,93.1,150.47,338.33,179.24,494.67,97.69,58.78,61.31,23.71,23.9,19.98,1.3,0.89,2.22,7.38,8.73,9.19
16,11,2023,0,4,162.14,556.97,158.45,24.03,2.16,8.31,403,2023-11-16,3,11,320,0,0.43388373911755823,-0.900968867902419,-0.5000000000000004,0.8660254037844384,-0.7021479494046978,0.7120310787787131,124.97333333333331,108.48285714285714,49.20689643884171,382.3866666666666,322.7814285714286,169.58935593845231,125.53,148.91,185.6,436.19,372.64,610.46,113.81,110.8,56.65,23.84,24.9,22.29,1.52,1.36,2.33,7.94,8.01,9.26
17,11,2023,0,5,126.56,410.13,191.88,24.32,2.25,10.08,383,2023-11-17,4,11,321,0,-0.433883739117558,-0.9009688679024191,-0.5000000000000004,0.8660254037844384,-0.6897960046655887,0.7240037789593305,129.38333333333333,105.13142857142854,43.553267550044396,443.83,315.14,155.04831741535722,162.14,100.48,62.15,556.97,338.33,188.34,158.45,97.69,34.14,24.03,23.71,23.7,2.16,1.3,1.14,8.31,7.38,8.24
18,11,2023,0,6,83.67,294.93,184.45,25.38,1.68,8.6,255,2023-11-18,5,11,322,1,-0.9749279121818236,-0.2225209339563146,-0.5000000000000004,0.8660254037844384,-0.6772399381909491,0.7357622347736527,138.07666666666663,114.33285714285714,39.582064841830736,467.7633333333333,346.82428571428574,147.2851467796558,126.56,125.53,43.61,410.13,436.19,134.27,191.88,113.81,45.82,24.32,23.84,23.49,2.25,1.52,0.75,10.08,7.94,8.15
19,11,2023,1,7,85.16,282.69,202.31,25.54,1.86,10.34,241,2023-11-19,6,11,323,1,-0.7818314824680299,0.6234898018587334,-0.5000000000000004,0.8660254037844384,-0.6644834655228552,0.7473029667054297,124.12333333333332,120.05571428571427,29.182385587396105,420.6766666666667,369.77571428571434,118.31018748148752,83.67,162.14,93.1,294.93,556.97,179.24,184.45,158.45,58.78,25.38,24.03,23.9,1.68,2.16,0.89,8.6,8.31,8.73
20,11,2023,0,1,110.12,385.73,248.4,25.67,1.96,7.88,284,2023-11-20,0,11,324,0,0.0,1.0,-0.5000000000000004,0.8660254037844384,-0.6515303615068021,0.75862255966641,98.46333333333332,118.92142857142858,30.52803052309603,329.25,384.55428571428575,94.63528479679962,85.16,126.56,148.91,282.69,410.13,372.64,202.31,191.88,110.8,25.54,24.32,24.9,1.86,2.25,1.36,10.34,10.08,8.01
21,11,2023,0,2,132.42,423.11,142.06,25.46,1.43,9.65,346,2023-11-21,1,11,325,0,0.7818314824680297,0.6234898018587336,-0.5000000000000004,0.8660254037844384,-0.6383844591746642,0.7697176640069211,92.98333333333333,113.38,27.552866154601205,321.1166666666667,386.42428571428576,94.48983769999488,110.12,83.67,100.48,385.73,294.93,338.33,248.4,184.45,97.69,25.67,25.38,23.71,1.96,1.68,1.3,7.88,8.6,7.38
22,11,2023,0,3,171.23,428.7,133.36,24.19,1.4,10.09,358,2023-11-22,2,11,326,0,0.9749279121818236,-0.22252093395631434,-0.5000000000000004,0.8660254037844384,-0.6250496486104377,0.7805849965070866,109.2333333333333,117.94285714285715,27.7048026608425,363.8433333333334,398.5357142857143,92.71457182434355,132.42,85.16,125.53,423.11,282.69,436.19,142.06,202.31,113.81,25.46,25.54,23.84,1.43,1.86,1.52,9.65,10.34,7.94
23,11,2023,0,4,131.55,467.33,212.77,23.67,2.09,10.71,378,2023-11-23,3,11,327,0,0.43388373911755823,-0.900968867902419,-0.5000000000000004,0.8660254037844384,-0.6115298757991053,0.7912213413483807,137.92333333333332,124.47142857142856,34.37279856154306,412.5133333333333,397.46571428571434,92.24963917854292,171.23,110.12,162.14,428.7,385.73,556.97,133.36,248.4,158.45,24.19,25.67,24.03,1.4,1.96,2.16,10.09,7.88,8.31
24,11,2023,0,5,184.84,557.23,362.73,24.87,2.78,9.39,414,2023-11-24,4,11,328,0,-0.433883739117558,-0.9009688679024191,-0.5000000000000004,0.8660254037844384,-0.5978291414589552,0.801623551065242,145.06666666666663,120.10142857142857,30.513500524943865,439.7133333333333,384.65999999999997,69.94220542705203,131.55,132.42,126.56,467.33,423.11,410.13,212.77,142.06,191.88,23.67,25.46,24.32,2.09,1.43,2.25,10.71,9.65,10.08
25,11,2023,0,6,151.17,388.46,297.47,25.53,2.09,6.3,324,2023-11-25,5,11,329,1,-0.9749279121818236,-0.2225209339563146,-0.5000000000000004,0.8660254037844384,-0.5839514998576998,0.8117885474764613,162.54,128.42714285714285,39.26531366413483,484.42,405.67428571428576,96.08325831575112,184.84,171.23,83.67,557.23,428.7,294.93,362.73,133.36,184.45,24.87,24.19,25.38,2.78,1.4,1.68,9.39,10.09,8.6
26,11,2023,1,7,149.01,484.72,195.27,25.48,2.35,10.32,300,2023-11-26,6,11,330,1,-0.7818314824680299,0.6234898018587334,-0.5000000000000004,0.8660254037844384,-0.5699010576127624,0.821713322596059,155.85333333333332,138.07,34.43286221039484,471.00666666666666,419.0357142857143,83.8394254626347,151.17,131.55,85.16,388.46,467.33,282.69,297.47,212.77,202.31,25.53,23.67,25.54,2.09,2.09,1.86,6.3,10.71,10.34
27,11,2023,1,1,118.5,420.91,92.95,24.74,1.78,11.44,402,2023-11-27,0,11,331,0,0.0,1.0,-0.5000000000000004,0.8660254037844384,-0.5556819724760489,0.8313949395234058,161.6733333333333,147.19142857142856,25.336220073623554,476.80333333333334,447.8971428571429,60.64609460201111,149.01,184.84,110.12,484.72,557.23,385.73,195.27,362.73,248.4,25.48,24.87,25.67,2.35,2.78,1.96,10.32,9.39,7.88
28,11,2023,0,2,73.06,229.73,61.45,25.13,1.2,6.39,241,2023-11-28,1,11,332,0,0.7818314824680297,0.6234898018587336,-0.5000000000000004,0.8660254037844384,-0.5412984521036173,0.8408305333122887,139.55999999999997,148.38857142857142,23.41801117983945,431.3633333333334,452.92285714285714,55.9083183179636,118.5,151.17,132.42,420.91,388.46,423.11,92.95,297.47,142.06,24.74,25.53,25.46,1.78,2.09,1.43,11.44,6.3,9.65
29,11,2023,0,3,87.44,302.04,53.13,24.76,1.6,8.17,197,2023-11-29,2,11,333,0,0.9749279121818236,-0.22252093395631434,-0.5000000000000004,0.8660254037844384,-0.5267547528105542,0.8500173118187018,113.52333333333331,139.90857142857143,36.98298051292086,378.4533333333333,425.29714285714283,101.93006159687518,73.06,149.01,171.23,229.73,484.72,428.7,61.45,195.27,133.36,25.13,25.48,24.19,1.2,2.35,1.4,6.39,10.32,10.09
30,11,2023,0,4,126.58,418.63,48.89,22.55,1.9,8.63,372,2023-11-30,3,11,334,0,0.43388373911755823,-0.900968867902419,-0.5000000000000004,0.8660254037844384,-0.5120551783114646,0.8589525565270845,92.99999999999999,127.93857142857142,38.676861915350415,317.56,407.20285714285717,111.97272461248222,87.44,118.5,131.55,302.04,420.91,467.33,53.13,92.95,212.77,24.76,24.74,23.67,1.6,1.78,2.09,8.17,11.44,10.71
1,12,2023,0,5,96.97,337.64,41.15,19.67,1.23,8.98,271,2023-12-01,4,12,335,0,-0.433883739117558,-0.9009688679024191,-2.4492935982947064e-16,1.0,-0.4972040784469378,0.8676336233547726,95.69333333333331,127.22857142857143,38.64512148105825,316.8,400.24571428571426,109.09005436750269,126.58,73.06,184.84,418.63,229.73,557.23,48.89,61.45,362.73,22.55,25.13,24.87,1.9,1.2,2.78,8.63,6.39,9.39
2,12,2023,0,6,81.04,277.04,49.1,19.67,1.24,7.85,273,2023-12-02,5,12,336,1,-0.9749279121818236,-0.2225209339563146,-2.4492935982947064e-16,1.0,-0.4822058478963526,0.8760579434344281,103.66333333333331,114.67571428571429,30.15006183362585,352.77,368.8757142857143,85.43097698476464,96.97,87.44,151.17,337.64,302.04,388.46,41.15,53.13,297.47,19.67,24.76,25.53,1.23,1.6,2.09,8.98,8.17,6.3
3,12,2023,1,7,85.65,318.97,41.45,19.87,1.39,4.83,257,2023-12-03,6,12,337,1,-0.7818314824680299,0.6234898018587334,-2.4492935982947064e-16,1.0,-0.46706492487743034,0.8842230238742036,101.52999999999997,104.65714285714286,27.54113088593536,344.43666666666667,352.9585714285714,91.34867001924923,81.04,126.58,149.01,277.04,418.63,484.72,49.1,48.89,195.27,19.67,22.55,25.48,1.24,1.9,2.35,7.85,8.63,10.32
4,12,2023,0,1,86.75,308.78,44.07,20.03,1.22,7.87,284,2023-12-04,0,12,338,0,0.0,1.0,-2.4492935982947064e-16,1.0,-0.451785789832884,0.8921264484954345,87.88666666666666,95.60571428571428,19.881651387769402,311.2166666666667,329.28000000000003,70.63627821452647,85.65,96.97,118.5,318.97,337.64,420.91,41.45,41.15,92.95,19.87,19.67,24.74,1.39,1.23,1.78,4.83,8.98,11.44
5,12,2023,0,2,71.74,270.14,56.79,19.91,0.93,5.67,235,2023-12-05,1,12,339,0,0.7818314824680297,0.6234898018587336,-2.4492935982947064e-16,1.0,-0.4363729641045924,0.8997658785476209,84.47999999999998,91.07000000000001,17.233430689603384,301.59666666666664,313.26142857142855,57.972599110433606,86.75,81.04,73.06,308.78,277.04,229.73,44.07,49.1,61.45,20.03,19.67,25.13,1.22,1.24,1.2,7.87,7.85,6.39
6,12,2023,0,3,80.77,316.54,54.92,20.06,1.19,17.01,239,2023-12-06,2,12,340,0,0.9749279121818236,-0.22252093395631434,-2.4492935982947064e-16,1.0,-0.4208310085956556,0.9071390534005044,81.37999999999998,90.88142857142857,17.468956683759853,299.2966666666667,319.03428571428566,49.68837954597389,71.74,85.65,87.44,270.14,318.97,302.04,56.79,41.45,53.13,19.91,19.87,24.76,0.93,1.39,1.6,5.67,4.83,8.17
7,12,2023,0,4,92.19,364.13,52.06,20.14,1.59,27.74,302,2023-12-07,3,12,341,0,0.43388373911755823,-0.900968867902419,-2.4492935982947064e-16,1.0,-0.4051645224207563,0.9142437912130223,79.75333333333332,89.92857142857143,17.865370066670266,298.4866666666667,321.10571428571427,49.16128282064476,80.77,86.75,126.58,316.54,308.78,418.63,54.92,44.07,48.89,20.06,20.03,22.55,1.19,1.22,1.9,17.01,7.87,8.63
8,12,2023,0,5,132.68,328.85,60.73,20.15,1.23,31.92,308,2023-12-08,4,12,342,0,-0.433883739117558,-0.9009688679024191,-2.4492935982947064e-16,1.0,-0.3893781415452015,0.9210779895789526,81.56666666666665,85.01571428571428,8.244820307610796,316.93666666666667,313.32,32.70262935402391,92.19,71.74,96.97,364.13,270.14,337.64,52.06,56.79,41.15,20.14,19.91,19.67,1.59,0.93,1.23,27.74,5.67,8.98
9,12,2023,0,6,96.81,304.2,59.08,19.89,1.02,29.61,275,2023-12-09,5,12,343,1,-0.9749279121818236,-0.2225209339563146,-2.4492935982947064e-16,1.0,-0.37347653741307074,0.9276396261490467,101.87999999999998,90.11714285714287,19.810222709741407,336.5066666666667,312.0642857142857,31.768570871823872,132.68,80.77,81.04,328.85,316.54,277.04,60.73,54.92,49.1,20.15,20.06,19.67,1.23,1.19,1.24,31.92,17.01,7.85
10,12,2023,1,7,72.52,258.8,65.07,20.03,1.04,29.76,210,2023-12-10,6,12,344,1,-0.7818314824680299,0.6234898018587334,-2.4492935982947064e-16,1.0,-0.35746441556486136,0.9339267592294762,107.22666666666665,92.36999999999999,19.50017863166123,332.3933333333334,315.94428571428574,28.2406862860087,96.81,92.19,85.65,304.2,364.13,318.97,59.08,52.06,41.45,19.89,20.14,19.87,1.02,1.59,1.39,29.61,27.74,4.83
11,12,2023,0,1,89.85,332.01,66.1,20.25,1.06,30.63,280,2023-12-11,0,12,345,0,0.0,1.0,-2.4492935982947064e-16,1.0,-0.34134651424503615,0.9399375283564133,100.66999999999997,90.49428571428571,20.839776755957,297.28333333333336,307.34857142857146,35.412635423236324,72.52,132.68,86.75,258.8,328.85,308.78,65.07,60.73,44.07,20.03,20.15,20.03,1.04,1.23,1.22,29.76,31.92,7.87
12,12,2023,0,2,127.52,434.97,59.39,20.56,1.95,32.62,323,2023-12-12,1,12,346,0,0.7818314824680297,0.6234898018587336,-2.4492935982947064e-16,1.0,-0.3251276029999093,0.9456701548465688,86.39333333333332,90.93714285714285,20.779799256558945,298.33666666666664,310.6671428571429,36.636446204240286,89.85,96.81,71.74,332.01,304.2,270.14,66.1,59.08,56.79,20.25,19.89,19.91,1.06,1.02,0.93,30.63,29.61,5.67
13,12,2023,0,3,124.13,402.41,55.55,20.8,1.62,29.85,369,2023-12-13,2,12,347,0,0.9749279121818236,-0.22252093395631434,-2.4492935982947064e-16,1.0,-0.30881248126625377,0.9511229423235357,96.62999999999998,98.90571428571427,22.789210061740334,341.9266666666667,334.2142857142857,54.74311306978636,127.52,72.52,80.77,434.97,258.8,316.54,59.39,65.07,54.92,20.56,20.03,20.06,1.95,1.04,1.19,32.62,29.76,17.01
14,12,2023,0,4,86.72,323.72,64.48,20.57,1.11,33.94,290,2023-12-14,3,12,348,0,0.43388373911755823,-0.900968867902419,-2.4492935982947064e-16,1.0,-0.29240597695107734,0.9562942772197719,113.83333333333331,105.1,22.930564755365985,389.7966666666667,346.4814285714286,59.533948418408244,124.13,89.85,92.19,402.41,332.01,364.13,55.55,66.1,52.06,20.8,20.25,20.14,1.62,1.06,1.59,29.85,30.63,27.74
15,12,2023,0,5,98.79,337.67,64.84,20.81,1.27,40.85,289,2023-12-15,4,12,349,0,-0.433883739117558,-0.9009688679024191,-2.4492935982947064e-16,1.0,-0.27591294500296043,0.9611826292540837,112.78999999999996,104.31857142857143,23.529225393520292,387.03333333333336,340.7085714285714,59.49660422482697,86.72,127.52,132.68,323.72,434.97,328.85,64.48,59.39,60.73,20.57,20.56,20.15,1.11,1.95,1.23,33.94,32.62,31.92
16,12,2023,0,6,121.69,314.24,85.96,20.95,1.58,36.87,247,2023-12-16,5,12,350,1,-0.9749279121818236,-0.2225209339563146,-2.4492935982947064e-16,1.0,-0.25933826597540555,0.9657865518844574,103.21333333333331,99.47714285714285,19.93265805513376,354.6000000000001,341.96857142857147,59.29666866094332,98.79,124.13,96.81,337.67,402.41,304.2,64.84,55.55,59.08,20.81,20.8,19.89,1.27,1.62,1.02,40.85,29.85,29.61
17,12,2023,1,7,90.06,345.78,75.39,20.91,1.43,27.95,179,2023-12-17,6,12,351,1,-0.7818314824680299,0.6234898018587334,-2.4492935982947064e-16,1.0,-0.2426868445825954,0.9701046827361175,102.39999999999998,103.03142857142858,21.53188289380223,325.21,343.40285714285716,58.344634061835585,121.69,86.72,72.52,314.24,323.72,258.8,85.96,64.48,65.07,20.95,20.57,20.03,1.58,1.11,1.04,36.87,33.94,29.76
18,12,2023,0,1,77.88,285.03,70.47,21.01,1.03,29.25,268,2023-12-18,0,12,352,0,0.0,1.0,-2.4492935982947064e-16,1.0,-0.22596360824801906,0.974135744004672,103.51333333333332,105.53714285714285,18.143375020731114,332.56333333333333,355.8285714285715,45.077334817906944,90.06,98.79,89.85,345.78,337.67,332.01,75.39,64.84,66.1,20.91,20.81,20.25,1.43,1.27,1.06,27.95,40.85,30.63
19,12,2023,0,2,70.92,265.39,63.48,20.82,1.05,31.85,229,2023-12-19,1,12,353,0,0.7818314824680297,0.6234898018587336,-2.4492935982947064e-16,1.0,-0.2091735056463564,0.9778785428342386,96.54333333333331,103.82714285714285,20.303754754795712,315.01666666666665,349.1171428571428,52.15618714153514,77.88,121.69,127.52,285.03,314.24,434.97,70.47,85.96,59.39,21.01,20.95,20.56,1.03,1.58,1.95,29.25,36.87,32.62
20,12,2023,0,3,119.99,308.74,78.74,21.0,1.28,32.81,238,2023-12-20,2,12,354,0,0.9749279121818236,-0.22252093395631434,-2.4492935982947064e-16,1.0,-0.19232150523909483,0.9813319716704275,79.61999999999998,95.74142857142859,20.564256554008434,298.7333333333333,324.89142857142855,44.44646946180366,70.92,90.06,124.13,265.39,345.78,402.41,63.48,75.39,55.55,20.82,20.91,20.8,1.05,1.43,1.62,31.85,27.95,29.85
21,12,2023,0,4,104.18,394.17,73.76,21.04,1.49,32.16,327,2023-12-21,3,12,355,0,0.43388373911755823,-0.900968867902419,-2.4492935982947064e-16,1.0,-0.17541259380427843,0.9844950085880858,89.59666666666665,95.15,19.650977923079665,286.38666666666666,311.50999999999993,28.434817858862278,119.99,77.88,86.72,308.74,285.03,323.72,78.74,70.47,64.48,21.0,21.01,20.57,1.28,1.03,1.11,32.81,29.25,33.94
22,12,2023,0,5,139.5,420.59,90.96,21.9,1.82,33.22,359,2023-12-22,4,12,356,0,-0.433883739117558,-0.9009688679024191,-2.4492935982947064e-16,1.0,-0.15845177496083634,0.9873667175937016,98.36333333333333,97.64428571428572,19.51021685950193,322.76666666666665,321.57428571428574,42.477044332652135,104.18,70.92,98.79,394.17,265.39,337.67,73.76,63.48,64.84,21.04,20.82,20.81,1.49,1.05,1.27,32.16,31.85,40.85
23,12,2023,0,6,175.83,400.68,120.52,22.98,2.11,32.65,363,2023-12-23,5,12,357,1,-0.9749279121818236,-0.2225209339563146,-2.4492935982947064e-16,1.0,-0.14144406768794202,0.9899462489023779,121.22333333333331,103.46000000000001,25.158569779169994,374.5,333.41999999999996,56.84568116107553,139.5,119.99,121.69,420.59,308.74,314.24,90.96,78.74,85.96,21.9,21.0,20.95,1.82,1.28,1.58,33.22,32.81,36.87
24,12,2023,1,7,137.21,400.57,140.49,23.31,2.13,32.24,363,2023-12-24,6,12,358,1,-0.7818314824680299,0.6234898018587334,-2.4492935982947064e-16,1.0,-0.12439450483979998,0.9922328391893008,139.83666666666667,111.19428571428571,37.1574837043378,405.1466666666667,345.7685714285714,61.20622719641385,175.83,104.18,90.06,400.68,394.17,345.78,120.52,73.76,75.39,22.98,21.04,20.91,2.11,1.49,1.43,32.65,32.16,27.95
25,12,2023,1,1,113.02,400.43,101.24,23.14,1.4,32.19,363,2023-12-25,0,12,359,0,0.0,1.0,-2.4492935982947064e-16,1.0,-0.10730813165636247,0.9942258118156161,150.84666666666666,117.92999999999999,36.96088472967111,407.28,353.5957142857143,64.6162528205668,137.21,139.5,77.88,400.57,420.59,285.03,140.49,90.96,70.47,23.31,21.9,21.01,2.13,1.82,1.03,32.24,33.22,29.25
26,12,2023,0,2,106.1,397.15,69.8,22.48,1.48,31.01,356,2023-12-26,1,12,360,0,0.7818314824680297,0.6234898018587336,-2.4492935982947064e-16,1.0,-0.09019000427034513,0.9959245770286599,142.01999999999998,122.95000000000002,32.762643360999355,400.56,370.0814285714286,58.653363765025,113.02,175.83,70.92,400.43,400.68,265.39,101.24,120.52,63.48,23.14,22.98,20.82,1.4,2.11,1.05,32.19,32.65,31.85
27,12,2023,0,3,97.47,365.02,27.66,21.87,1.76,28.12,296,2023-12-27,2,12,361,0,0.9749279121818236,-0.22252093395631434,-2.4492935982947064e-16,1.0,-0.07304518821104744,0.9973286321364752,118.77666666666664,127.97571428571428,25.299347064791966,399.38333333333327,388.9042857142858,36.363019611111085,106.1,137.21,119.99,397.15,400.57,308.74,69.8,140.49,78.74,22.48,23.31,21.0,1.48,2.13,1.28,31.01,32.24,32.81
28,12,2023,0,4,90.16,266.07,32.1,21.99,1.07,28.37,261,2023-12-28,3,12,362,0,0.43388373911755823,-0.900968867902419,-2.4492935982947064e-16,1.0,-0.05587875690537313,0.9984375616565666,105.52999999999997,124.75857142857141,27.79304075278108,387.5333333333333,396.94428571428574,16.458383737112353,97.47,113.02,104.18,365.02,400.43,394.17,27.66,101.24,73.76,21.87,23.14,21.04,1.76,1.4,1.49,28.12,32.19,32.16
29,12,2023,0,5,118.14,469.37,30.62,22.03,1.68,19.07,299,2023-12-29,4,12,363,0,-0.433883739117558,-0.9009688679024191,-2.4492935982947064e-16,1.0,-0.03869579017652689,0.9992510374388481,97.90999999999998,122.75571428571428,29.945011191150538,342.7466666666666,378.6442857142857,52.283557599287896,90.16,106.1,139.5,266.07,397.15,420.59,32.1,69.8,90.96,21.99,22.48,21.9,1.07,1.48,1.82,28.37,31.01,33.22
30,12,2023,0,6,98.49,395.9,34.12,21.92,1.37,19.13,390,2023-12-30,5,12,364,1,-0.9749279121818236,-0.2225209339563146,-2.4492935982947064e-16,1.0,-0.021501372740813793,0.999768818762748,101.9233333333333,119.70428571428572,29.028656449069953,366.82,385.61285714285714,61.282416922062396,118.14,97.47,175.83,469.37,365.02,400.68,30.62,27.66,120.52,22.03,21.87,22.98,1.68,1.76,2.11,19.07,28.12,32.65
31,12,2023,1,7,83.37,333.32,29.29,21.99,1.2,19.26,301,2023-12-31,6,12,365,1,-0.7818314824680299,0.6234898018587334,-2.4492935982947064e-16,1.0,-0.004300592702981974,0.9999907524084426,102.26333333333332,108.65571428571427,15.818928384632418,377.1133333333334,384.92999999999995,61.11294216448719,98.49,90.16,137.21,395.9,266.07,400.57,34.12,32.1,140.49,21.92,21.99,23.31,1.37,1.07,2.13,19.13,28.37,32.24
1,1,2024,0,1,71.18,288.33,24.09,21.92,0.74,19.3,244,2024-01-01,0,1,1,0,0.0,1.0,0.49999999999999994,0.8660254037844387,0.017201575418260506,0.9998520419557735,99.99999999999999,100.9642857142857,12.324397019927385,399.53,375.3228571428571,63.48444998955376,83.37,118.14,113.02,333.32,469.37,400.43,29.29,30.62,101.24,21.99,22.03,23.14,1.2,1.68,1.4,19.26,19.07,32.19
2,1,2024,0,2,76.61,290.95,26.95,22.19,0.64,20.15,259,2024-01-02,1,1,2,0,0.7818314824680297,0.6234898018587336,0.49999999999999994,0.8660254037844387,0.03439806061360801,0.9994082116062598,84.34666666666665,94.98714285714286,15.291742558525598,339.18333333333334,359.3085714285714,69.90927392665692,71.18,98.49,106.1,288.33,395.9,397.15,24.09,34.12,69.8,21.92,21.92,22.48,0.74,1.37,1.48,19.3,19.13,31.01
3,1,2024,0,3,81.94,308.65,26.41,22.01,1.03,19.65,246,2024-01-03,2,1,3,0,0.9749279121818236,-0.22252093395631434,0.49999999999999994,0.8660254037844387,0.051584366869408364,0.9986686402879997,77.05333333333331,90.77428571428572,15.774509878433435,304.2,344.1371428571428,71.82566201441868,76.61,83.37,97.47,290.95,333.32,365.02,26.95,29.29,27.66,22.19,21.99,21.87,0.64,1.2,1.76,20.15,19.26,28.12
4,1,2024,0,4,86.58,349.36,21.61,22.18,1.02,19.19,324,2024-01-04,3,1,4,0,0.43388373911755823,-0.900968867902419,0.49999999999999994,0.8660254037844387,0.06875540848113941,0.9976335468520451,76.57666666666665,88.55571428571429,15.76794518122533,295.9766666666667,336.0842857142857,72.25286427013177,81.94,71.18,90.16,308.65,288.33,266.07,26.41,24.09,32.1,22.01,21.92,21.99,1.03,0.74,1.07,19.65,19.3,28.37
5,1,2024,0,5,64.61,267.06,19.8,22.36,0.85,19.28,246,2024-01-05,4,1,5,0,-0.433883739117558,-0.9009688679024191,0.49999999999999994,0.8660254037844387,0.08590610426133272,0.9963032375991965,81.70999999999998,88.04428571428572,15.765296124868499,316.32,347.9828571428571,65.32747092259763,86.58,76.61,118.14,349.36,290.95,469.37,21.61,26.95,30.62,22.18,22.19,22.03,1.02,0.64,1.68,19.19,20.15,19.07
6,1,2024,0,6,78.21,319.32,20.7,22.47,0.8,19.64,220,2024-01-06,5,1,6,1,-0.9749279121818236,-0.2225209339563146,0.49999999999999994,0.8660254037844387,0.10303137904317879,0.9946781061893646,77.70999999999998,80.39714285714285,10.994919606022052,308.3566666666666,319.08142857142855,43.91790273854591,64.61,81.94,98.49,267.06,308.65,395.9,19.8,26.41,34.12,22.36,22.01,21.92,0.85,1.03,1.37,19.28,19.65,19.13
7,1,2024,1,7,80.76,334.34,27.08,22.9,0.93,19.93,308,2024-01-07,6,1,7,1,-0.7818314824680299,0.6234898018587334,0.49999999999999994,0.8660254037844387,0.1201261651823505,0.9927586335250793,76.46666666666664,77.5,7.571961436776517,311.91333333333336,308.14142857142855,28.383891810069308,78.21,86.58,83.37,319.32,349.36,333.32,20.7,21.61,29.29,22.47,22.18,21.99,0.8,1.02,1.2,19.64,19.19,19.26
8,1,2024,0,1,95.24,373.77,24.92,22.87,0.85,19.55,314,2024-01-08,0,1,8,0,0.0,1.0,0.49999999999999994,0.8660254037844387,0.13718540405660057,0.9905453876091833,74.52666666666666,77.12714285714286,7.2938917693428795,306.90666666666664,308.28714285714284,28.5368999217305,80.76,64.61,71.18,334.34,267.06,288.33,27.08,19.8,24.09,22.9,22.36,21.92,0.93,0.85,0.74,19.93,19.28,19.3
9,1,2024,0,2,52.82,212.74,20.55,22.8,0.69,19.65,254,2024-01-09,1,1,9,0,0.7818314824680297,0.6234898018587336,0.49999999999999994,0.8660254037844387,0.1542040475626894,0.988039023376751,84.73666666666664,80.5642857142857,9.391614801058418,342.47666666666663,320.49285714285713,35.90029884475693,95.24,78.21,76.61,373.77,319.32,290.95,24.92,20.7,26.95,22.87,22.47,22.19,0.85,0.8,0.64,19.55,19.64,20.15
10,1,2024,0,3,73.62,286.79,22.23,22.86,0.7,20.4,168,2024-01-10,2,1,10,0,0.9749279121818236,-0.22252093395631434,0.49999999999999994,0.8660254037844387,0.17117705961019986,0.985240282501282,76.27333333333333,77.16571428571429,14.156692006660993,306.95,309.32,54.15572822887718,52.82,80.76,81.94,212.74,334.34,308.65,20.55,27.08,26.41,22.8,22.9,22.01,0.69,0.93,1.03,19.65,19.93,19.65
11,1,2024,0,4,99.72,356.85,29.89,21.9,1.0,25.8,314,2024-01-11,3,1,11,0,0.43388373911755823,-0.900968867902419,0.49999999999999994,0.8660254037844387,0.18809941761179758,0.9821499931752291,73.89333333333332,75.97714285714287,14.037811693525729,291.09999999999997,306.19714285714286,54.826915140371796,73.62,95.24,86.58,286.79,373.77,349.36,22.23,24.92,21.61,22.86,22.87,22.18,0.7,0.85,1.02,20.4,19.55,19.19
12,1,2024,0,5,81.41,304.72,28.91,20.95,1.02,27.3,264,2024-01-12,4,1,12,0,-0.433883739117558,-0.9009688679024191,0.49999999999999994,0.8660254037844387,0.20496611396949532,0.9787690698649216,75.38666666666666,77.85428571428572,16.375784823069072,285.46000000000004,307.26714285714286,55.87278577694329,99.72,52.82,64.61,356.85,212.74,267.06,29.89,20.55,19.8,21.9,22.8,22.36,1.0,0.69,0.85,25.8,19.65,19.28
13,1,2024,0,6,127.48,492.05,36.16,21.31,1.58,27.36,348,2024-01-13,5,1,13,1,-0.9749279121818236,-0.2225209339563146,0.49999999999999994,0.8660254037844387,0.22177215755648186,0.975098513039961,84.91666666666664,80.25428571428571,15.30745989939087,316.12000000000006,312.6471428571429,53.10033261486718,81.41,73.62,78.21,304.72,286.79,319.32,28.91,22.23,20.7,20.95,22.86,22.47,1.02,0.7,0.8,27.3,20.4,19.64
14,1,2024,1,7,106.07,327.54,35.14,21.46,1.66,27.05,345,2024-01-14,6,1,14,1,-0.7818314824680299,0.6234898018587334,0.49999999999999994,0.8660254037844387,0.23851257519407648,0.9711394088771653,102.86999999999999,87.29285714285713,23.39946061649475,384.54,337.3228571428572,86.40649468535057,127.48,99.72,80.76,492.05,356.85,334.34,36.16,29.89,27.08,21.31,21.9,22.9,1.58,1.0,0.93,27.36,25.8,19.93
15,1,2024,0,1,70.53,271.14,30.99,21.32,1.1,27.24,222,2024-01-15,0,1,15,0,0.0,1.0,0.49999999999999994,0.8660254037844387,0.2551824131233728,0.9668929289391521,104.98666666666664,90.90857142857143,24.164704583732853,374.77,336.3514285714286,86.48380877917192,106.07,81.41,95.24,327.54,304.72,373.77,35.14,28.91,24.92,21.46,20.95,22.87,1.66,1.02,0.85,27.05,27.3,19.55
16,1,2024,0,2,125.14,451.87,48.65,21.62,1.78,28.02,331,2024-01-16,1,1,16,0,0.7818314824680297,0.6234898018587336,0.49999999999999994,0.8660254037844387,0.2717767384711357,0.9623603298276545,101.35999999999997,87.37857142857142,25.20878248320902,363.57666666666665,321.69,87.77278773439218,70.53,127.48,52.82,271.14,492.05,212.74,30.99,36.16,20.55,21.32,21.31,22.8,1.1,1.58,0.69,27.24,27.36,19.65
17,1,2024,0,3,95.9,388.59,47.21,21.76,1.36,27.69,360,2024-01-17,2,1,17,0,0.9749279121818236,-0.22252093395631434,0.49999999999999994,0.8660254037844387,0.2882906407095177,0.9575429528116719,100.57999999999998,97.71000000000001,23.442688981145043,350.18333333333334,355.8514285714286,84.78608483089879,125.14,106.07,73.62,451.87,327.54,286.79,48.65,35.14,22.23,21.62,21.46,22.86,1.78,1.66,0.7,28.02,27.05,20.4
18,1,2024,0,4,95.82,374.84,42.41,22.18,1.19,27.17,313,2024-01-18,3,1,18,0,0.43388373911755823,-0.900968867902419,0.49999999999999994,0.8660254037844387,0.3047192331091634,0.9524422234305676,97.18999999999998,100.89285714285714,21.01345577979873,370.5333333333333,370.39428571428573,79.53400883838773,95.9,70.53,99.72,388.59,271.14,356.85,47.21,30.99,29.89,21.76,21.32,21.9,1.36,1.1,1.0,27.69,27.24,25.8
19,1,2024,0,5,118.7,342.32,44.35,22.69,1.28,26.87,295,2024-01-19,4,1,19,0,-0.433883739117558,-0.9009688679024191,0.49999999999999994,0.8660254037844387,0.321057654185271,0.9470596510722283,105.61999999999999,100.33571428571429,21.101253404433777,405.09999999999997,372.9642857142857,79.31375854943498,95.82,125.14,81.41,374.84,451.87,304.72,42.41,48.65,28.91,22.18,21.62,20.95,1.19,1.78,1.02,27.17,28.02,27.3
20,1,2024,0,6,79.2,324.13,40.61,22.07,0.88,27.45,276,2024-01-20,5,1,20,1,-0.9749279121818236,-0.2225209339563146,0.49999999999999994,0.8660254037844387,0.3373010691361842,0.9413968285264122,103.47333333333331,105.66285714285716,20.215474859858155,368.5833333333333,378.3357142857143,75.08201934265887,118.7,95.9,127.48,342.32,388.59,492.05,44.35,47.21,36.16,22.69,21.76,21.31,1.28,1.36,1.58,26.87,27.69,27.36
21,1,2024,1,7,72.57,257.14,30.47,21.56,0.96,27.35,271,2024-01-21,6,1,21,1,-0.7818314824680299,0.6234898018587334,0.49999999999999994,0.8660254037844387,0.3534446712740877,0.9354554315134164,97.90666666666665,98.76571428571428,19.7623108105166,347.09666666666664,354.34714285714284,57.45000368850735,79.2,95.82,106.07,324.13,374.84,327.54,40.61,42.41,35.14,22.07,22.18,21.46,0.88,1.19,1.66,27.45,27.17,27.05
22,1,2024,0,1,108.32,372.63,40.42,21.67,0.92,28.16,240,2024-01-22,0,1,22,0,0.0,1.0,0.49999999999999994,0.8660254037844387,0.3694836834473831,0.9292372181882051,90.15666666666665,93.98,21.66346771256545,307.86333333333334,344.28999999999996,68.09992706799807,72.57,118.7,70.53,257.14,342.32,271.14,30.47,44.35,30.99,21.56,22.69,21.32,0.96,1.28,1.1,27.35,26.87,27.24
23,1,2024,0,2,115.04,429.22,45.74,22.03,1.23,27.73,378,2024-01-23,1,1,23,0,0.7818314824680297,0.6234898018587336,0.49999999999999994,0.8660254037844387,0.38541335945432564,0.9227440286201427,86.69666666666666,99.37857142857142,19.440319294850767,317.96666666666664,358.7885714285714,60.28594845361864,108.32,79.2,125.14,372.63,324.13,451.87,40.42,40.61,48.65,21.67,22.07,21.62,0.92,0.88,1.78,28.16,27.45,28.02
24,1,2024,0,3,105.87,405.6,39.12,22.06,1.16,27.03,383,2024-01-24,2,1,24,0,0.9749279121818236,-0.22252093395631434,0.49999999999999994,0.8660254037844387,0.4012289854475009,0.9159777842484877,98.64333333333332,97.9357142857143,17.486243981240257,352.99666666666667,355.55285714285714,54.81714808168616,115.04,72.57,95.9,429.22,257.14,388.59,45.74,30.47,47.21,22.03,21.56,21.76,1.23,0.96,1.36,27.73,27.35,27.69
25,1,2024,0,4,80.42,278.84,31.23,21.27,1.0,26.88,242,2024-01-25,3,1,25,0,0.43388373911755823,-0.900968867902419,0.49999999999999994,0.8660254037844387,0.4169258813287287,0.908940487313808,109.74333333333333,99.36000000000001,17.697556328488766,402.48333333333335,357.98285714285714,56.86452869592351,105.87,108.32,95.82,405.6,372.63,374.84,39.12,40.42,42.41,22.06,21.67,22.18,1.16,0.92,1.19,27.03,28.16,27.17
26,1,2024,1,5,108.52,404.79,40.1,20.68,1.41,27.25,352,2024-01-26,4,1,26,0,-0.433883739117558,-0.9009688679024191,0.49999999999999994,0.8660254037844387,0.4324994021339788,0.901634220265486,100.44333333333333,97.16,19.111658745384517,371.22,344.26857142857136,63.330225650572025,80.42,115.04,118.7,278.84,429.22,342.32,31.23,45.74,44.35,21.27,22.03,22.69,1.0,1.23,1.28,26.88,27.73,26.87
27,1,2024,0,6,72.18,299.85,35.5,20.61,0.81,28.03,267,2024-01-27,5,1,27,1,-0.9749279121818236,-0.2225209339563146,0.49999999999999994,0.8660254037844387,0.44794493940789115,0.8940611451454876,98.26999999999998,95.70571428571428,17.520494529877315,363.07666666666665,353.1928571428572,67.28775413953748,108.52,105.87,79.2,404.79,405.6,324.13,40.1,39.12,40.61,20.68,22.06,22.07,1.41,1.16,0.88,27.25,27.03,27.45
28,1,2024,1,7,128.46,468.87,54.04,21.03,1.5,27.75,343,2024-01-28,6,1,28,1,-0.7818314824680299,0.6234898018587334,0.49999999999999994,0.8660254037844387,0.4632579225674917,0.88622350294858,87.03999999999998,94.70285714285716,18.778475900426248,327.82666666666665,349.7242857142857,69.62093192355837,72.18,80.42,72.57,299.85,278.84,257.14,35.5,31.23,30.47,20.61,21.27,21.56,0.81,1.0,0.96,28.03,26.88,27.35
29,1,2024,0,1,122.47,471.32,46.09,21.21,1.26,27.04,383,2024-01-29,0,1,29,0,0.0,1.0,0.49999999999999994,0.8660254037844387,0.4784338202547012,0.8781236129591848,103.05333333333333,102.68714285714285,19.66056350013626,391.1700000000001,379.9714285714286,68.6805026744783,128.46,108.52,108.32,468.87,404.79,372.63,54.04,40.1,40.42,21.03,20.68,21.67,1.5,1.41,0.92,27.75,27.25,28.16
30,1,2024,0,2,77.87,287.31,28.29,20.94,1.16,26.72,295,2024-01-30,1,1,30,0,0.7818314824680297,0.6234898018587336,0.49999999999999994,0.8660254037844387,0.49346814167723735,0.8697638720650646,107.70333333333333,104.70857142857143,21.016880856882974,413.34666666666664,394.07000000000005,76.59563259960258,122.47,72.18,115.04,471.32,299.85,429.22,46.09,35.5,45.74,21.21,20.61,22.03,1.26,0.81,1.23,27.04,28.03,27.73
31,1,2024,0,3,95.45,328.24,36.78,21.63,1.63,26.71,277,2024-01-31,2,1,31,0,0.9749279121818236,-0.22252093395631434,0.49999999999999994,0.8660254037844387,0.5083564379375122,0.8611467540480452,109.59999999999998,99.39857142857143,22.60698080134571,409.1666666666667,373.7971428571429,84.14927167723735,77.87,128.46,105.87,287.31,468.87,405.6,28.29,54.04,39.12,20.94,21.03,22.06,1.16,1.5,1.16,26.72,27.75,27.03
1,2,2024,0,4,31.84,108.25,31.22,21.48,0.71,26.98,145,2024-02-01,3,2,32,0,0.43388373911755823,-0.900968867902419,0.8660254037844386,0.5000000000000001,0.5230943033491326,0.8522748088519838,98.59666666666665,97.91,22.452373296974624,362.28999999999996,362.74571428571426,84.3560831351524,95.45,122.47,80.42,328.24,471.32,278.84,36.78,46.09,31.23,21.63,21.21,21.27,1.63,1.26,1.0,26.71,27.04,26.88
2,2,2024,0,5,44.56,160.64,19.75,21.54,0.91,26.78,131,2024-02-02,4,2,33,0,-0.433883739117558,-0.9009688679024191,0.8660254037844386,0.5000000000000001,0.5376773767406141,0.8431506618282,68.38666666666664,90.97000000000001,33.53320245169999,241.26666666666668,338.3757142857143,126.66643463011324,31.84,77.87,108.52,108.25,287.31,404.79,31.22,28.29,40.1,21.48,20.94,20.68,0.71,1.16,1.41,26.98,26.72,27.25
3,2,2024,0,6,52.97,218.9,29.51,21.47,0.76,26.71,152,2024-02-03,5,2,34,1,-0.9749279121818236,-0.2225209339563146,0.8660254037844386,0.5000000000000001,0.5521013427459208,0.8337770129585915,57.283333333333324,81.83285714285715,36.533838065683085,199.04333333333332,303.4971428571429,138.4014917687289,44.56,95.45,72.18,160.64,328.24,299.85,19.75,36.78,35.5,21.54,21.63,20.61,0.91,1.63,0.81,26.78,26.71,28.03
4,2,2024,1,7,54.29,199.46,29.1,21.64,0.92,26.69,209,2024-02-04,6,2,35,1,-0.7818314824680299,0.6234898018587334,0.8660254037844386,0.5000000000000001,0.5663619330814524,0.8241566360566663,43.12333333333331,79.08857142857143,38.069009893688396,162.59666666666666,291.9328571428572,142.0898093594665,52.97,31.84,128.46,218.9,108.25,468.87,29.51,31.22,54.04,21.47,21.48,21.03,0.76,0.71,1.5,26.71,26.98,27.75
5,2,2024,0,1,37.31,142.31,22.29,21.72,0.49,26.81,136,2024-02-05,0,2,36,0,0.0,1.0,0.8660254037844386,0.5000000000000001,0.580454927809098,0.8142923779467267,50.60666666666665,68.49285714285715,31.851332109393574,193.0,253.44571428571427,121.11477970051712,54.29,44.56,122.47,199.46,160.64,471.32,29.1,19.75,46.09,21.64,21.54,21.21,0.92,0.91,1.26,26.69,26.78,27.04
6,2,2024,0,2,33.73,142.23,24.61,21.58,0.43,28.14,112,2024-02-06,1,2,37,0,0.7818314824680297,0.6234898018587336,0.8660254037844386,0.5000000000000001,0.5943761565849831,0.804187157621448,48.189999999999976,56.32714285714286,22.76638802729917,186.89000000000001,206.44428571428574,78.98390318226126,37.31,52.97,77.87,142.31,218.9,287.31,22.29,29.51,28.29,21.72,21.47,20.94,0.49,0.76,1.16,26.81,26.71,26.72
7,2,2024,0,3,42.73,176.83,27.71,21.51,0.45,32.23,166,2024-02-07,2,2,38,0,0.9749279121818236,-0.22252093395631434,0.8660254037844386,0.5000000000000001,0.6081214998935418,0.7938439653781019,41.77666666666665,50.021428571428565,21.90149342592282,161.33333333333334,185.71857142857147,73.03887764484828,33.73,54.29,95.45,142.23,199.46,328.24,24.61,29.1,36.78,21.58,21.64,21.63,0.43,0.92,1.63,28.14,26.69,26.71
8,2,2024,0,4,42.68,168.67,27.05,21.7,0.46,31.97,172,2024-02-08,3,2,39,0,0.43388373911755823,-0.900968867902419,0.8660254037844386,0.5000000000000001,0.6216868902665479,0.7832658619336791,37.92333333333331,42.49,8.85442827064656,153.79,164.0885714285714,37.63800536185635,42.73,37.31,31.84,176.83,142.31,108.25,27.71,22.29,31.22,21.51,21.72,21.48,0.45,0.49,0.71,32.23,26.81,26.98
9,2,2024,0,5,45.43,178.41,33.32,21.86,0.52,28.36,155,2024-02-09,4,2,40,0,-0.433883739117558,-0.9009688679024191,0.8660254037844386,0.5000000000000001,0.6350683134867438,0.7724559775191742,39.71333333333331,44.03857142857142,7.530299747403124,162.57666666666668,172.72,28.522649479552367,42.68,33.73,44.56,168.67,142.23,160.64,27.05,24.61,19.75,21.7,21.58,21.54,0.46,0.43,0.91,31.97,28.14,26.78
10,2,2024,0,6,102.56,324.04,43.5,22.07,0.91,28.82,253,2024-02-10,5,2,41,1,-0.9749279121818236,-0.2225209339563146,0.8660254037844386,0.5000000000000001,0.6482618097757122,0.7614175109532997,43.613333333333316,44.16285714285714,7.547500059150872,174.63666666666666,175.25857142857146,28.0552683279354,45.43,42.73,52.97,178.41,176.83,218.9,33.32,27.71,29.51,21.86,21.51,21.47,0.52,0.45,0.76,28.36,32.23,26.71
11,2,2024,1,7,57.57,273.84,36.16,22.03,0.63,28.8,247,2024-02-11,6,2,42,1,-0.7818314824680299,0.6234898018587334,0.8660254037844386,0.5000000000000001,0.6612634749656386,0.7501537286959042,63.55666666666665,51.24714285714286,23.534157243098452,223.70666666666668,190.27857142857144,62.41624372671307,102.56,42.68,54.29,324.04,168.67,199.46,43.5,27.05,29.1,22.07,21.7,21.64,0.91,0.46,0.92,28.82,31.97,26.69
12,2,2024,0,1,78.2,300.65,41.68,22.57,0.74,27.43,228,2024-02-12,0,2,43,0,0.0,1.0,0.8660254037844386,0.5000000000000001,0.6740694616546162,0.7386679638813748,68.51999999999998,51.71571428571429,23.637265674596435,258.7633333333333,200.9042857142857,70.09826195114606,57.57,45.43,37.31,273.84,178.41,142.31,36.16,33.32,22.29,22.03,21.86,21.72,0.63,0.52,0.49,28.8,28.36,26.81
13,2,2024,0,2,105.22,417.5,33.9,23.06,1.11,26.59,336,2024-02-13,1,2,44,0,0.7818314824680297,0.6234898018587336,0.8660254037844386,0.5000000000000001,0.6866759803451553,0.726963615332308,79.44333333333331,57.557142857142864,24.51991959902977,299.51,223.52428571428572,73.50381438110188,78.2,102.56,33.73,300.65,324.04,142.23,41.68,43.5,24.61,22.57,22.07,21.58,0.74,0.91,0.43,27.43,28.82,28.14
14,2,2024,0,3,98.06,369.58,38.95,22.97,1.02,27.29,324,2024-02-14,2,2,45,0,0.9749279121818236,-0.22252093395631434,0.8660254037844386,0.5000000000000001,0.6990793005655562,0.7150441465537444,80.32999999999998,67.77,27.632278226741064,330.66333333333336,262.84857142857146,93.63927691386992,105.22,57.57,42.73,417.5,273.84,176.83,33.9,36.16,27.71,23.06,22.03,21.51,1.11,0.63,0.45,26.59,28.8,32.23
15,2,2024,0,4,73.63,296.8,40.37,23.15,0.77,28.9,234,2024-02-15,3,2,46,0,0.43388373911755823,-0.900968867902419,0.8660254037844386,0.5000000000000001,0.7112757519738152,0.7029130847082616,93.82666666666665,75.67428571428572,27.185765795812916,362.57666666666665,290.38428571428574,92.46150493712567,98.06,78.2,42.68,369.58,300.65,168.67,38.95,41.68,27.05,22.97,22.57,21.7,1.02,0.74,0.46,27.29,27.43,31.97
16,2,2024,0,5,64.35,264.88,41.3,23.26,0.71,28.82,245,2024-02-16,4,2,47,0,-0.433883739117558,-0.9009688679024191,0.8660254037844386,0.5000000000000001,0.7232617254437387,0.6905740195722294,92.30333333333333,80.0957142857143,23.14126246710535,361.2933333333333,308.68857142857144,75.47211989173479,73.63,105.22,45.43,296.8,417.5,178.41,40.37,33.9,33.32,23.15,23.06,21.86,0.77,1.11,0.52,28.9,26.59,28.36
17,2,2024,0,6,65.88,265.95,42.98,23.5,0.7,30.16,220,2024-02-17,5,2,48,1,-0.9749279121818236,-0.2225209339563146,0.8660254037844386,0.5000000000000001,0.7350336741329412,0.6780306024735382,78.67999999999998,82.79857142857142,19.184133573148717,310.42,321.0414285714286,54.85553525050183,64.35,98.06,102.56,264.88,369.58,324.04,41.3,38.95,43.5,23.26,22.97,22.07,0.71,1.02,0.91,28.82,27.29,28.82
18,2,2024,1,7,80.42,323.0,58.36,24.17,1.66,27.38,287,2024-02-18,6,2,49,1,-0.7818314824680299,0.6234898018587334,0.8660254037844386,0.5000000000000001,0.746588114532413,0.6652865452111116,67.9533333333333,77.55857142857144,17.84986781330357,275.87666666666667,312.74285714285713,58.59292981076753,65.88,73.63,57.57,265.95,296.8,273.84,42.98,40.37,36.16,23.5,23.15,22.03,0.7,0.77,0.63,30.16,28.9,28.8
19,2,2024,0,1,60.72,284.13,52.67,23.83,0.66,32.15,241,2024-02-19,0,2,50,0,0.0,1.0,0.8660254037844386,0.5000000000000001,0.757921627497347,0.6523456189565258,70.21666666666664,80.82285714285715,15.522899980659354,284.60999999999996,319.7657142857143,56.04361630526201,80.42,64.35,78.2,323.0,264.88,300.65,58.36,41.3,41.68,24.17,23.26,22.57,1.66,0.71,0.74,27.38,28.82,27.43
20,2,2024,0,2,152.51,267.95,44.29,24.34,0.76,27.76,219,2024-02-20,1,2,51,0,0.7818314824680297,0.6234898018587336,0.8660254037844386,0.5000000000000001,0.7690308592589181,0.6392116531380588,69.00666666666665,78.32571428571428,17.31741883879134,291.0266666666667,317.4057142857143,57.3161233444665,60.72,65.88,105.22,284.13,265.95,417.5,52.67,42.98,33.9,23.83,23.5,23.06,0.66,0.7,1.11,32.15,30.16,26.59
21,2,2024,0,3,51.62,195.52,29.07,24.21,0.62,28.14,200,2024-02-21,2,2,52,0,0.9749279121818236,-0.22252093395631434,0.8660254037844386,0.5000000000000001,0.7799125224167177,0.6258885343075018,97.88333333333331,85.08142857142856,32.300376379939365,291.6933333333333,296.0414285714286,38.60656396200515,152.51,80.42,98.06,267.95,323.0,369.58,44.29,58.36,38.95,24.34,24.17,22.97,0.76,1.66,1.02,27.76,27.38,27.29
22,2,2024,0,4,41.13,158.72,31.17,24.65,0.44,28.71,146,2024-02-22,3,2,53,0,0.43388373911755823,-0.900968867902419,0.8660254037844386,0.5000000000000001,0.7905633969115481,0.612380204990065,88.2833333333333,78.44714285714285,33.919054484800824,249.20000000000002,271.17571428571426,39.393972828824,51.62,60.72,73.63,195.52,284.13,296.8,29.07,52.67,40.37,24.21,23.83,23.15,0.62,0.66,0.77,28.14,32.15,28.9
23,2,2024,0,5,41.39,170.18,34.98,25.07,0.4,28.76,137,2024-02-23,4,2,54,0,-0.433883739117558,-0.9009688679024191,0.8660254037844386,0.5000000000000001,0.8009803309782905,0.5986906625177215,81.75333333333332,73.80428571428571,36.79104277635329,207.39666666666668,251.45000000000002,55.64360939646805,41.13,152.51,64.35,158.72,267.95,264.88,31.17,44.29,41.3,24.65,24.34,23.26,0.44,0.76,0.71,28.71,27.76,28.82
24,2,2024,0,6,54.35,217.67,39.03,25.35,0.56,29.45,175,2024-02-24,5,2,55,1,-0.9749279121818236,-0.2225209339563146,0.8660254037844386,0.5000000000000001,0.8111602420785621,0.5848239578463322,44.71333333333331,70.52428571428571,38.74592144434633,174.8066666666667,237.92142857142855,62.876280484926085,41.39,51.62,65.88,170.18,195.52,265.95,34.98,29.07,42.98,25.07,24.21,23.5,0.4,0.62,0.7,28.76,28.14,30.16
25,2,2024,1,7,51.36,193.05,42.12,25.6,0.52,28.32,178,2024-02-25,6,2,56,1,-0.7818314824680299,0.6234898018587334,0.8660254037844386,0.5000000000000001,0.821100117812889,0.5707841943569038,45.62333333333331,68.87714285714286,39.21845896780688,182.19000000000003,231.02428571428572,61.93018296359874,54.35,41.13,80.42,217.67,158.72,323.0,39.03,31.17,58.36,25.35,24.65,24.17,0.56,0.44,1.66,29.45,28.71,27.38
26,2,2024,0,1,53.72,208.96,43.78,25.87,0.5,30.47,161,2024-02-26,0,2,57,0,0.0,1.0,0.8660254037844386,0.5000000000000001,0.8307970168121247,0.5565755266413304,49.03333333333331,64.72571428571429,39.330855934894885,193.63333333333333,212.46,47.57830528017363,51.36,41.39,60.72,193.05,170.18,284.13,42.12,34.98,52.67,25.6,25.07,23.83,0.52,0.4,0.66,28.32,28.76,32.15
27,2,2024,0,2,37.0,135.02,39.12,25.75,0.45,29.74,150,2024-02-27,1,2,58,0,0.7818314824680297,0.6234898018587336,0.8660254037844386,0.5000000000000001,0.8402480696078469,0.5422021592729845,53.14333333333332,63.72571428571428,39.53811952076278,206.56000000000003,201.72142857142856,35.70857386705774,53.72,54.35,152.51,208.96,217.67,267.95,43.78,39.03,44.29,25.87,25.35,24.34,0.5,0.56,0.76,30.47,29.45,27.76
28,2,2024,0,3,37.13,148.66,35.62,25.76,0.45,29.88,144,2024-02-28,2,2,59,0,0.9749279121818236,-0.22252093395631434,0.8660254037844386,0.5000000000000001,0.8494504794814806,0.527668345562516,47.359999999999985,47.22428571428571,7.131056156333859,179.01000000000002,182.73142857142855,29.40841627186221,37.0,51.36,51.62,135.02,193.05,195.52,39.12,42.12,29.07,25.75,25.6,24.21,0.45,0.52,0.62,29.74,28.32,28.14
29,2,2024,0,4,43.28,167.64,38.41,26.58,0.49,29.55,138,2024-02-29,3,2,60,0,0.43388373911755823,-0.900968867902419,0.8660254037844386,0.5000000000000001,0.8584015232918917,0.5129783862992281,42.616666666666646,45.15428571428571,7.721072587716474,164.21333333333334,176.03714285714287,31.285646716605953,37.13,53.72,41.13,148.66,208.96,158.72,35.62,43.78,31.17,25.76,25.87,24.65,0.45,0.5,0.44,29.88,30.47,28.71
1,3,2024,0,5,63.57,236.03,53.2,26.69,0.81,33.53,192,2024-03-01,4,3,61,0,-0.433883739117558,-0.9009688679024191,1.0,6.123233995736766e-17,0.8670985522812081,0.49813662847840556,39.13666666666665,45.46142857142858,7.575701130527294,150.44,177.31142857142854,30.637700320886793,43.28,37.0,41.39,167.64,135.02,170.18,38.41,39.12,34.98,26.58,25.75,25.07,0.49,0.45,0.4,29.55,29.74,28.76
2,3,2024,0,6,20.62,88.07,36.47,26.26,0.42,29.67,111,2024-03-02,5,3,62,1,-0.9749279121818236,-0.2225209339563146,1.0,6.123233995736766e-17,0.8755389928586301,0.4831474640149688,47.99333333333331,48.63,9.877688663516308,184.10999999999999,186.71857142857147,37.43787094577444,63.57,37.13,54.35,236.03,148.66,217.67,53.2,35.62,39.03,26.69,25.76,25.35,0.81,0.45,0.56,33.53,29.88,29.45
3,3,2024,1,7,42.75,177.31,26.01,26.18,0.34,28.86,126,2024-03-03,6,3,63,1,-0.7818314824680299,0.6234898018587334,1.0,6.123233995736766e-17,0.8837203473619977,0.4680153284438345,42.48999999999998,43.81142857142857,13.992400828750071,163.91333333333333,168.20428571428573,49.638129449428135,20.62,43.28,51.36,88.07,167.64,193.05,36.47,38.41,42.12,26.26,26.58,25.6,0.42,0.49,0.52,29.67,29.55,28.32
4,3,2024,0,1,46.01,134.41,27.51,22.96,0.42,30.43,140,2024-03-04,0,3,64,0,0.0,1.0,1.0,6.123233995736766e-17,0.8916401947968874,0.45274469960737107,42.31333333333331,42.58142857142857,13.590922741021137,167.13666666666666,165.9557142857143,48.6721607140213,42.75,63.57,53.72,177.31,236.03,208.96,26.01,53.2,43.78,26.18,26.69,25.87,0.34,0.81,0.5,28.86,33.53,30.47
5,3,2024,0,2,32.29,124.45,25.61,21.0,0.48,33.69,119,2024-03-05,1,3,65,0,0.7818314824680297,0.6234898018587336,1.0,6.123233995736766e-17,0.8992961915530253,0.4373400963303323,36.45999999999998,41.480000000000004,12.828837307670991,133.26333333333335,155.30571428571426,45.763306573842804,46.01,20.62,37.0,134.41,88.07,135.02,27.51,36.47,39.12,22.96,26.26,25.75,0.42,0.42,0.45,30.43,29.67,29.74
6,3,2024,0,3,35.44,144.44,26.61,21.0,0.56,30.6,121,2024-03-06,2,3,66,0,0.9749279121818236,-0.22252093395631434,1.0,6.123233995736766e-17,0.9066860720977985,0.4218060770826634,40.34999999999997,40.80714285714286,13.220507698630495,145.39000000000001,153.79571428571427,46.70882424023171,32.29,42.75,37.13,124.45,177.31,148.66,25.61,26.01,35.62,21.0,26.18,25.76,0.48,0.34,0.45,33.69,28.86,29.88
7,3,2024,0,4,39.2,161.43,30.67,21.29,0.63,33.31,143,2024-03-07,3,3,67,0,0.43388373911755823,-0.900968867902419,1.0,6.123233995736766e-17,0.9138076496466615,0.40614723863057883,37.913333333333306,40.56571428571429,13.313951150508236,134.43333333333334,153.19285714285712,46.81327330088074,35.44,46.01,43.28,144.44,134.41,167.64,26.61,27.51,38.41,21.0,22.96,26.58,0.56,0.42,0.49,30.6,30.43,29.55
8,3,2024,1,5,42.02,164.19,30.47,21.52,0.59,36.94,149,2024-03-08,4,3,68,0,-0.433883739117558,-0.9009688679024191,1.0,6.123233995736766e-17,0.9206588168102428,0.3903682146763026,35.64333333333332,39.98285714285714,13.264536320940438,143.44,152.30571428571426,46.551972338146165,39.2,32.29,63.57,161.43,124.45,236.03,30.67,25.61,53.2,21.29,21.0,26.69,0.63,0.48,0.81,33.31,33.69,33.53
9,3,2024,0,6,38.21,137.57,26.92,21.49,0.52,34.86,124,2024-03-09,5,3,69,1,-0.9749279121818236,-0.2225209339563146,1.0,6.123233995736766e-17,0.9272375462179537,0.374473674486883,38.88666666666665,36.90428571428571,8.535621159086936,156.68666666666667,142.04285714285714,29.99086900724329,42.02,35.44,20.62,164.19,144.44,88.07,30.47,26.61,36.47,21.52,21.0,26.26,0.59,0.56,0.42,36.94,30.6,29.67
10,3,2024,1,7,66.15,181.71,30.22,21.63,0.66,31.11,143,2024-03-10,6,3,70,1,-0.7818314824680299,0.6234898018587334,1.0,6.123233995736766e-17,0.9335418911179212,0.35846832151248087,39.80999999999998,39.41714285714285,4.645190036609347,154.39666666666668,149.1142857142857,18.94560094687402,38.21,39.2,42.75,137.57,161.43,177.31,26.92,30.67,26.01,21.49,21.29,26.18,0.52,0.63,0.34,34.86,33.31,28.86
11,3,2024,0,1,76.01,211.71,34.02,21.78,0.82,35.36,175,2024-03-11,0,3,71,0,0.0,1.0,1.0,6.123233995736766e-17,0.9395699859530622,0.342356891994542,48.793333333333315,42.76,11.215923204683508,161.15666666666667,149.74285714285716,20.076235299717474,66.15,42.02,46.01,181.71,164.19,134.41,30.22,30.47,27.51,21.63,21.52,22.96,0.66,0.59,0.42,31.11,36.94,30.43
12,3,2024,0,2,72.79,187.56,28.53,21.92,0.7,39.58,170,2024-03-12,1,3,72,0,0.7818314824680297,0.6234898018587336,1.0,6.123233995736766e-17,0.945320046913132,0.3261441535642696,60.12333333333331,47.04571428571428,16.937188724956304,176.99666666666667,160.78571428571428,29.35287825588581,76.01,38.21,32.29,211.71,137.57,124.45,34.02,26.92,25.61,21.78,21.49,21.0,0.82,0.52,0.48,35.36,34.86,33.69
13,3,2024,0,3,76.89,213.65,29.48,21.97,0.78,34.42,173,2024-03-13,2,3,73,0,0.9749279121818236,-0.22252093395631434,1.0,6.123233995736766e-17,0.9507903724625832,0.3098349038318025,71.64999999999999,52.83142857142857,17.944014255987238,193.66,169.8014285714286,25.81067377951354,72.79,66.15,35.44,187.56,181.71,144.44,28.53,30.22,26.61,21.92,21.63,21.0,0.7,0.66,0.56,39.58,31.11,30.6
14,3,2024,0,4,72.07,192.86,28.96,22.29,0.73,40.57,170,2024-03-14,3,3,74,0,0.43388373911755823,-0.900968867902419,1.0,6.123233995736766e-17,0.9559793438440766,0.2934339689665273,75.22999999999998,58.75285714285714,18.08699230044113,204.30666666666664,179.6885714285714,27.66571670773164,76.89,76.01,39.2,213.65,211.71,161.43,29.48,34.02,30.67,21.97,21.78,21.29,0.78,0.82,0.63,34.42,35.36,33.31
15,3,2024,0,5,53.91,154.0,23.63,22.09,0.49,37.75,133,2024-03-15,4,3,75,0,-0.433883739117558,-0.9009688679024191,1.0,6.123233995736766e-17,0.9608854255574977,0.27694620226893646,73.91666666666664,63.44857142857143,16.347883072508427,198.02333333333334,184.17857142857142,26.74366493743504,72.07,72.79,42.02,192.86,187.56,164.19,28.96,28.53,30.47,22.29,21.92,21.52,0.73,0.7,0.59,40.57,39.58,36.94
16,3,2024,0,6,65.62,172.51,27.06,22.29,0.58,38.8,158,2024-03-16,5,3,76,1,-0.9749279121818236,-0.2225209339563146,1.0,6.123233995736766e-17,0.9655071658143364,0.2603764827344581,67.6233333333333,65.14714285714287,14.230977612572882,186.83666666666667,182.72285714285718,28.248041651465613,53.91,76.89,38.21,154.0,213.65,137.57,23.63,29.48,26.92,22.09,21.97,21.49,0.49,0.78,0.52,37.75,34.42,34.86
17,3,2024,1,7,81.21,218.49,27.77,22.2,0.69,34.98,179,2024-03-17,6,3,77,1,-0.7818314824680299,0.6234898018587334,1.0,6.123233995736766e-17,0.969843196967294,0.24372971360968387,63.866666666666646,69.06285714285715,7.983405109530915,173.12333333333333,187.71428571428575,21.129886304430762,65.62,72.07,66.15,172.51,192.86,181.71,27.06,28.96,30.22,22.29,22.29,21.63,0.58,0.73,0.66,38.8,40.57,31.11
18,3,2024,0,1,88.8,246.58,28.33,22.4,0.75,34.18,217,2024-03-18,0,3,78,0,0.0,1.0,1.0,6.123233995736766e-17,0.9738922359149924,0.22701082094141845,66.91333333333331,71.21428571428571,9.028439985482319,181.66666666666666,192.96857142857147,23.793112048499516,81.21,53.91,76.01,218.49,154.0,211.71,27.77,23.63,34.02,22.2,22.09,21.78,0.69,0.49,0.82,34.98,37.75,35.36
19,3,2024,0,2,136.11,304.75,32.55,22.65,0.95,31.97,264,2024-03-19,1,3,79,0,0.7818314824680297,0.6234898018587336,1.0,6.123233995736766e-17,0.9776530844816641,0.21022475211898356,78.54333333333331,73.04142857142857,11.194981656337895,212.52666666666667,197.95000000000002,30.94596042566356,88.8,65.62,72.79,246.58,172.51,187.56,28.33,27.06,28.53,22.4,22.29,21.92,0.75,0.58,0.7,34.18,38.8,39.58
20,3,2024,0,3,108.1,268.26,32.93,22.81,0.85,37.18,242,2024-03-20,2,3,80,0,0.9749279121818236,-0.22252093395631434,1.0,6.123233995736766e-17,0.981124629771712,0.19337647441020586,102.03999999999998,82.08714285714287,26.32100727194066,256.6066666666667,214.6914285714286,50.13693695888396,136.11,81.21,76.89,304.75,218.49,213.65,32.55,27.77,29.48,22.65,22.2,21.97,0.95,0.69,0.78,31.97,34.98,34.42
21,3,2024,0,4,82.11,197.74,34.31,22.78,0.8,38.02,170,2024-03-21,3,3,81,0,0.43388373911755823,-0.900968867902419,1.0,6.123233995736766e-17,0.984305844499033,0.17647097349152166,111.00333333333333,86.5457142857143,27.890497101548018,273.19666666666666,222.49285714285716,54.04434281658203,108.1,88.8,72.07,268.26,246.58,192.86,32.93,28.33,28.96,22.81,22.4,22.29,0.85,0.75,0.73,37.18,34.18,40.57
22,3,2024,0,5,81.8,193.7,33.85,22.84,0.87,50.3,147,2024-03-22,4,3,82,0,-0.433883739117558,-0.9009688679024191,1.0,6.123233995736766e-17,0.9871957872910085,0.15951325197263655,108.77333333333331,87.98,27.273332518537163,256.9166666666667,223.19,53.628259963070946,82.11,136.11,53.91,197.74,304.75,154.0,34.31,32.55,23.63,22.78,22.65,22.09,0.8,0.95,0.49,38.02,31.97,37.75
23,3,2024,0,6,94.37,232.26,27.84,22.86,0.85,40.47,233,2024-03-23,5,3,83,1,-0.9749279121818236,-0.2225209339563146,1.0,6.123233995736766e-17,0.9897936029670716,0.14250832791617085,90.66999999999997,91.96428571428571,23.19954658834505,219.9,228.86142857142858,46.7496700268472,81.8,108.1,65.62,193.7,268.26,172.51,33.85,32.93,27.06,22.84,22.81,22.29,0.87,0.85,0.58,50.3,37.18,38.8
24,3,2024,1,7,93.02,237.57,23.32,22.93,0.68,36.57,207,2024-03-24,6,3,84,1,-0.7818314824680299,0.6234898018587334,1.0,6.123233995736766e-17,0.992098522791769,0.12546123335273648,86.09333333333332,96.07142857142857,20.09560269360137,207.9,237.39714285714285,39.66368562227794,94.37,82.11,81.21,232.26,197.74,218.49,27.84,34.31,27.77,22.86,22.78,22.2,0.85,0.8,0.69,40.47,38.02,34.98
25,3,2024,1,1,83.81,185.35,19.26,23.15,0.74,37.95,193,2024-03-25,0,3,85,0,0.0,1.0,1.0,6.123233995736766e-17,0.9941098647022418,0.10837701279187607,89.72999999999998,97.75857142857141,19.111617259817276,221.17666666666665,240.12285714285713,38.79388040842132,93.02,81.8,88.8,237.57,193.7,246.58,23.32,33.85,28.33,22.93,22.84,22.4,0.68,0.87,0.75,36.57,50.3,34.18
26,3,2024,0,2,68.2,149.41,20.65,23.19,0.61,39.49,108,2024-03-26,1,3,86,0,0.7818314824680297,0.6234898018587336,1.0,6.123233995736766e-17,0.9958270335100595,0.09126072172931188,90.39999999999998,97.0457142857143,19.588572227316444,218.39333333333332,231.37571428571428,43.68938576555493,83.81,94.37,136.11,185.35,232.26,304.75,19.26,27.84,32.55,23.15,22.86,22.65,0.74,0.85,0.95,37.95,40.47,31.97
27,3,2024,0,3,74.56,170.6,20.34,23.61,0.81,43.59,175,2024-03-27,2,3,87,0,0.9749279121818236,-0.22252093395631434,1.0,6.123233995736766e-17,0.9972495210773451,0.07411742515094435,81.67666666666665,87.3442857142857,12.579783857634114,190.77666666666664,209.18428571428572,39.4545108773571,68.2,93.02,108.1,149.41,237.57,268.26,20.65,23.32,32.93,23.19,22.93,22.81,0.61,0.68,0.85,39.49,36.57,37.18
28,3,2024,0,4,70.45,157.24,19.36,23.82,0.59,51.82,138,2024-03-28,3,3,88,0,0.43388373911755823,-0.900968867902419,1.0,6.123233995736766e-17,0.998376906467142,0.056952196034039754,75.52333333333331,82.55285714285715,9.322370432257014,168.45333333333335,195.2328571428571,31.560157220926428,74.56,83.81,82.11,170.6,185.35,197.74,20.34,19.26,34.31,23.61,23.15,22.78,0.81,0.74,0.8,43.59,37.95,38.02
29,3,2024,1,5,98.41,227.94,10.69,25.27,0.96,27.97,189,2024-03-29,4,3,89,0,-0.433883739117558,-0.9009688679024191,1.0,6.123233995736766e-17,0.9992088560679753,0.03977011384605573,71.06999999999998,80.88714285714286,10.394712941822217,159.08333333333334,189.44714285714284,34.59072887074799,70.45,68.2,81.8,157.24,149.41,193.7,19.36,20.65,33.85,23.82,23.19,22.84,0.59,0.61,0.87,51.82,39.49,50.3
30,3,2024,0,6,82.81,195.04,10.36,26.25,1.05,69.12,176,2024-03-30,5,3,90,1,-0.9749279121818236,-0.2225209339563146,1.0,6.123233995736766e-17,0.9997451236925734,0.022576263041545485,81.13999999999999,83.26,12.349793520542333,185.26,194.3385714285714,37.58377727538553,98.41,74.56,94.37,227.94,170.6,232.26,10.69,20.34,27.84,25.27,23.61,22.86,0.96,0.81,0.85,27.97,43.59,40.47
31,3,2024,1,7,81.63,198.64,7.14,26.14,0.93,58.41,222,2024-03-31,6,3,91,1,-0.7818314824680299,0.6234898018587334,1.0,6.123233995736766e-17,0.9999855506507186,0.005375731557583884,83.88999999999999,81.60857142857142,11.348893380079405,193.40666666666667,189.02142857142854,33.763380275368206,82.81,70.45,93.02,195.04,157.24,237.57,10.36,19.36,23.32,26.25,23.82,22.93,1.05,0.59,0.68,69.12,51.82,36.57
1,4,2024,0,1,55.38,135.4,6.66,25.97,0.6,42.98,120,2024-04-01,0,4,92,0,0.0,1.0,0.8660254037844388,-0.4999999999999998,0.9999300657962057,-0.011826390691832589,87.61666666666666,79.98142857142857,10.19829140685226,207.20666666666662,183.46,26.95317482845783,81.63,98.41,83.81,198.64,227.94,185.35,7.14,10.69,19.26,26.14,25.27,23.15,0.93,0.96,0.74,58.41,27.97,37.95
2,4,2024,0,2,74.54,181.94,9.52,25.85,0.65,42.76,145,2024-04-02,1,4,93,0,0.7818314824680297,0.6234898018587336,0.8660254037844388,-0.4999999999999998,0.9995786855478958,-0.029025013321975237,73.27333333333331,75.92,13.534750336326683,176.36,176.3242857142857,32.42582399731496,55.38,82.81,68.2,135.4,195.04,149.41,6.66,10.36,20.65,25.97,26.25,23.19,0.6,1.05,0.61,42.98,69.12,39.49
3,4,2024,0,3,97.29,229.66,14.65,26.29,0.87,59.09,146,2024-04-03,2,4,94,0,0.9749279121818236,-0.22252093395631434,0.8660254037844388,-0.4999999999999998,0.9989315138848577,-0.046215046983708354,70.51666666666664,76.82571428571428,13.138369834374071,171.99333333333334,180.97142857142856,30.178884134757677,74.54,81.63,74.56,181.94,198.64,170.6,9.52,7.14,20.34,25.85,26.14,23.61,0.65,0.93,0.81,42.76,58.41,43.59
4,4,2024,0,4,67.26,174.75,12.76,26.34,0.68,52.26,159,2024-04-04,3,4,95,0,0.43388373911755823,-0.900968867902419,0.8660254037844388,-0.4999999999999998,0.9979887423155984,-0.06339140486951039,75.73666666666666,80.07285714285715,15.141260090986028,182.33333333333334,189.40857142857143,34.711436841754654,97.29,55.38,70.45,229.66,135.4,157.24,14.65,6.66,19.36,26.29,25.97,23.82,0.87,0.6,0.59,59.09,42.98,51.82
5,4,2024,0,5,66.6,172.58,11.18,26.87,0.63,50.86,161,2024-04-05,4,4,96,0,-0.433883739117558,-0.9009688679024191,0.8660254037844388,-0.4999999999999998,0.9967506498213929,-0.08054900421874167,79.69666666666664,79.61714285714285,15.522364203826024,195.45000000000002,191.91000000000003,32.5718687418055,67.26,74.54,98.41,174.75,181.94,227.94,12.76,9.52,10.69,26.34,25.85,25.27,0.68,0.65,0.96,52.26,42.76,27.97
6,4,2024,0,6,76.92,199.97,12.01,26.39,0.65,52.36,167,2024-04-06,5,4,97,1,-0.9749279121818236,-0.2225209339563146,0.8660254037844388,-0.4999999999999998,0.9952176027737294,-0.09768276782171599,77.04999999999998,75.07285714285715,13.64663293549801,192.33,184.00142857142856,28.876834099657234,66.6,97.29,82.81,172.58,229.66,195.04,11.18,14.65,10.36,26.87,26.29,26.25,0.63,0.87,1.05,50.86,59.09,69.12
7,4,2024,1,7,129.98,358.42,16.13,26.96,1.28,29.7,229,2024-04-07,6,4,98,1,-0.7818314824680299,0.6234898018587334,0.8660254037844388,-0.4999999999999998,0.9933900548258936,-0.11478762552212701,70.25999999999999,74.23142857142857,13.266348943313028,182.4333333333333,184.7057142857143,29.24865344885995,76.92,67.26,81.63,199.97,174.75,198.64,12.01,12.76,7.14,26.39,26.34,26.14,0.65,0.68,0.93,52.36,52.26,58.41
8,4,2024,0,1,79.64,248.75,11.45,26.27,0.56,85.91,212,2024-04-08,0,4,99,0,0.0,1.0,0.8660254037844388,-0.4999999999999998,0.9912685467787256,-0.13185851571739118,91.16666666666663,81.13857142857144,25.08379319306412,243.65666666666667,207.53142857142856,72.4204143476532,129.98,66.6,55.38,358.42,172.58,135.4,16.13,11.18,6.66,26.96,26.87,25.97,1.28,0.63,0.6,29.7,50.86,42.98
9,4,2024,0,2,80.33,209.65,17.74,26.89,0.9,56.1,203,2024-04-09,1,4,100,0,0.7818314824680297,0.6234898018587336,0.8660254037844388,-0.4999999999999998,0.9888537064205883,-0.1488903868564548,95.5133333333333,84.60428571428572,22.471624965085592,269.0466666666667,223.72428571428574,65.99099152084933,79.64,76.92,74.54,248.75,199.97,181.94,11.45,12.01,9.52,26.27,26.39,25.85,0.56,0.65,0.65,85.91,52.36,42.76
10,4,2024,0,3,125.24,347.63,17.27,28.4,1.26,67.4,242,2024-04-10,2,4,101,0,0.9749279121818236,-0.22252093395631434,0.8660254037844388,-0.4999999999999998,0.986146248341595,-0.16587819893463143,96.64999999999998,85.43142857142858,22.143599849296045,272.27333333333337,227.68285714285713,63.86356909179834,80.33,129.98,97.29,209.65,358.42,229.66,17.74,16.13,14.65,26.89,26.96,26.29,0.9,1.28,0.87,56.1,29.7,59.09
11,4,2024,1,4,111.56,299.64,11.89,28.13,1.4,68.87,269,2024-04-11,3,4,102,0,0.43388373911755823,-0.900968867902419,0.8660254037844388,-0.4999999999999998,0.9831469737221499,-0.18281692498501992,95.06999999999998,89.42428571428572,26.691229431621515,268.6766666666667,244.53571428571428,78.38644565168643,125.24,79.64,67.26,347.63,248.75,174.75,17.27,11.45,12.76,28.4,26.27,26.34,1.26,0.56,0.68,67.4,85.91,52.26
12,4,2024,0,5,117.36,307.13,14.29,29.8,1.23,46.89,230,2024-04-12,4,4,103,0,-0.433883739117558,-0.9009688679024191,0.8660254037844388,-0.4999999999999998,0.9798567700958665,-0.1997015525660636,105.70999999999998,95.75285714285714,25.796992534199692,285.64,262.3771428571428,73.94235315755243,111.56,80.33,66.6,299.64,209.65,172.58,11.89,17.74,11.18,28.13,26.89,26.87,1.4,0.9,0.63,68.87,56.1,50.86
13,4,2024,0,6,71.35,202.41,12.02,27.64,1.0,68.71,195,2024-04-13,5,4,104,1,-0.9749279121818236,-0.2225209339563146,0.8660254037844388,-0.4999999999999998,0.9762766110869321,-0.2165270852448144,118.05333333333333,103.00428571428571,23.24437556137241,318.1333333333333,281.59857142857146,63.453234335367384,117.36,125.24,76.92,307.13,347.63,199.97,14.29,17.27,12.01,29.8,28.4,26.39,1.23,1.26,0.65,46.89,67.4,52.36
14,4,2024,1,7,47.93,121.73,9.4,27.72,0.67,41.3,130,2024-04-14,6,4,105,1,-0.7818314824680299,0.6234898018587334,0.8660254037844388,-0.4999999999999998,0.9724075561219968,-0.2332885440754552,100.08999999999997,102.20857142857143,24.35493682231755,269.72666666666663,281.94714285714286,62.93466631205351,71.35,111.56,129.98,202.41,299.64,358.42,12.02,11.89,16.13,27.64,28.13,26.96,1.0,1.4,1.28,68.71,68.87,29.7
15,4,2024,0,1,91.4,208.54,9.69,28.3,0.95,91.84,240,2024-04-15,0,4,106,0,0.0,1.0,0.8660254037844388,-0.4999999999999998,0.9682507501166718,-0.2499809690726521,78.87999999999998,90.48714285714286,28.202084860453507,210.42333333333332,248.1342857142857,77.00963486411808,47.93,117.36,79.64,121.73,307.13,248.75,9.4,14.29,11.45,27.72,29.8,26.27,0.67,1.23,0.56,41.3,46.89,85.91
16,4,2024,0,2,110.81,330.39,10.23,28.46,1.17,64.89,268,2024-04-16,1,4,107,0,0.7818314824680297,0.6234898018587336,0.8660254037844388,-0.4999999999999998,0.9638074231367307,-0.26659942067929354,70.22666666666665,92.16714285714286,27.795567820719565,177.56000000000003,242.39000000000001,78.4423926628115,91.4,71.35,80.33,208.54,202.41,209.65,9.69,12.02,17.74,28.3,27.64,26.89,0.95,1.0,0.9,91.84,68.71,56.1
17,4,2024,1,3,111.72,724.37,7.82,28.44,0.49,77.58,367,2024-04-17,2,4,108,0,0.9749279121818236,-0.22252093395631434,0.8660254037844388,-0.4999999999999998,0.9590788900341131,-0.28313898122818354,83.37999999999998,96.52142857142857,28.01868747138379,220.22000000000003,259.6385714285714,83.1752704491289,110.81,47.93,125.24,330.39,121.73,347.63,10.23,9.4,17.27,28.46,27.72,28.4,1.17,0.67,1.26,64.89,41.3,67.4
18,4,2024,0,4,69.16,179.04,8.01,28.7,0.57,68.78,178,2024-04-18,3,4,109,0,0.43388373911755823,-0.900968867902419,0.8660254037844388,-0.4999999999999998,0.9540665500578387,-0.2995947563972602,104.64333333333332,94.59,26.110050427629673,421.09999999999997,313.4585714285714,195.56133568342614,111.72,91.4,111.56,724.37,208.54,299.64,7.82,9.69,11.89,28.44,28.3,28.13,0.49,0.95,1.4,77.58,91.84,68.87
19,4,2024,0,5,90.05,243.93,8.54,28.76,0.77,51.72,177,2024-04-19,4,4,110,0,-0.433883739117558,-0.9009688679024191,0.8660254037844388,-0.4999999999999998,0.9487718864399473,-0.31596187665790293,97.22999999999998,88.53285714285714,26.433216297105314,411.26666666666665,296.23,202.18186936518316,69.16,110.81,117.36,179.04,330.39,307.13,8.01,10.23,14.29,28.7,28.46,29.8,0.57,1.17,1.23,68.78,64.89,46.89
20,4,2024,0,6,74.17,194.12,5.48,28.71,0.56,85.99,194,2024-04-20,5,4,111,1,-0.9749279121818236,-0.2225209339563146,0.8660254037844388,-0.4999999999999998,0.9431964659565866,-0.33223549871590435,90.30999999999999,84.63142857142857,23.29892374379291,382.44666666666666,287.2014285714286,203.02336650646654,90.05,111.72,71.35,243.93,724.37,202.41,8.54,7.82,12.02,28.76,28.44,27.64,0.77,0.49,1.0,51.72,77.58,68.71
21,4,2024,1,7,51.68,136.82,4.82,28.32,0.49,104.63,131,2024-04-21,6,4,112,1,-0.7818314824680299,0.6234898018587334,0.8660254037844388,-0.4999999999999998,0.9373419384643772,-0.3484108069446808,77.79333333333331,85.03428571428572,23.054096423516395,205.6966666666667,286.01714285714286,203.6237021005729,74.17,69.16,47.93,194.12,179.04,121.73,5.48,8.01,9.4,28.71,28.7,27.72,0.56,0.57,0.67,85.99,68.78,41.3
22,4,2024,0,1,41.15,113.59,4.74,28.1,0.51,98.62,106,2024-04-22,0,4,113,0,0.0,1.0,0.8660254037844388,-0.4999999999999998,0.9312100364121947,-0.3644830148102912,71.96666666666665,85.57000000000001,22.07079367248407,191.62333333333333,288.17285714285714,201.6650129723618,51.68,90.05,91.4,136.82,243.93,208.54,4.82,8.54,9.69,28.32,28.76,28.3,0.49,0.77,0.95,104.63,51.72,91.84
23,4,2024,0,2,93.78,263.09,7.07,29.37,0.73,88.43,233,2024-04-23,1,4,114,0,0.7818314824680297,0.6234898018587336,0.8660254037844388,-0.4999999999999998,0.9248025743285089,-0.38044736628785164,55.66666666666665,78.39142857142858,27.38960838747198,148.17666666666665,274.60857142857145,210.89591346037437,41.15,74.17,110.81,113.59,194.12,330.39,4.74,5.48,10.23,28.1,28.71,28.46,0.51,0.56,1.17,98.62,85.99,64.89
24,4,2024,0,3,106.91,194.36,7.55,28.96,0.9,86.02,214,2024-04-24,2,4,115,0,0.9749279121818236,-0.22252093395631434,0.8660254037844388,-0.4999999999999998,0.9181214482844365,-0.39629913726891813,62.20333333333332,75.95857142857143,24.64939717219081,171.16666666666666,264.9942857142857,209.4582640095749,93.78,51.68,111.72,263.09,136.82,724.37,7.07,4.82,7.82,29.37,28.32,28.44,0.73,0.49,0.49,88.43,104.63,77.58
25,4,2024,0,4,88.55,248.08,6.56,31.63,0.79,101.9,204,2024-04-25,3,4,116,0,0.43388373911755823,-0.900968867902419,0.8660254037844388,-0.4999999999999998,0.9111686353326631,-0.41203363695942635,80.6133333333333,75.27142857142857,23.52786534344063,190.34666666666666,189.27857142857144,53.33800378359808,106.91,41.15,69.16,194.36,113.59,179.04,7.55,4.74,8.01,28.96,28.1,28.7,0.9,0.51,0.57,86.02,98.62,68.78
26,4,2024,0,5,73.65,194.4,8.13,29.53,0.8,102.47,223,2024-04-26,4,4,117,0,-0.433883739117558,-0.9009688679024191,0.8660254037844388,-0.4999999999999998,0.9039461929224011,-0.42764620926777464,96.41333333333331,78.04142857142857,23.827936285357893,235.17666666666665,199.14142857142858,57.36070647768484,88.55,93.78,90.05,248.08,263.09,243.93,6.56,7.07,8.54,31.63,29.37,28.76,0.79,0.73,0.77,101.9,88.43,51.72
27,4,2024,0,6,82.34,230.87,6.06,28.99,0.64,89.65,173,2024-04-27,5,4,118,1,-0.9749279121818236,-0.2225209339563146,0.8660254037844388,-0.4999999999999998,0.8964562582905575,-0.44313223418263453,89.7033333333333,75.69857142857143,23.24965693551358,212.28,192.06571428571428,53.86326635012804,73.65,106.91,74.17,194.4,194.36,194.12,8.13,7.55,5.48,29.53,28.96,28.71,0.8,0.9,0.56,102.47,86.02,85.99
28,4,2024,1,7,64.9,167.4,5.1,29.41,0.62,99.76,222,2024-04-28,6,4,119,1,-0.7818314824680299,0.6234898018587334,0.8660254037844388,-0.4999999999999998,0.8887010478292915,-0.45848712914008766,81.51333333333332,76.86571428571429,23.364915904794575,224.45000000000002,197.31571428571428,55.85117690707002,82.34,88.55,51.68,230.87,248.08,136.82,6.06,6.56,4.82,28.99,31.63,28.32,0.64,0.79,0.49,89.65,101.9,104.63
29,4,2024,0,1,94.34,244.66,6.1,30.67,0.71,103.21,218,2024-04-29,0,4,120,0,0.0,1.0,0.8660254037844388,-0.4999999999999998,0.8806828564301475,-0.47370635037968,73.62999999999998,78.75428571428571,21.44530629076651,197.55666666666664,201.68428571428572,51.34483318931089,64.9,73.65,41.15,167.4,194.4,113.59,5.1,8.13,4.74,29.41,29.53,28.1,0.62,0.8,0.51,99.76,102.47,98.62
30,4,2024,0,2,75.9,204.31,5.12,30.0,0.63,72.39,178,2024-04-30,1,4,121,0,0.7818314824680297,0.6234898018587336,0.8660254037844388,-0.4999999999999998,0.8724040568049612,-0.48878539428899265,80.52666666666666,86.35285714285715,14.047960367121597,214.31000000000003,220.40857142857143,35.23697888514895,94.34,82.34,93.78,244.66,230.87,263.09,6.1,6.06,7.07,30.67,28.99,29.37,0.71,0.64,0.73,103.21,89.65,88.43
1,5,2024,0,3,77.86,226.19,5.08,30.0,0.57,83.47,191,2024-05-01,2,5,122,0,0.9749279121818236,-0.22252093395631434,0.49999999999999994,-0.8660254037844387,0.8638670987837349,-0.503719798736334,78.37999999999998,83.79857142857144,14.097873868746165,205.45666666666668,212.01142857142858,29.982616312664238,75.9,64.9,106.91,204.31,167.4,194.36,5.12,5.1,7.55,30.0,29.41,28.96,0.63,0.62,0.9,72.39,99.76,86.02
2,5,2024,0,4,94.57,239.55,20.93,30.73,0.72,90.4,191,2024-05-02,3,5,123,0,0.43388373911755823,-0.900968867902419,0.49999999999999994,-0.8660254037844387,0.8550745085896932,-0.5185051443911569,82.69999999999999,79.64857142857143,9.773018006348336,225.05333333333337,216.5585714285714,29.26450377082168,77.86,94.34,88.55,226.19,244.66,248.08,5.08,6.1,6.56,30.0,30.67,31.63,0.57,0.71,0.79,83.47,103.21,101.9
3,5,2024,0,5,127.5,448.43,27.06,33.22,0.95,91.32,301,2024-05-03,4,5,124,0,-0.433883739117558,-0.9009688679024191,0.49999999999999994,-0.8660254037844387,0.846028888091734,-0.5331370560318089,82.77666666666664,80.50857142857144,10.888125685920828,223.35,215.34,27.877942296136617,94.57,75.9,73.65,239.55,204.31,194.4,20.93,5.12,8.13,30.73,30.0,29.53,0.72,0.63,0.8,90.4,72.39,102.47
4,5,2024,0,6,122.0,356.84,36.93,35.75,1.28,96.53,281,2024-05-04,5,5,125,1,-0.9749279121818236,-0.2225209339563146,0.49999999999999994,-0.8660254037844387,0.8367329140344921,-0.5476112038402311,99.97666666666665,88.20142857142856,20.241054343892515,304.72333333333336,251.62999999999997,90.67965023458514,127.5,77.86,82.34,448.43,226.19,230.87,27.06,5.08,6.06,33.22,30.0,28.99,0.95,0.57,0.64,91.32,83.47,89.65
5,5,2024,1,7,153.83,427.0,35.82,39.64,1.7,84.36,294,2024-05-05,6,5,126,1,-0.7818314824680299,0.6234898018587334,0.49999999999999994,-0.8660254037844387,0.8271893372462497,-0.5619233046832195,114.68999999999998,93.86714285714285,23.5990343829902,348.2733333333333,269.6257142857143,98.07143669406555,122.0,94.57,64.9,356.84,239.55,167.4,36.93,20.93,5.1,35.75,30.73,29.41,1.28,0.72,0.62,96.53,90.4,99.76
6,5,2024,0,1,121.52,293.6,29.25,33.11,1.0,98.86,248,2024-05-06,0,5,127,0,0.0,1.0,0.49999999999999994,-0.8660254037844387,0.8174009818249189,-0.5760691233798758,134.4433333333333,106.57142857142857,28.775404097117608,410.75666666666666,306.7114285714286,101.97806781012129,153.83,127.5,94.34,427.0,448.43,244.66,35.82,27.06,6.1,39.64,33.22,30.67,1.7,0.95,0.71,84.36,91.32,103.21
7,5,2024,0,2,157.49,369.89,29.94,33.33,1.42,73.35,310,2024-05-07,1,5,128,0,0.7818314824680297,0.6234898018587336,0.49999999999999994,-0.8660254037844387,0.8073707443023492,-0.5900444739548626,132.44999999999996,110.4542857142857,28.683500400720405,359.1466666666667,313.70285714285717,98.63782839497313,121.52,122.0,75.9,293.6,356.84,204.31,29.25,36.93,5.12,33.11,35.75,30.0,1.0,1.28,0.63,98.86,96.53,72.39
8,5,2024,0,3,103.65,249.75,21.28,29.76,1.0,82.11,248,2024-05-08,2,5,129,0,0.9749279121818236,-0.22252093395631434,0.49999999999999994,-0.8660254037844387,0.7971015927871943,-0.6038452208771035,144.27999999999997,122.11,28.87856529215688,363.49666666666667,337.35714285714283,87.22580690642046,157.49,153.83,77.86,369.89,427.0,226.19,29.94,35.82,5.08,33.33,39.64,30.0,1.42,1.7,0.57,73.35,84.36,83.47
9,5,2024,0,4,86.88,180.25,14.5,29.87,0.82,95.45,180,2024-05-09,3,5,130,0,0.43388373911755823,-0.900968867902419,0.49999999999999994,-0.8660254037844387,0.7865965660866021,-0.6174672802835514,127.55333333333333,125.7942857142857,23.42192908162769,304.41333333333336,340.72285714285715,82.55062077583757,103.65,121.52,94.57,249.75,293.6,239.55,21.28,29.25,20.93,29.76,33.11,30.73,1.0,1.0,0.72,82.11,98.86,90.4
10,5,2024,0,5,115.57,213.91,13.6,32.73,0.82,102.37,210,2024-05-10,4,5,131,0,-0.433883739117558,-0.9009688679024191,0.49999999999999994,-0.8660254037844387,0.7758587728069828,-0.6309066211876704,116.00666666666666,124.69571428571429,25.240305635460587,266.63,332.2514285714286,96.52362844205045,86.88,157.49,127.5,180.25,369.89,448.43,14.5,29.94,27.06,29.87,33.33,33.22,0.82,1.42,0.95,95.45,73.35,91.32
11,5,2024,0,6,118.86,313.12,7.46,28.01,0.34,102.76,300,2024-05-11,5,5,132,1,-0.9749279121818236,-0.2225209339563146,0.49999999999999994,-0.8660254037844387,0.7648913904341226,-0.6441592666722685,102.0333333333333,122.99142857142859,25.42151544694144,214.63666666666666,298.7485714285714,89.95462586374146,115.57,103.65,122.0,213.91,249.75,356.84,13.6,21.28,36.93,32.73,29.76,35.75,0.82,1.0,1.28,102.37,82.11,96.53
12,5,2024,1,7,95.0,191.29,7.78,29.78,0.57,98.08,174,2024-05-12,6,5,133,1,-0.7818314824680299,0.6234898018587334,0.49999999999999994,-0.8660254037844387,0.753697664392914,-0.6572212950663319,107.10333333333331,122.54285714285716,25.469582979367598,235.76,292.5028571428571,86.7081979427331,118.86,86.88,153.83,313.12,180.25,427.0,7.46,14.5,35.82,28.01,29.87,39.64,0.34,0.82,1.7,102.76,95.45,84.36
13,5,2024,0,1,114.96,245.56,10.94,30.48,0.67,62.08,254,2024-05-13,0,5,134,0,0.0,1.0,0.49999999999999994,-0.8660254037844387,0.7422809070869821,-0.6700888411055113,109.80999999999999,114.13857142857144,23.012668560724272,239.43999999999997,258.83,69.91351967490517,95.0,115.57,121.52,191.29,213.91,293.6,7.78,13.6,29.25,29.78,32.73,33.11,0.57,0.82,1.0,98.08,102.37,98.86
14,5,2024,0,2,134.94,314.93,18.2,31.12,0.75,30.77,258,2024-05-14,1,5,135,0,0.7818314824680297,0.6234898018587336,0.49999999999999994,-0.8660254037844387,0.7306444969184918,-0.6827580970759147,109.60666666666664,113.20142857142856,22.794513542058326,249.99,251.96714285714285,68.27011271761761,114.96,118.86,157.49,245.56,313.12,369.89,10.94,7.46,29.94,30.48,28.01,33.33,0.67,0.34,1.42,62.08,102.76,73.35
15,5,2024,0,3,156.45,321.92,26.59,35.44,1.2,39.86,298,2024-05-15,2,5,136,0,0.9749279121818236,-0.22252093395631434,0.49999999999999994,-0.8660254037844387,0.7187918772884233,-0.6952253139408722,114.96666666666664,109.98,16.103745941033885,250.59333333333333,244.1157142857143,54.147724438842225,134.94,95.0,103.65,314.93,191.29,249.75,18.2,7.78,21.28,31.12,29.78,29.76,0.75,0.57,1.0,30.77,98.08,82.11
16,5,2024,0,4,126.34,280.51,27.22,31.57,1.16,35.71,259,2024-05-16,3,5,137,0,0.43388373911755823,-0.900968867902419,0.49999999999999994,-0.8660254037844387,0.7067265555776158,-0.7074868024503348,135.44999999999996,117.52285714285713,23.37061168382684,294.1366666666667,254.4257142857143,61.738083022054695,156.45,114.96,86.88,321.92,245.56,180.25,26.59,10.94,14.5,35.44,30.48,29.87,1.2,0.67,0.82,39.86,62.08,95.45
17,5,2024,0,5,108.1,243.44,26.87,30.01,0.93,34.19,249,2024-05-17,4,5,138,0,-0.433883739117558,-0.9009688679024191,0.49999999999999994,-0.8660254037844387,0.6944521021088763,-0.719538934232584,139.2433333333333,123.16,19.119922419648244,305.78666666666663,268.74857142857144,52.61794542693959,126.34,134.94,115.57,280.51,314.93,213.91,27.22,18.2,13.6,31.57,31.12,32.73,1.16,0.75,0.82,35.71,30.77,102.37
18,5,2024,0,6,133.35,284.89,33.85,33.22,0.7,38.31,291,2024-05-18,5,5,139,1,-0.9749279121818236,-0.2225209339563146,0.49999999999999994,-0.8660254037844387,0.6819721490904629,-0.7313781428679254,130.29666666666665,122.09285714285714,19.81015119771236,281.95666666666665,272.96714285714285,48.51214546010995,108.1,156.45,118.86,243.44,321.92,313.12,26.87,26.59,7.46,30.01,35.44,28.01,0.93,1.2,0.34,34.19,39.86,102.76
19,5,2024,1,7,114.26,256.32,31.49,32.97,0.56,34.34,244,2024-05-19,6,5,140,1,-0.7818314824680299,0.6234898018587334,0.49999999999999994,-0.8660254037844387,0.6692903895412567,-0.7430009249440493,122.59666666666665,124.16285714285712,20.169821280225186,269.61333333333334,268.9342857142857,45.71036456397433,133.35,126.34,95.0,284.89,280.51,191.29,33.85,27.22,7.78,33.22,31.57,29.78,0.7,1.16,0.57,38.31,35.71,98.08
20,5,2024,0,1,158.03,366.53,30.4,33.13,0.54,36.09,279,2024-05-20,0,5,141,0,0.0,1.0,0.49999999999999994,-0.8660254037844387,0.6564105761979381,-0.7544038410927472,118.56999999999998,126.91428571428571,16.510259292476203,261.54999999999995,278.2242857142857,31.788312766981427,114.26,108.1,114.96,256.32,243.44,245.56,31.49,26.87,10.94,32.97,30.01,30.48,0.56,0.93,0.67,34.34,34.19,62.08
21,5,2024,0,2,125.18,288.44,31.5,31.01,1.18,29.09,275,2024-05-21,1,5,142,0,0.7818314824680297,0.6234898018587336,0.49999999999999994,-0.8660254037844387,0.6433365204044917,-0.765583517007675,135.21333333333334,133.06714285714287,19.13030380860585,302.58,295.5057142857143,42.23622097092446,158.03,133.35,134.94,366.53,284.89,314.93,30.4,33.85,18.2,33.13,33.22,31.12,0.54,0.7,0.75,36.09,38.31,30.77
22,5,2024,0,3,95.22,201.08,34.0,30.52,3.81,28.28,227,2024-05-22,2,5,143,0,0.9749279121818236,-0.22252093395631434,0.49999999999999994,-0.8660254037844387,0.6300720909843687,-0.7765366444428655,132.48999999999998,131.67285714285714,19.325726993041147,303.7633333333333,291.7214285714286,41.38390565931454,125.18,114.26,156.45,288.44,256.32,321.92,31.5,31.49,26.59,31.01,32.97,35.44,1.18,0.56,1.2,29.09,34.34,39.86
23,5,2024,1,4,75.15,154.37,31.13,30.25,1.08,28.01,158,2024-05-23,3,5,144,0,0.43388373911755823,-0.900968867902419,0.49999999999999994,-0.8660254037844387,0.6166212130956382,-0.7872599821916922,126.14333333333332,122.92571428571429,20.084068194420407,285.35,274.4585714285714,50.81606879343436,95.22,158.03,126.34,201.08,366.53,280.51,34.0,30.4,27.22,30.52,33.13,31.57,3.81,0.54,1.16,28.28,36.09,35.71
24,5,2024,0,5,75.25,148.72,30.11,30.53,0.57,29.42,138,2024-05-24,4,5,145,0,-0.433883739117558,-0.9009688679024191,0.49999999999999994,-0.8660254037844387,0.6029878670694714,-0.7977503570459932,98.51666666666665,115.61285714285714,26.82267431004765,214.63,256.43857142857144,67.82973719261386,75.15,125.18,108.1,154.37,288.44,243.44,31.13,31.5,26.87,30.25,31.01,30.01,1.08,1.18,0.93,28.01,29.09,34.19
25,5,2024,0,6,84.83,178.63,30.42,31.13,0.58,29.5,197,2024-05-25,5,5,146,1,-0.9749279121818236,-0.2225209339563146,0.49999999999999994,-0.8660254037844387,0.5891760872322963,-0.8080046647350754,81.87333333333332,110.92,30.91734141222418,168.05666666666667,242.90714285714287,79.32829501808426,75.25,95.22,133.35,148.72,201.08,284.89,30.11,34.0,33.85,30.53,30.52,33.22,0.57,3.81,0.7,29.42,28.28,38.31
26,5,2024,1,7,91.93,198.16,29.25,34.03,0.54,30.34,184,2024-05-26,6,5,147,1,-0.7818314824680299,0.6234898018587334,0.49999999999999994,-0.8660254037844387,0.5751899607119775,-0.8180198708443175,78.40999999999998,103.98857142857143,30.486505992308775,160.57333333333335,227.72714285714284,80.11848969168241,84.83,75.15,114.26,178.63,154.37,256.32,30.42,31.13,31.49,31.13,30.25,32.97,0.58,1.08,0.56,29.5,28.01,34.34
27,5,2024,0,1,120.85,244.94,28.39,33.09,0.93,32.36,251,2024-05-27,0,5,148,0,0.0,1.0,0.49999999999999994,-0.8660254037844387,0.5610336262283677,-0.8277930117131022,84.00333333333333,100.79857142857144,30.40075790095391,175.17,219.41857142857143,79.67357601040479,91.93,75.25,158.03,198.16,148.72,366.53,29.25,30.11,30.4,34.03,30.53,33.13,0.54,0.57,0.54,30.34,29.42,36.09
28,5,2024,0,2,127.62,282.7,27.45,33.88,1.28,37.17,265,2024-05-28,1,5,149,0,0.7818314824680297,0.6234898018587336,0.49999999999999994,-0.8660254037844387,0.5467112728685939,-0.8373211953118121,99.20333333333332,95.48714285714286,20.30755583051672,207.24333333333334,202.04857142857145,49.97470174283943,120.85,84.83,125.18,244.94,178.63,288.44,28.39,30.42,31.5,33.09,31.13,31.01,0.93,0.58,1.18,32.36,29.5,29.09
29,5,2024,0,3,103.57,231.0,28.57,31.59,0.66,32.63,229,2024-05-29,2,5,150,0,0.9749279121818236,-0.22252093395631434,0.49999999999999994,-0.8660254037844387,0.5322271388474397,-0.8466016020976267,113.46666666666665,95.83571428571429,20.914050984241634,241.9333333333333,201.22857142857143,48.341307535954776,127.62,91.93,95.22,282.7,198.16,201.08,27.45,29.25,34.0,33.88,34.03,30.52,1.28,0.54,3.81,37.17,30.34,28.28
30,5,2024,0,4,81.19,244.07,31.15,30.6,0.61,42.61,150,2024-05-30,3,5,151,0,0.43388373911755823,-0.900968867902419,0.49999999999999994,-0.8660254037844387,0.5175855102531889,-0.8556314858488706,117.34666666666665,97.02857142857144,21.110285351436573,252.88,205.50285714285715,49.63151106380131,103.57,120.85,75.15,231.0,244.94,154.37,28.57,28.39,31.13,31.59,33.09,30.25,0.66,0.93,1.08,32.63,32.36,28.01
31,5,2024,0,5,97.29,322.16,31.3,34.41,0.67,72.38,256,2024-05-31,4,5,152,0,-0.433883739117558,-0.9009688679024191,0.49999999999999994,-0.8660254037844387,0.5027907197793043,-0.8644081744776648,104.12666666666665,97.89142857142856,20.169455808699396,252.59,218.31714285714287,45.649270426549286,81.19,127.62,75.25,244.07,282.7,148.72,31.15,27.45,30.11,30.6,33.88,30.53,0.61,1.28,0.57,42.61,37.17,29.42
1,6,2024,0,6,138.23,384.78,30.11,34.62,0.56,61.55,273,2024-06-01,5,6,153,1,-0.9749279121818236,-0.2225209339563146,1.2246467991473532e-16,-1.0,0.4878471454423119,-0.8729290708206411,94.01666666666665,101.04,17.60290979734215,265.74333333333334,243.0942857142857,48.554718911465805,97.29,103.57,84.83,322.16,231.0,178.63,31.3,28.57,30.42,34.41,31.59,31.13,0.67,0.66,0.58,72.38,32.63,29.5
2,6,2024,1,7,59.75,180.47,28.53,33.23,0.74,74.34,180,2024-06-02,6,6,154,1,-0.7818314824680299,0.6234898018587334,1.2246467991473532e-16,-1.0,0.47275920928627757,-0.881191653407483,105.56999999999998,108.66857142857144,20.704833919137823,317.00333333333333,272.5442857142857,63.23691481435591,138.23,81.19,91.93,384.78,244.07,198.16,30.11,31.15,29.25,34.62,30.6,34.03,0.56,0.61,0.54,61.55,42.61,30.34
3,6,2024,0,1,72.46,176.55,28.08,34.13,0.82,73.23,162,2024-06-03,0,6,155,0,0.0,1.0,1.2246467991473532e-16,-1.0,0.4575313760742512,-0.8891934772070711,98.42333333333333,104.07142857142857,27.498641438304045,295.80333333333334,270.01714285714286,66.94947266764842,59.75,97.29,120.85,180.47,322.16,244.94,28.53,31.3,28.39,33.23,34.41,33.09,0.74,0.67,0.93,74.34,72.38,32.36
4,6,2024,0,2,100.2,321.78,29.47,33.24,1.09,76.55,214,2024-06-04,1,6,156,0,0.7818314824680297,0.6234898018587336,1.2246467991473532e-16,-1.0,0.442168151967072,-0.8969321743510065,90.14666666666665,97.15857142857143,28.636516564561603,247.26666666666665,260.2471428571429,75.64441457994684,72.46,138.23,127.62,176.55,384.78,282.7,28.08,30.11,27.45,34.13,34.62,33.88,0.82,0.56,1.28,73.23,61.55,37.17
5,6,2024,0,3,174.68,385.98,26.75,33.55,0.84,61.52,287,2024-06-05,2,6,157,0,0.9749279121818236,-0.22252093395631434,1.2246467991473532e-16,-1.0,0.42667408318992467,-0.9044054548343001,77.46999999999998,93.24142857142859,25.47627682673452,226.26666666666665,265.83,78.94771307644075,100.2,59.75,103.57,321.78,180.47,231.0,29.47,28.53,28.57,33.24,33.23,31.59,1.09,0.74,0.66,76.55,74.34,32.63
6,6,2024,0,4,95.89,192.09,28.02,32.8,0.76,76.98,210,2024-06-06,3,6,158,0,0.43388373911755823,-0.900968867902419,1.2246467991473532e-16,-1.0,0.4110537546870351,-0.9116111071930239,115.77999999999999,103.39999999999999,40.20246592768531,294.77,287.96999999999997,88.68303558178421,174.68,72.46,81.19,385.98,176.55,244.07,26.75,28.08,31.15,33.55,34.13,30.6,0.84,0.82,0.61,61.52,73.23,42.61
7,6,2024,0,5,79.87,283.4,27.39,33.96,0.72,73.87,214,2024-06-07,4,6,159,0,-0.433883739117558,-0.9009688679024191,1.2246467991473532e-16,-1.0,0.3953117887649151,-0.9185469991587165,123.58999999999999,105.5,39.22090344021539,299.95,280.5442857142857,94.92792052519692,95.89,100.2,97.29,192.09,321.78,322.16,28.02,29.47,31.3,32.8,33.24,34.41,0.76,1.09,0.67,76.98,76.55,72.38
8,6,2024,0,6,63.06,240.76,27.02,35.63,0.77,75.39,232,2024-06-08,5,6,160,1,-0.9749279121818236,-0.2225209339563146,1.2246467991473532e-16,-1.0,0.37945284372454435,-0.925211078289358,116.81333333333332,103.01142857142857,40.36462454037874,287.1566666666667,275.00714285714287,93.21080797745256,79.87,174.68,138.23,283.4,385.98,384.78,27.39,26.75,30.11,33.96,33.55,34.62,0.72,0.84,0.56,73.87,61.52,61.55
9,6,2024,1,7,60.8,163.39,27.16,36.19,0.78,87.82,146,2024-06-09,6,6,161,1,-0.7818314824680299,0.6234898018587334,1.2246467991473532e-16,-1.0,0.36348161248290634,-0.9316013725767187,79.60666666666667,92.27285714285713,39.4215844913615,238.75,254.4328571428571,79.8845065734039,63.06,95.89,59.75,240.76,192.09,180.47,27.02,28.02,28.53,35.63,32.8,33.23,0.77,0.76,0.74,75.39,76.98,74.34
10,6,2024,0,1,59.48,154.34,40.46,36.31,0.8,99.56,127,2024-06-10,0,6,162,0,0.0,1.0,1.2246467991473532e-16,-1.0,0.3474028211842774,-0.9377159910299093,67.91,92.42285714285715,39.27894886334859,229.1833333333333,251.99285714285716,82.730313612824,60.8,79.87,72.46,163.39,283.4,176.55,27.16,27.39,28.08,36.19,33.96,34.13,0.78,0.72,0.82,87.82,73.87,73.23
11,6,2024,0,2,116.26,488.18,86.85,43.89,1.03,82.55,290,2024-06-11,1,6,163,0,0.7818314824680297,0.6234898018587336,1.2246467991473532e-16,-1.0,0.3312212278016865,-0.9435531242349544,61.11333333333332,90.56857142857143,40.66051009213252,186.16333333333333,248.81999999999996,86.44826526117623,59.48,63.06,100.2,154.34,240.76,321.78,40.46,27.02,29.47,36.31,35.63,33.24,0.8,0.77,1.09,99.56,75.39,76.55
12,6,2024,0,3,84.83,242.7,86.53,40.23,1.02,80.15,207,2024-06-12,2,6,164,0,0.9749279121818236,-0.22252093395631434,1.2246467991473532e-16,-1.0,0.31494162072895193,-0.9491110448902284,78.84666666666665,92.86285714285714,41.73348244686618,268.63666666666666,272.5914285714286,124.40143198915516,116.26,60.8,174.68,488.18,163.39,385.98,86.85,27.16,26.75,43.89,36.19,33.55,1.03,0.78,0.84,82.55,87.82,61.52
13,6,2024,0,4,88.39,227.61,78.79,37.29,0.8,74.52,181,2024-06-13,3,6,165,0,0.43388373911755823,-0.900968867902419,1.2246467991473532e-16,-1.0,0.2985688173637202,-0.9543881083175908,86.85666666666664,80.02714285714286,21.084332029800827,295.0733333333333,252.12285714285713,113.98690724732181,84.83,59.48,95.89,242.7,154.34,192.09,86.53,40.46,28.02,40.23,36.31,32.8,1.02,0.8,0.76,80.15,99.56,76.98
14,6,2024,0,5,119.33,292.07,20.66,34.18,0.67,65.9,191,2024-06-14,4,6,166,0,-0.433883739117558,-0.9009688679024191,1.2246467991473532e-16,-1.0,0.28210766268191934,-0.9593827529490743,96.49333333333333,78.9557142857143,20.320620772295715,319.49666666666667,257.19714285714286,111.63540936373882,88.39,116.26,79.87,227.61,488.18,283.4,78.79,86.85,27.39,37.29,43.89,33.96,0.8,1.03,0.72,74.52,82.55,73.87
15,6,2024,0,6,75.45,209.51,20.72,34.55,0.71,66.45,225,2024-06-15,5,6,167,1,-0.9749279121818236,-0.2225209339563146,1.2246467991473532e-16,-1.0,0.26556302780405594,-0.9640935007889755,97.51666666666665,84.59285714285714,25.443961768486822,254.12666666666667,258.4357142857143,112.02200362088742,119.33,84.83,63.06,292.07,242.7,240.76,20.66,86.53,27.02,34.18,40.23,35.63,0.67,1.02,0.77,65.9,80.15,75.39
16,6,2024,1,7,78.72,214.94,20.82,36.78,0.83,64.98,186,2024-06-16,6,6,168,1,-0.7818314824680299,0.6234898018587334,1.2246467991473532e-16,-1.0,0.24893980855376655,-0.9685189578512204,94.38999999999999,86.36285714285715,24.091384154427892,243.06333333333336,253.97142857142853,113.45730583624426,75.45,88.39,60.8,209.51,227.61,163.39,20.72,78.79,27.16,34.55,37.29,36.19,0.71,0.8,0.78,66.45,74.52,87.82
17,6,2024,1,1,73.52,190.0,20.71,38.74,0.84,62.7,163,2024-06-17,0,6,169,0,0.0,1.0,1.2246467991473532e-16,-1.0,0.23224292400907015,-0.9726578145718654,91.16666666666667,88.92285714285715,21.761767478988308,238.84,261.3357142857143,108.14665179855596,78.72,119.33,59.48,214.94,292.07,154.34,20.82,20.66,40.46,36.78,34.18,36.31,0.83,0.67,0.8,64.98,65.9,99.56
18,6,2024,0,2,119.43,341.42,20.47,37.67,0.83,50.85,201,2024-06-18,1,6,170,0,0.7818314824680297,0.6234898018587336,1.2246467991473532e-16,-1.0,0.21547731504673012,-0.976508846196619,75.89666666666666,90.92857142857143,19.077268697389844,204.8166666666667,266.43,102.98319345084104,73.52,75.45,116.26,190.0,209.51,488.18,20.71,20.72,86.85,38.74,34.55,43.89,0.84,0.71,1.03,62.7,66.45,82.55
19,6,2024,0,3,136.96,376.58,40.48,35.17,0.76,51.81,353,2024-06-19,2,6,171,0,0.9749279121818236,-0.22252093395631434,1.2246467991473532e-16,-1.0,0.1986479428801711,-0.9800709131432666,90.55666666666666,91.38142857142857,19.802641598679298,248.78666666666666,245.46428571428572,53.239612713700176,119.43,78.72,84.83,341.42,214.94,242.7,20.47,20.82,86.53,37.67,36.78,40.23,0.83,0.83,1.02,50.85,64.98,80.15
20,6,2024,0,4,54.47,126.55,51.43,33.14,0.82,80.74,173,2024-06-20,3,6,172,0,0.43388373911755823,-0.900968867902419,1.2246467991473532e-16,-1.0,0.18175978759137534,-0.9833429613388902,109.96999999999998,98.82857142857144,25.817090869275173,302.6666666666667,264.59,72.6061025901635,136.96,73.52,88.39,376.58,190.0,227.61,40.48,20.71,78.79,35.17,38.74,37.29,0.76,0.84,0.8,51.81,62.7,74.52
21,6,2024,0,5,75.64,182.23,52.63,33.03,1.11,52.8,163,2024-06-21,4,6,173,0,-0.433883739117558,-0.9009688679024191,1.2246467991473532e-16,-1.0,0.16481784665719793,-0.9863240225317866,103.62,93.98285714285716,30.804451904601176,281.5166666666667,250.15285714285713,89.3106753070961,54.47,119.43,119.33,126.55,341.42,292.07,51.43,20.47,20.66,33.14,37.67,34.18,0.82,0.83,0.67,80.74,50.85,65.9
22,6,2024,0,6,84.39,172.96,54.91,32.99,1.33,56.11,169,2024-06-22,5,6,174,1,-0.9749279121818236,-0.2225209339563146,1.2246467991473532e-16,-1.0,0.14782713347053048,-0.9890132145779883,89.02333333333333,87.74142857142859,29.196975544607525,228.4533333333333,234.46142857142857,90.3615898171659,75.64,136.96,75.45,182.23,376.58,209.51,52.63,40.48,20.72,33.03,35.17,34.55,1.11,0.76,0.71,52.8,51.81,66.45
23,6,2024,1,7,76.36,145.92,54.21,33.04,1.23,59.68,155,2024-06-23,6,6,175,1,-0.7818314824680299,0.6234898018587334,1.2246467991473532e-16,-1.0,0.1307926758567592,-0.9914097417023038,71.49999999999999,89.01857142857143,28.761998903977624,160.58,229.23999999999998,93.05939877304188,84.39,54.47,78.72,172.96,126.55,214.94,54.91,51.43,20.82,32.99,33.14,36.78,1.33,0.82,0.83,56.11,80.74,64.98
24,6,2024,0,1,62.69,127.83,52.71,33.27,1.18,55.03,116,2024-06-24,0,6,176,0,0.0,1.0,1.2246467991473532e-16,-1.0,0.11371951458594969,-0.9935128947338007,78.79666666666667,88.68142857142858,28.916254614877257,167.03666666666666,219.38000000000002,98.33404412172503,76.36,75.64,73.52,145.92,182.23,190.0,54.21,52.63,20.71,33.04,33.03,38.74,1.23,1.11,0.84,59.68,52.8,62.7
25,6,2024,0,2,83.78,149.67,52.5,33.84,1.24,53.22,158,2024-06-25,1,6,177,0,0.7818314824680297,0.6234898018587336,1.2246467991473532e-16,-1.0,0.0966127018812031,-0.9953220513156602,74.48,87.13428571428571,30.12703263247352,148.90333333333334,210.49857142857144,104.07014067902675,62.69,84.39,119.43,127.83,172.96,341.42,52.71,54.91,20.47,33.27,32.99,37.67,1.18,1.33,0.83,55.03,56.11,50.85
26,6,2024,0,3,60.63,111.43,52.0,34.95,1.13,40.56,146,2024-06-26,2,6,178,0,0.9749279121818236,-0.22252093395631434,1.2246467991473532e-16,-1.0,0.07947729992362097,-0.9968366760893436,74.27666666666666,82.04142857142858,26.559700944960632,141.14000000000001,183.1057142857143,87.83571727134398,83.78,76.36,136.96,149.67,145.92,376.58,52.5,54.21,40.48,33.84,33.04,35.17,1.24,1.23,0.76,53.22,59.68,51.81
27,6,2024,0,4,45.35,68.22,49.09,34.34,0.89,29.85,75,2024-06-27,3,6,179,0,0.43388373911755823,-0.900968867902419,1.2246467991473532e-16,-1.0,0.06231837935432508,-0.998056320853012,69.03333333333332,71.13714285714285,11.850330113948335,129.64333333333335,145.22714285714287,25.665427273726053,60.63,62.69,54.47,111.43,127.83,126.55,52.0,52.71,51.43,34.95,33.27,33.14,1.13,1.18,0.82,40.56,55.03,80.74
28,6,2024,0,5,203.38,305.14,55.51,36.08,1.12,34.26,192,2024-06-28,4,6,180,0,-0.433883739117558,-0.9009688679024191,1.2246467991473532e-16,-1.0,0.045141017773971934,-0.9989806246941579,63.25333333333332,69.83428571428571,14.247122349377152,109.77333333333335,136.8942857142857,38.83188932528903,45.35,83.78,75.64,68.22,149.67,182.23,49.09,52.5,52.63,34.34,33.84,33.03,0.89,1.24,1.11,29.85,53.22,52.8
29,6,2024,0,6,1000.0,391.0,52.22,35.74,1.23,28.38,192,2024-06-29,5,6,181,1,-0.9749279121818236,-0.2225209339563146,1.2246467991473532e-16,-1.0,0.02795029824021032,-0.999609314096404,103.11999999999999,88.08285714285714,52.73765565333325,161.59666666666666,154.45285714285714,74.31987524978037,203.38,60.63,84.39,305.14,111.43,172.96,55.51,52.0,54.91,36.08,34.95,32.99,1.12,1.13,1.33,34.26,40.56,56.11
30,6,2024,1,7,58.0,149.27,49.06,35.04,1.0,31.46,186,2024-06-30,6,6,182,1,-0.7818314824680299,0.6234898018587334,1.2246467991473532e-16,-1.0,0.010751307763521931,-0.9999422030204416,416.24333333333334,218.8842857142857,348.44983000221345,254.78666666666666,185.60142857142858,116.87676207991801,1000.0,45.35,76.36,391.0,68.22,145.92,52.22,49.09,54.21,35.74,34.34,33.04,1.23,0.89,1.23,28.38,29.85,59.68
1,7,2024,0,1,55.0,85.25,49.12,35.33,0.82,30.33,85,2024-07-01,0,7,183,0,0.0,1.0,-0.4999999999999998,-0.8660254037844388,-0.006450864198105151,-0.9999791929590823,420.46000000000004,216.26142857142855,349.76804930451516,281.80333333333334,186.07999999999998,116.69391500845298,58.0,203.38,62.69,149.27,305.14,127.83,49.06,55.51,52.71,35.04,36.08,33.27,1.0,1.12,1.18,31.46,34.26,55.03
2,7,2024,0,2,37.15,129.17,48.37,35.84,0.9,30.18,128,2024-07-02,1,7,184,0,0.7818314824680297,0.6234898018587336,-0.4999999999999998,-0.8660254037844388,-0.02365112724523159,-0.9997202729664083,371.0,215.16285714285712,350.34239122674865,208.50666666666666,179.99714285714285,121.2569153648961,55.0,1000.0,83.78,85.25,391.0,149.67,49.12,52.22,52.5,35.33,35.74,33.84,0.82,1.23,1.24,30.33,28.38,53.22
3,7,2024,0,3,31.87,131.83,48.71,35.07,1.02,30.14,122,2024-07-03,2,7,185,0,0.9749279121818236,-0.22252093395631434,-0.4999999999999998,-0.8660254037844388,-0.04084439154329611,-0.9991655196610109,50.050000000000004,208.50142857142856,353.684239184642,121.23,177.06857142857143,122.35403840611787,37.15,58.0,60.63,129.17,149.27,111.43,48.37,49.06,52.0,35.84,35.04,34.95,0.9,1.0,1.13,30.18,31.46,40.56
4,7,2024,0,4,39.3,89.27,47.7,35.15,0.9,30.15,60,2024-07-04,3,7,186,0,0.43388373911755823,-0.900968867902419,-0.4999999999999998,-0.8660254037844388,-0.05802556932878034,-0.9983150972033183,41.339999999999996,204.39285714285714,355.84870051349475,115.41666666666667,179.98285714285717,120.76265920036253,31.87,55.0,45.35,131.83,85.25,68.22,48.71,49.12,49.09,35.07,35.33,34.34,1.02,0.82,0.89,30.14,30.33,29.85
5,7,2024,0,5,22.78,62.75,46.9,35.32,0.85,30.4,88,2024-07-05,4,7,187,0,-0.433883739117558,-0.9009688679024191,-0.4999999999999998,-0.8660254037844388,-0.07518957641475855,-0.9971692572470178,36.10666666666666,203.52857142857144,356.3064173071905,116.75666666666666,182.99,117.74004204177969,39.3,37.15,203.38,89.27,129.17,305.14,47.7,48.37,55.51,35.15,35.84,36.08,0.9,0.9,1.12,30.15,30.18,34.26
6,7,2024,0,6,14.74,123.29,46.63,35.41,0.78,30.36,64,2024-07-06,5,7,188,1,-0.9749279121818236,-0.2225209339563146,-0.4999999999999998,-0.8660254037844388,-0.09233133369539122,-0.9957283388645872,31.316666666666663,177.72857142857143,362.7984109864399,94.61666666666667,148.36285714285714,111.29545284426311,22.78,31.87,1000.0,62.75,131.83,391.0,46.9,48.71,52.22,35.32,35.07,35.74,0.85,1.02,1.23,30.4,30.14,28.38
7,7,2024,1,7,11.53,77.71,45.99,35.66,0.68,30.22,76,2024-07-07,6,7,189,1,-0.7818314824680299,0.6234898018587334,-0.4999999999999998,-0.8660254037844388,-0.10944576864891556,-0.993992768446958,25.606666666666666,36.97714285714284,15.78153849099896,91.77,110.11857142857143,31.191757152905048,14.74,39.3,58.0,123.29,89.27,149.27,46.63,47.7,49.06,35.41,35.15,35.04,0.78,0.9,1.0,30.36,30.15,31.46
8,7,2024,0,1,14.12,81.54,46.24,35.67,0.69,30.27,58,2024-07-08,0,7,190,0,0.0,1.0,-0.4999999999999998,-0.8660254037844388,-0.12652781683868314,-0.9919630595773397,16.349999999999998,30.338571428571413,15.228503350156853,87.91666666666667,99.89571428571428,27.75934608808697,11.53,22.78,55.0,77.71,62.75,85.25,45.99,46.9,49.12,35.66,35.32,35.33,0.68,0.85,0.82,30.22,30.4,30.33
9,7,2024,0,2,50.66,121.38,53.32,35.86,1.18,30.2,105,2024-07-09,1,7,191,0,0.7818314824680297,0.6234898018587336,-0.4999999999999998,-0.8660254037844388,-0.1435724234118113,-0.9896398128792412,13.463333333333333,24.49857142857141,11.601441618138304,94.18,99.36571428571429,28.118667498742827,14.12,14.74,37.15,81.54,123.29,129.17,46.24,46.63,48.37,35.67,35.41,35.84,0.69,0.78,0.9,30.27,30.36,30.18
10,7,2024,0,3,62.21,178.49,54.44,35.96,1.76,30.56,140,2024-07-10,2,7,192,0,0.9749279121818236,-0.22252093395631434,-0.4999999999999998,-0.8660254037844388,-0.16057454459499376,-0.9870237158387383,25.436666666666667,26.428571428571413,14.75267255852551,93.54333333333334,98.25285714285715,26.8688820721968,50.66,11.53,31.87,121.38,77.71,131.83,53.32,45.99,48.71,35.86,35.66,35.07,1.18,0.68,1.02,30.2,30.22,30.14
11,7,2024,0,4,34.43,120.46,50.73,36.0,1.09,31.76,108,2024-07-11,3,7,193,0,0.43388373911755823,-0.900968867902419,-0.4999999999999998,-0.8660254037844388,-0.177529149187035,-0.984115542601034,42.33,30.762857142857122,20.104093044524078,127.13666666666667,104.91857142857144,39.435967689650255,62.21,14.12,39.3,178.49,81.54,89.27,54.44,46.24,47.7,35.96,35.67,35.15,1.76,0.69,0.9,30.56,30.27,30.15
12,7,2024,0,5,24.39,100.11,48.13,35.98,0.74,37.25,99,2024-07-12,4,7,194,0,-0.433883739117558,-0.9009688679024191,-0.4999999999999998,-0.8660254037844388,-0.19443122004766197,-0.9809161537413774,49.1,30.06714285714284,19.841977148028402,140.10999999999999,109.37428571428572,39.13408099391353,34.43,50.66,22.78,120.46,121.38,62.75,50.73,53.32,46.9,36.0,35.86,35.32,1.09,1.18,0.85,31.76,30.2,30.4
13,7,2024,0,6,27.19,98.64,49.9,36.22,0.95,40.64,96,2024-07-13,5,7,195,1,-0.9749279121818236,-0.2225209339563146,-0.4999999999999998,-0.8660254037844388,-0.2112757555821793,-0.9774264960104055,40.343333333333334,30.297142857142838,19.752559086766826,133.02,114.71142857142857,33.91524997626388,24.39,62.21,14.74,100.11,178.49,123.29,48.13,54.44,46.63,35.98,35.96,35.41,0.74,1.76,0.78,37.25,30.56,30.36
14,7,2024,1,7,33.96,108.45,49.54,36.35,1.01,40.7,97,2024-07-14,6,7,196,1,-0.7818314824680299,0.6234898018587334,-0.4999999999999998,-0.8660254037844388,-0.22805777122151982,-0.9736476020539838,28.67,32.07571428571427,18.64791307103254,106.40333333333332,111.18999999999998,34.154943029280865,27.19,34.43,11.53,98.64,120.46,77.71,49.9,50.73,45.99,36.22,36.0,35.66,0.95,1.09,0.68,40.64,31.76,30.22
15,7,2024,0,1,22.2,40.0,48.38,36.37,0.93,40.5,61,2024-07-15,0,7,197,0,0.0,1.0,-0.4999999999999998,-0.8660254037844388,-0.2447723008972596,-0.9695805901076308,28.513333333333332,35.27999999999998,16.309608619870616,102.40000000000002,115.58142857142857,30.9595582594315,33.96,24.39,14.12,108.45,100.11,81.54,49.54,48.13,46.24,36.35,35.98,35.67,1.01,0.74,0.69,40.7,37.25,30.27
16,7,2024,0,2,29.96,72.82,46.26,36.63,0.9,40.61,58,2024-07-16,1,7,198,0,0.7818314824680297,0.6234898018587336,-0.4999999999999998,-0.8660254037844388,-0.2614143985111562,-0.965226663665613,27.78333333333333,36.4342857142857,14.776299556094996,82.36333333333333,109.64714285714285,40.94343403375295,22.2,27.19,50.66,40.0,98.64,121.38,48.38,49.9,53.32,36.37,36.22,35.86,0.93,0.95,1.18,40.5,40.64,30.2
17,7,2024,1,3,21.48,74.96,46.98,36.57,0.81,40.6,77,2024-07-17,2,7,199,0,0.9749279121818236,-0.22252093395631434,-0.4999999999999998,-0.8660254037844388,-0.2779791393987801,-0.9605871111248129,28.706666666666667,33.477142857142844,13.468275952878363,73.75666666666666,102.71000000000001,42.7003114742749,29.96,33.96,62.21,72.82,108.45,178.49,46.26,49.54,54.44,36.63,36.35,35.96,0.9,1.01,1.76,40.61,40.7,30.56
18,7,2024,0,4,23.33,84.65,48.2,36.61,1.0,40.69,71,2024-07-18,3,7,200,0,0.43388373911755823,-0.900968867902419,-0.4999999999999998,-0.8660254037844388,-0.29446162178680124,-0.9556633054034704,24.546666666666663,27.658571428571413,5.31868852435181,62.59333333333333,87.91999999999999,27.19112906813728,21.48,22.2,34.43,74.96,40.0,120.46,46.98,48.38,50.73,36.57,36.37,36.0,0.81,0.93,1.09,40.6,40.5,31.76
19,7,2024,0,5,31.92,106.91,50.23,37.43,1.17,40.73,98,2024-07-19,4,7,201,0,-0.433883739117558,-0.9009688679024191,-0.4999999999999998,-0.8660254037844388,-0.3108569682435036,-0.9504567035349151,24.92333333333333,26.072857142857124,4.56460189679389,77.47666666666667,82.80428571428571,23.11129799985708,23.33,29.96,24.39,84.65,72.82,100.11,48.2,46.26,48.13,36.61,36.63,35.98,1.0,0.9,0.74,40.69,40.61,37.25
20,7,2024,0,6,29.1,113.3,48.95,38.25,0.95,40.78,61,2024-07-20,5,7,202,1,-0.9749279121818236,-0.2225209339563146,-0.4999999999999998,-0.8660254037844388,-0.3271603271220951,-0.9449688462364056,25.576666666666664,27.148571428571415,4.971091189977468,88.83999999999999,83.77571428571427,24.08244371400455,31.92,21.48,27.19,106.91,74.96,98.64,50.23,46.98,49.9,37.43,36.57,36.22,1.17,0.81,0.95,40.73,40.6,40.64
21,7,2024,1,7,26.59,91.06,47.88,38.62,0.91,40.86,95,2024-07-21,6,7,203,1,-0.7818314824680299,0.6234898018587334,-0.4999999999999998,-0.8660254037844388,-0.34336687399638804,-0.939201357453208,28.116666666666664,27.421428571428553,5.025861214996386,101.62,85.86999999999999,26.14006758471436,29.1,23.33,33.96,113.3,84.65,108.45,48.95,48.2,49.54,38.25,36.61,36.35,0.95,1.0,1.01,40.78,40.69,40.7
22,7,2024,0,1,18.62,66.9,47.46,37.71,0.92,48.36,72,2024-07-22,0,7,204,0,0.0,1.0,-0.4999999999999998,-0.8660254037844388,-0.3594718130884232,-0.9331559438780432,29.203333333333333,26.368571428571414,4.117735739344081,103.75666666666666,83.38571428571429,24.405247971932816,26.59,31.92,22.2,91.06,106.91,40.0,47.88,50.23,48.38,38.62,37.43,36.37,0.91,1.17,0.93,40.86,40.73,40.5
23,7,2024,0,2,27.54,81.92,49.68,33.05,0.92,55.73,75,2024-07-23,1,7,205,0,0.7818314824680297,0.6234898018587336,-0.4999999999999998,-0.8660254037844388,-0.3754703786876202,-0.9268343944460494,24.77,25.85714285714284,4.874541736705209,90.42,87.22857142857143,17.605787333122816,18.62,29.1,29.96,66.9,113.3,72.82,47.46,48.95,46.26,37.71,38.25,36.63,0.92,0.95,0.9,48.36,40.78,40.61
24,7,2024,0,3,23.78,78.8,47.51,28.85,0.66,23.67,71,2024-07-24,2,7,206,0,0.9749279121818236,-0.22252093395631434,-0.4999999999999998,-0.8660254037844388,-0.39135783656102596,-0.9202385798054075,24.25,25.511428571428553,4.613908063569481,79.96,88.52857142857142,16.675963169158987,27.54,26.59,21.48,81.92,91.06,74.96,49.68,47.88,46.98,33.05,38.62,36.57,0.92,0.91,0.81,55.73,40.86,40.6
25,7,2024,0,4,25.12,75.27,45.17,37.6,0.61,55.5,90,2024-07-25,3,7,207,0,0.43388373911755823,-0.900968867902419,-0.4999999999999998,-0.8660254037844388,-0.4071294853542516,-0.9133704517637858,23.313333333333333,25.839999999999982,4.353515820578108,75.87333333333333,89.07714285714285,16.2119243298348,23.78,18.62,23.33,78.8,66.9,84.65,47.51,47.46,48.2,28.85,37.71,36.61,0.66,0.92,1.0,23.67,48.36,40.69
26,7,2024,0,5,29.09,86.08,34.46,37.42,0.65,36.08,66,2024-07-26,4,7,208,0,-0.433883739117558,-0.9009688679024191,-0.4999999999999998,-0.8660254037844388,-0.4227806579826773,-0.9062320427107697,25.48,26.095714285714273,4.232398284438639,78.66333333333334,87.73714285714287,17.006995339456356,25.12,27.54,31.92,75.27,81.92,106.91,45.17,49.68,50.23,37.6,33.05,37.43,0.61,0.92,1.17,55.5,55.73,40.73
27,7,2024,0,6,26.31,95.5,33.88,36.42,0.67,29.93,110,2024-07-27,5,7,209,1,-0.9749279121818236,-0.2225209339563146,-0.4999999999999998,-0.8660254037844388,-0.4383067230125192,-0.898825465016444,25.996666666666666,25.691428571428556,3.6828088400573846,80.05,84.76142857142858,14.76815766954302,29.09,23.78,29.1,86.08,78.8,113.3,34.46,47.51,48.95,37.42,28.85,38.25,0.65,0.66,0.95,36.08,23.67,40.78
28,7,2024,1,7,20.81,76.48,33.92,36.31,0.62,28.52,72,2024-07-28,6,7,210,1,-0.7818314824680299,0.6234898018587334,-0.4999999999999998,-0.8660254037844388,-0.45370308603134424,-0.8911529104063088,26.84,25.292857142857127,3.3919203719349973,85.61666666666667,82.21857142857142,9.69703464737977,26.31,25.12,26.59,95.5,75.27,91.06,33.88,45.17,47.88,36.42,37.6,38.62,0.67,0.61,0.91,29.93,55.5,40.86
29,7,2024,0,1,24.23,79.56,35.94,36.26,0.54,50.37,73,2024-07-29,0,7,211,0,0.0,1.0,-0.4999999999999998,-0.8660254037844388,-0.46896519100763184,-0.8832166493127127,25.403333333333325,24.467142857142843,3.7119523806501435,86.02,80.13571428571429,9.023923494700023,20.81,29.09,18.62,76.48,86.08,66.9,33.92,34.46,47.46,36.31,37.42,37.71,0.62,0.65,0.92,28.52,36.08,48.36
30,7,2024,0,2,26.71,95.99,33.47,35.57,0.57,39.85,93,2024-07-30,1,7,212,0,0.7818314824680297,0.6234898018587336,-0.4999999999999998,-0.8660254037844388,-0.4840885216389759,-0.8750190302029955,23.78333333333333,25.268571428571413,2.7093260451764496,83.84666666666668,81.94428571428571,6.962255039726578,24.23,26.31,27.54,79.56,95.5,81.92,35.94,33.88,49.68,36.26,36.42,33.05,0.54,0.67,0.92,50.37,29.93,55.73
31,7,2024,0,3,23.45,83.63,33.17,36.39,0.52,47.8,95,2024-07-31,2,7,213,0,0.9749279121818236,-0.22252093395631434,-0.4999999999999998,-0.8660254037844388,-0.4990686026885319,-0.8665624788845385,23.91666666666666,25.149999999999984,2.6096806956708654,84.01,83.95428571428572,8.754415756530934,26.71,20.81,23.78,95.99,76.48,78.8,33.47,33.92,47.51,35.57,36.31,28.85,0.57,0.62,0.66,39.85,28.52,23.67
1,8,2024,0,4,10.9,44.1,33.52,36.84,0.56,46.13,55,2024-08-01,3,8,214,0,0.43388373911755823,-0.900968867902419,-0.8660254037844384,-0.5000000000000004,-0.5139010013093104,-0.8578494977869301,24.796666666666663,25.102857142857125,2.641342551850159,86.39333333333333,84.64428571428572,8.466055471008723,23.45,24.23,25.12,83.63,79.56,75.27,33.17,35.94,45.17,36.39,36.26,37.6,0.52,0.54,0.61,47.8,50.37,55.5
2,8,2024,0,5,20.71,69.78,34.2,36.97,0.63,42.62,72,2024-08-02,4,8,215,0,-0.433883739117558,-0.9009688679024191,-0.8660254037844384,-0.5000000000000004,-0.5285813283559292,-0.8488826652214553,20.353333333333328,23.071428571428555,5.981834803726306,74.57333333333334,80.19142857142857,17.546181378080096,10.9,26.71,29.09,44.1,95.99,86.08,33.52,33.47,34.46,36.84,35.57,37.42,0.56,0.57,0.65,46.13,39.85,36.08
3,8,2024,0,6,18.74,61.84,35.11,37.14,0.52,33.3,62,2024-08-03,5,8,216,1,-0.9749279121818236,-0.2225209339563146,-0.8660254037844384,-0.5000000000000004,-0.5431052396834317,-0.8396646346181327,18.35333333333333,21.874285714285698,5.385399573982624,65.83666666666666,77.86285714285714,17.715237052030343,20.71,23.45,26.31,69.78,83.63,95.5,34.2,33.17,33.88,36.97,36.39,36.42,0.63,0.52,0.67,42.62,47.8,29.93
4,8,2024,1,7,14.39,52.32,33.61,37.08,0.46,29.08,60,2024-08-04,6,8,217,1,-0.7818314824680299,0.6234898018587334,-0.8660254037844384,-0.5000000000000004,-0.5574684374327892,-0.8301981337405212,16.78333333333333,20.792857142857123,5.098642676524875,58.57333333333333,73.05428571428571,16.667255180088965,18.74,10.9,20.81,61.84,44.1,76.48,35.11,33.52,33.92,37.14,36.84,36.31,0.52,0.56,0.62,33.3,46.13,28.52
5,8,2024,0,1,13.15,49.18,33.04,37.03,0.45,35.48,46,2024-08-05,0,8,218,0,0.0,1.0,-0.8660254037844384,-0.5000000000000004,-0.5716666713027052,-0.8204859638785327,17.946666666666662,19.87571428571427,5.643361460286956,61.31333333333333,69.60285714285715,18.26459664148922,14.39,20.71,24.23,52.32,69.78,79.56,33.61,34.2,35.94,37.08,36.97,36.26,0.46,0.63,0.54,29.08,42.62,50.37
6,8,2024,0,2,15.28,49.9,34.9,37.35,0.48,35.45,50,2024-08-06,1,8,219,0,0.7818314824680297,0.6234898018587336,-0.8660254037844384,-0.5000000000000004,-0.5856957398073508,-0.8105309990194823,15.426666666666664,18.292857142857127,5.770940750248664,54.446666666666665,65.26285714285714,19.094816673894375,13.15,18.74,26.71,49.18,61.84,95.99,33.04,35.11,33.47,37.03,37.14,35.57,0.45,0.52,0.57,35.48,33.3,39.85
7,8,2024,0,3,11.7,39.39,35.57,36.78,0.48,29.37,47,2024-08-07,2,8,220,0,0.9749279121818236,-0.22252093395631434,-0.8660254037844384,-0.5000000000000004,-0.5995514915196489,-0.8003361849976323,14.273333333333332,16.659999999999982,4.460717431089238,50.46666666666667,58.67857142857143,14.000371933839054,15.28,14.39,23.45,49.9,52.32,83.63,34.9,33.61,33.17,37.35,37.08,36.39,0.48,0.46,0.52,35.45,29.08,47.8
8,8,2024,0,4,14.64,55.45,34.93,36.33,0.51,29.81,54,2024-08-08,3,8,221,0,0.43388373911755823,-0.900968867902419,-0.8660254037844384,-0.5000000000000004,-0.6132298262997502,-0.7899045386224707,13.376666666666665,14.981428571428554,3.6093001564113365,46.156666666666666,52.35857142857143,10.37578017721228,11.7,13.15,10.9,39.39,49.18,44.1,35.57,33.04,33.52,36.78,37.03,36.84,0.48,0.45,0.56,29.37,35.48,46.13
9,8,2024,0,5,13.89,50.56,33.62,35.61,0.5,32.32,52,2024-08-09,4,8,222,0,-0.433883739117558,-0.9009688679024191,-0.8660254037844384,-0.5000000000000004,-0.6267266965083301,-0.7792391467859886,13.87333333333333,15.51571428571427,3.1523158531655024,48.24666666666667,53.98,9.737304555169064,14.64,15.28,20.71,55.45,49.9,69.78,34.93,34.9,34.2,36.33,37.35,36.97,0.51,0.48,0.63,29.81,35.45,42.62
10,8,2024,0,6,17.06,62.46,35.28,35.75,0.57,29.54,58,2024-08-10,5,8,223,1,-0.9749279121818236,-0.2225209339563146,-0.8660254037844384,-0.5000000000000004,-0.6400381082043503,-0.7683431655492202,13.409999999999997,14.541428571428556,2.184806845559626,48.46666666666667,51.23428571428571,6.808993702318483,13.89,11.7,18.74,50.56,39.39,61.84,33.62,35.57,35.11,35.61,36.78,37.14,0.5,0.48,0.52,32.32,29.37,33.3
11,8,2024,1,7,9.61,35.52,36.42,35.81,0.55,25.86,47,2024-08-11,6,8,224,1,-0.7818314824680299,0.6234898018587334,-0.8660254037844384,-0.5000000000000004,-0.65316012232693,-0.7572198192083127,15.196666666666664,14.301428571428556,1.680886954082335,56.15666666666667,51.32285714285714,6.9720267600587,17.06,14.64,14.39,62.46,55.45,52.32,35.28,34.93,33.61,35.75,36.33,37.08,0.57,0.51,0.46,29.54,29.81,29.08
12,8,2024,0,1,13.45,44.33,35.31,34.65,0.47,26.16,45,2024-08-12,0,8,225,0,0.0,1.0,-0.8660254037844384,-0.5000000000000004,-0.6660888558609771,-0.7458723993404063,13.519999999999996,13.618571428571412,2.4389166213172357,49.51333333333333,48.92285714285714,9.129356885508187,9.61,13.89,13.15,35.52,50.56,49.18,36.42,33.62,33.04,35.81,35.61,37.03,0.55,0.5,0.45,25.86,32.32,35.48
13,8,2024,0,2,14.49,42.72,41.39,35.34,0.59,31.71,50,2024-08-13,1,8,226,0,0.7818314824680297,0.6234898018587336,-0.8660254037844384,-0.5000000000000004,-0.6788204829862357,-0.734304263829602,13.37333333333333,13.661428571428555,2.4319363243591483,47.43666666666667,48.23,9.289230323343206,13.45,17.06,15.28,44.33,62.46,49.9,35.31,35.28,34.9,34.65,35.75,37.35,0.47,0.57,0.48,26.16,29.54,35.45
14,8,2024,0,3,24.66,72.63,43.01,45.61,0.7,32.13,57,2024-08-14,2,8,227,0,0.9749279121818236,-0.22252093395631434,-0.8660254037844384,-0.5000000000000004,-0.6913512362094071,-0.722518835873311,12.516666666666664,13.548571428571412,2.3616197024649868,40.85666666666666,47.20428571428572,9.46876770783196,14.49,9.61,11.7,42.72,35.52,39.39,41.39,36.42,35.57,35.34,35.81,36.78,0.59,0.55,0.48,31.71,25.86,29.37
15,8,2024,1,4,15.97,57.11,44.38,35.05,0.62,27.99,68,2024-08-15,3,8,228,0,0.43388373911755823,-0.900968867902419,-0.8660254037844384,-0.5000000000000004,-0.7036774074790128,-0.7105196029692745,17.53333333333333,15.399999999999983,4.646066436605985,53.22666666666666,51.95285714285715,12.685337617750172,24.66,13.45,14.64,72.63,44.33,55.45,43.01,35.31,34.93,45.61,34.65,36.33,0.7,0.47,0.51,32.13,26.16,29.81
16,8,2024,0,5,15.37,45.43,44.28,36.21,0.5,27.77,55,2024-08-16,4,8,229,0,-0.433883739117558,-0.9009688679024191,-0.8660254037844384,-0.5000000000000004,-0.7157953492826641,-0.6983101158835585,18.37333333333333,15.589999999999984,4.636992559841273,57.48666666666666,52.190000000000005,12.776796677315106,15.97,14.49,13.89,57.11,42.72,50.56,44.38,41.39,33.62,35.05,35.34,35.61,0.62,0.59,0.5,27.99,31.71,32.32
17,8,2024,0,6,13.74,59.91,46.1,35.45,0.6,29.61,58,2024-08-17,5,8,230,1,-0.9749279121818236,-0.2225209339563146,-0.8660254037844384,-0.5000000000000004,-0.7277014757264236,-0.6858939875998223,18.666666666666668,15.801428571428556,4.579950613169421,58.38999999999999,51.45714285714286,13.030479288050298,15.37,24.66,17.06,45.43,72.63,62.46,44.28,43.01,35.28,36.21,45.61,35.75,0.5,0.7,0.57,27.77,32.13,29.54
18,8,2024,1,7,0.05,63.19,44.26,34.67,0.58,26.63,67,2024-08-18,6,8,231,1,-0.7818314824680299,0.6234898018587334,-0.8660254037844384,-0.5000000000000004,-0.739392263595924,-0.673274892250183,15.026666666666664,15.32714285714284,4.599756204722207,54.15,51.09285714285714,12.703144904955936,13.74,15.97,9.61,59.91,57.11,35.52,46.1,44.38,36.42,35.45,35.05,35.81,0.6,0.62,0.55,29.61,27.99,25.86
19,8,2024,0,1,0.05,52.55,43.72,35.36,0.56,24.83,58,2024-08-19,0,8,232,0,0.0,1.0,-0.8660254037844384,-0.5000000000000004,-0.7508642533989489,-0.6604565640279754,9.719999999999997,13.961428571428554,7.2410368239456915,56.17666666666667,55.04571428571428,11.27438669011361,0.05,15.37,13.45,63.19,45.43,44.33,44.26,44.28,35.31,34.67,36.21,34.65,0.58,0.5,0.47,26.63,27.77,26.16
20,8,2024,0,2,20.47,43.14,43.62,36.12,0.55,27.09,55,2024-08-20,1,8,233,0,0.7818314824680297,0.6234898018587336,-0.8660254037844384,-0.5000000000000004,-0.7621140503891487,-0.6474427960827475,4.613333333333331,12.047142857142843,8.964843769388674,58.54999999999999,56.220000000000006,10.363559555808122,0.05,13.74,14.49,52.55,59.91,42.72,43.72,46.1,41.39,35.36,35.45,35.34,0.56,0.6,0.59,24.83,29.61,31.71
21,8,2024,0,3,10.62,67.21,43.56,36.0,0.54,29.75,59,2024-08-21,2,8,234,0,0.9749279121818236,-0.22252093395631434,-0.8660254037844384,-0.5000000000000004,-0.7731383255706026,-0.6342374393978054,6.856666666666665,12.901428571428555,9.505076588455461,52.96,56.279999999999994,10.273196516507497,20.47,0.05,24.66,43.14,63.19,72.63,43.62,44.26,43.01,36.12,34.67,45.61,0.55,0.58,0.7,27.09,26.63,32.13
22,8,2024,0,4,22.3,71.42,43.23,36.64,0.52,30.64,77,2024-08-22,3,8,235,0,0.43388373911755823,-0.900968867902419,-0.8660254037844384,-0.5000000000000004,-0.7839338166829201,-0.620844401650647,10.379999999999997,10.895714285714268,7.967220044539893,54.29999999999999,55.505714285714284,8.955232841094123,10.62,0.05,15.97,67.21,52.55,57.11,43.56,43.72,44.38,36.0,35.36,35.05,0.54,0.56,0.62,29.75,24.83,27.99
23,8,2024,0,5,13.71,53.82,42.17,35.83,0.55,28.32,63,2024-08-23,4,8,236,0,-0.433883739117558,-0.9009688679024191,-0.8660254037844384,-0.5000000000000004,-0.7944973291665992,-0.6072676460566135,17.796666666666663,11.799999999999983,8.939097642753978,60.589999999999996,57.55,10.821384692671323,22.3,20.47,15.37,71.42,43.14,45.43,43.23,43.62,44.28,36.64,36.12,36.21,0.52,0.55,0.5,30.64,27.09,27.77
24,8,2024,0,6,22.21,40.0,43.35,35.82,0.64,30.42,55,2024-08-24,5,8,237,1,-0.9749279121818236,-0.2225209339563146,-0.8660254037844384,-0.5000000000000004,-0.8048257371083452,-0.593511190196115,15.543333333333331,11.562857142857126,8.850182134258418,64.14999999999999,58.748571428571424,9.65726570787482,13.71,10.62,13.74,53.82,67.21,59.91,42.17,43.56,46.1,35.83,36.0,35.45,0.55,0.54,0.6,28.32,29.75,29.61
25,8,2024,1,7,15.18,69.35,40.45,36.39,0.53,34.6,51,2024-08-25,6,8,238,1,-0.7818314824680299,0.6234898018587334,-0.8660254037844384,-0.5000000000000004,-0.8149159841660791,-0.5795791048257612,19.406666666666666,12.772857142857125,9.732482921102248,55.080000000000005,55.90428571428571,11.924114023197301,22.21,22.3,0.05,40.0,71.42,63.19,43.35,43.23,44.26,35.82,36.64,34.67,0.64,0.52,0.58,30.42,30.64,26.63
26,8,2024,1,1,18.7,65.53,41.97,37.89,0.52,32.8,65,2024-08-26,0,8,239,0,0.0,1.0,-0.8660254037844384,-0.5000000000000004,-0.8247650844733614,-0.5654755126737576,17.03333333333333,14.934285714285698,7.953491596239469,54.39000000000001,56.784285714285716,12.750109616713502,15.18,13.71,0.05,69.35,53.82,52.55,40.45,42.17,43.72,36.39,35.83,35.36,0.53,0.55,0.56,34.6,28.32,24.83
27,8,2024,0,2,13.17,52.0,41.81,36.99,0.51,31.38,55,2024-08-27,1,8,240,0,0.7818314824680297,0.6234898018587336,-0.8660254037844384,-0.5000000000000004,-0.8343701235229537,-0.5512045872199277,18.696666666666662,17.59857142857141,4.518441577107946,58.29333333333333,58.63857142857143,12.97357240518181,18.7,22.21,20.47,65.53,40.0,43.14,41.97,43.35,43.62,37.89,35.82,36.12,0.52,0.64,0.55,32.8,30.42,27.09
28,8,2024,0,3,12.69,49.17,43.07,37.83,0.56,29.94,54,2024-08-28,2,8,241,0,0.9749279121818236,-0.22252093395631434,-0.8660254037844384,-0.5000000000000004,-0.8437282590292712,-0.5367705514607104,15.68333333333333,16.55571428571427,4.587159095938571,62.29333333333333,59.90428571428572,11.565265319259879,13.17,15.18,10.62,52.0,69.35,67.21,41.81,40.45,43.56,36.99,36.39,36.0,0.51,0.53,0.54,31.38,34.6,29.75
29,8,2024,0,4,17.9,53.32,48.45,37.65,0.69,29.83,56,2024-08-29,3,8,242,0,0.43388373911755823,-0.900968867902419,-0.8660254037844384,-0.5000000000000004,-0.8528367217694593,-0.522177676659508,14.85333333333333,16.851428571428556,4.1902880910192435,55.56666666666667,57.32714285714285,11.675415359191229,12.69,18.7,22.3,49.17,65.53,71.42,43.07,41.97,43.23,37.83,37.89,36.64,0.56,0.52,0.52,29.94,32.8,30.64
30,8,2024,0,5,34.21,127.86,51.89,38.86,0.82,31.49,107,2024-08-30,4,8,243,0,-0.433883739117558,-0.9009688679024191,-0.8660254037844384,-0.5000000000000004,-0.8616928164028521,-0.5074302810827519,14.586666666666664,16.222857142857126,3.5118357701085405,51.49666666666667,54.74142857142857,9.904031887022757,17.9,13.17,13.71,53.32,52.0,53.82,48.45,41.81,42.17,37.65,36.99,35.83,0.69,0.51,0.55,29.83,31.38,28.32
31,8,2024,0,6,20.83,72.92,42.14,39.56,0.56,25.27,82,2024-08-31,5,8,244,1,-0.9749279121818236,-0.2225209339563146,-0.8660254037844384,-0.5000000000000004,-0.8702939222685674,-0.49253272872205434,21.599999999999994,19.151428571428557,7.4295029635728564,76.78333333333335,65.31857142857143,29.299840402622646,34.21,12.69,22.21,127.86,49.17,40.0,51.89,43.07,43.35,38.86,37.83,35.82,0.82,0.56,0.64,31.49,29.94,30.42
1,9,2024,1,7,19.86,70.78,41.2,39.01,0.55,28.19,68,2024-09-01,6,9,245,1,-0.7818314824680299,0.6234898018587334,-1.0,-1.8369701987210297e-16,-0.8786374941610001,-0.4774894280028391,24.31333333333333,18.9542857142857,7.352729328042216,84.7,70.02142857142857,27.119542417830157,20.83,17.9,15.18,72.92,53.32,69.35,42.14,48.45,40.45,39.56,37.65,36.39,0.56,0.69,0.53,25.27,29.83,34.6
2,9,2024,0,1,20.73,81.61,43.19,38.4,0.6,19.45,73,2024-09-02,0,9,246,0,0.0,1.0,-1.0,-1.8369701987210297e-16,-0.886721063082993,-0.46230483047981086,24.966666666666658,19.62285714285713,7.162657128669552,90.52,70.22571428571429,27.11902767255622,19.86,34.21,18.7,70.78,127.86,65.53,41.2,51.89,41.97,39.01,38.86,37.89,0.55,0.82,0.52,28.19,31.49,32.8
3,9,2024,0,2,24.91,94.23,42.87,45.7,0.6,17.86,98,2024-09-03,1,9,247,0,0.7818314824680297,0.6234898018587336,-1.0,-1.8369701987210297e-16,-0.8945422369764496,-0.4469834295196741,20.47333333333333,19.912857142857124,7.160159947669751,75.10333333333334,72.52285714285713,27.33515484639327,20.73,20.83,13.17,81.61,72.92,52.0,43.19,42.14,41.81,38.4,39.56,36.99,0.6,0.56,0.51,19.45,25.27,31.38
4,9,2024,0,3,13.79,48.6,43.45,51.25,0.61,16.85,66,2024-09-04,2,9,248,0,0.9749279121818236,-0.22252093395631434,-1.0,-1.8369701987210297e-16,-0.9020987014301837,-0.43152975897147144,21.83333333333333,21.589999999999982,6.6761141392297745,82.20666666666669,78.55571428571429,26.703648225879782,24.91,19.86,12.69,94.23,70.78,49.17,42.87,41.2,43.07,45.7,39.01,37.83,0.6,0.55,0.56,17.86,28.19,29.94
5,9,2024,0,4,20.25,83.77,43.29,54.42,0.65,28.52,66,2024-09-05,3,9,249,0,0.43388373911755823,-0.900968867902419,-1.0,-1.8369701987210297e-16,-0.9093882203647925,-0.4159483918249421,19.809999999999995,21.74714285714284,6.440498723666323,74.81333333333335,78.47428571428573,26.808851683194725,13.79,20.73,17.9,48.6,81.61,53.32,43.45,43.19,48.45,51.25,38.4,37.65,0.61,0.6,0.69,16.85,19.45,29.83
6,9,2024,0,5,20.73,83.24,45.21,54.42,0.68,22.49,97,2024-09-06,4,9,250,0,-0.433883739117558,-0.9009688679024191,-1.0,-1.8369701987210297e-16,-0.9164086366943458,-0.4002439388573056,19.649999999999995,22.082857142857126,6.265409575030262,75.53333333333335,82.82428571428571,24.410162403628746,20.25,24.91,34.21,83.77,94.23,127.86,43.29,42.87,51.89,54.42,45.7,38.86,0.65,0.6,0.82,28.52,17.86,31.49
7,9,2024,0,6,14.57,58.85,42.02,53.89,0.54,25.89,70,2024-09-07,5,9,251,1,-0.9749279121818236,-0.2225209339563146,-1.0,-1.8369701987210297e-16,-0.9231578729647039,-0.38442104726885545,18.25666666666666,20.15714285714284,3.27455195045278,71.87,76.45,14.506738664040641,20.73,13.79,20.83,83.24,48.6,72.92,45.21,43.45,42.14,54.42,51.25,39.56,0.68,0.61,0.56,22.49,16.85,25.27
8,9,2024,1,7,20.18,79.75,41.14,54.43,0.62,23.83,68,2024-09-08,6,9,252,1,-0.7818314824680299,0.6234898018587334,-1.0,-1.8369701987210297e-16,-0.9296339319682695,-0.3684843993077793,18.516666666666662,19.262857142857126,3.862239049594685,75.28666666666668,74.43999999999998,15.977542572835556,14.57,20.25,19.86,58.85,83.77,70.78,42.02,43.29,41.2,53.89,54.42,39.01,0.54,0.65,0.55,25.89,28.52,28.19
9,9,2024,0,1,25.25,87.97,42.89,56.0,0.65,23.6,88,2024-09-09,0,9,253,0,0.0,1.0,-1.0,-1.8369701987210297e-16,-0.9358348973349941,-0.35243871088460327,18.49333333333333,19.308571428571412,3.872365463865448,73.94666666666667,75.72142857142856,15.994776677168279,20.18,20.73,20.73,79.75,83.24,81.61,41.14,45.21,43.19,54.43,54.42,38.4,0.62,0.68,0.6,23.83,22.49,19.45
10,9,2024,0,2,23.61,84.44,45.25,54.9,0.66,26.52,91,2024-09-10,1,9,254,0,0.7818314824680297,0.6234898018587336,-1.0,-1.8369701987210297e-16,-0.9417589340994617,-0.3362887301766828,19.999999999999996,19.9542857142857,4.478332491540297,75.52333333333334,76.63,16.555819721982104,25.25,14.57,24.91,87.97,58.85,94.23,42.89,42.02,42.87,56.0,53.89,45.7,0.65,0.54,0.6,23.6,25.89,17.86
11,9,2024,0,3,18.22,59.87,44.96,60.11,0.61,21.98,66,2024-09-11,2,9,255,0,0.9749279121818236,-0.22252093395631434,-1.0,-1.8369701987210297e-16,-0.9474042892438845,-0.32003923622313857,23.013333333333332,19.768571428571413,4.260212939013482,84.05333333333334,75.23142857142857,15.177368490150716,23.61,20.18,13.79,84.44,79.75,48.6,45.25,41.14,43.45,54.9,54.43,51.25,0.66,0.62,0.61,26.52,23.83,16.85
12,9,2024,0,4,10.48,29.85,48.19,35.34,0.33,22.76,59,2024-09-12,3,9,256,0,0.43388373911755823,-0.900968867902419,-1.0,-1.8369701987210297e-16,-0.9527692922168511,-0.3036950375106588,22.359999999999996,20.401428571428557,3.482041683515281,77.42666666666668,76.84142857142857,12.184080362744618,18.22,25.25,20.25,59.87,87.97,83.77,44.96,42.89,43.29,60.11,56.0,54.42,0.61,0.65,0.65,21.98,23.6,28.52
13,9,2024,0,5,9.05,28.3,17.28,36.61,0.36,24.35,45,2024-09-13,4,9,257,0,-0.433883739117558,-0.9009688679024191,-1.0,-1.8369701987210297e-16,-0.9578523554276669,-0.28726097055059635,17.43666666666666,19.005714285714273,5.123855505195164,58.05333333333334,69.13857142857144,20.958538775858305,10.48,23.61,20.73,29.85,84.44,83.24,48.19,45.25,45.21,35.34,54.9,54.42,0.33,0.66,0.68,22.76,26.52,22.49
14,9,2024,0,6,18.02,69.43,13.07,38.49,0.36,23.89,50,2024-09-14,5,9,258,1,-0.9749279121818236,-0.2225209339563146,-1.0,-1.8369701987210297e-16,-0.9626519747161487,-0.2707418984477642,12.583333333333329,17.33714285714284,6.247366683348586,39.34000000000001,61.290000000000006,24.7430131552346,9.05,18.22,14.57,28.3,59.87,58.85,17.28,44.96,42.02,36.61,60.11,53.89,0.36,0.61,0.54,24.35,21.98,25.89
15,9,2024,1,7,22.27,95.03,24.92,38.54,0.41,23.24,86,2024-09-15,6,9,259,1,-0.7818314824680299,0.6234898018587334,-1.0,-1.8369701987210297e-16,-0.9671667297977312,-0.2541427094613622,12.51666666666666,17.829999999999984,6.127620527852293,42.52666666666668,62.80142857142857,24.891816880636885,18.02,10.48,20.18,69.43,29.85,79.75,13.07,48.19,41.14,38.49,35.34,54.43,0.36,0.33,0.62,23.89,22.76,23.83
16,9,2024,1,1,32.06,135.17,42.69,39.29,0.48,22.25,110,2024-09-16,0,9,260,0,0.0,1.0,-1.0,-1.8369701987210297e-16,-0.97139528468375,-0.23746831555846842,16.446666666666662,18.128571428571412,6.309430583320319,64.25333333333334,64.98428571428572,27.18972836516649,22.27,9.05,25.25,95.03,28.3,87.97,24.92,17.28,42.89,38.54,36.61,56.0,0.41,0.36,0.65,23.24,24.35,23.6
17,9,2024,0,2,41.81,151.99,42.71,39.9,0.62,23.8,144,2024-09-17,1,9,261,0,0.7818314824680297,0.6234898018587336,-1.0,-1.8369701987210297e-16,-0.9753363880767837,-0.22072365096050223,24.116666666666664,19.101428571428556,7.9119981222026246,99.87666666666667,71.72714285714285,37.67208635682788,32.06,18.02,23.61,135.17,69.43,84.44,42.69,13.07,45.25,39.29,38.49,54.9,0.48,0.36,0.66,22.25,23.89,26.52
18,9,2024,0,3,23.14,89.24,36.47,38.84,0.52,22.1,116,2024-09-18,2,9,262,0,0.9749279121818236,-0.22252093395631434,-1.0,-1.8369701987210297e-16,-0.9789888737409319,-0.20391367068311472,32.04666666666666,21.701428571428558,11.716301220339892,127.39666666666669,81.37714285714286,48.551979950800764,41.81,22.27,18.22,151.99,95.03,59.87,42.71,24.92,44.96,39.9,38.54,60.11,0.62,0.41,0.61,23.8,23.24,21.98
19,9,2024,0,4,22.65,76.59,34.49,39.19,0.5,25.02,48,2024-09-19,3,9,263,0,0.43388373911755823,-0.900968867902419,-1.0,-1.8369701987210297e-16,-0.9823516608469237,-0.1870433490699166,32.336666666666666,22.4042857142857,11.61982050513055,125.46666666666668,85.57285714285715,47.644180726957174,23.14,32.06,10.48,89.24,135.17,29.85,36.47,42.69,48.19,38.84,39.29,35.34,0.52,0.48,0.33,22.1,22.25,22.76
20,9,2024,0,5,22.15,102.82,42.55,40.17,0.58,24.3,96,2024-09-20,4,9,264,0,-0.433883739117558,-0.9009688679024191,-1.0,-1.8369701987210297e-16,-0.9854237542919524,-0.17011767832049055,29.2,24.14285714285713,10.382956730922768,105.94000000000001,92.25,41.39922100716506,22.65,41.81,9.05,76.59,151.99,28.3,34.49,42.71,17.28,39.19,39.9,36.61,0.5,0.62,0.36,25.02,23.8,24.35
21,9,2024,0,6,28.07,134.54,39.37,40.61,0.54,36.27,110,2024-09-21,5,9,265,1,-0.9749279121818236,-0.2225209339563146,-1.0,-1.8369701987210297e-16,-0.9882042449941422,-0.15314166701312007,22.646666666666665,26.014285714285702,8.149602970173001,89.55000000000001,102.8957142857143,30.31000047132167,22.15,23.14,18.02,102.82,89.24,69.43,42.55,36.47,13.07,40.17,38.84,38.49,0.58,0.52,0.36,24.3,22.1,23.89
22,9,2024,1,7,32.31,181.02,35.68,41.64,0.47,27.28,196,2024-09-22,6,9,266,1,-0.7818314824680299,0.6234898018587334,-1.0,-1.8369701987210297e-16,-0.9906923101615609,-0.13612033862266704,24.289999999999996,27.449999999999985,7.352829387387152,104.64999999999999,112.19714285714285,28.248798035956806,28.07,22.65,22.27,134.54,76.59,95.03,39.37,34.49,24.92,40.61,39.19,38.54,0.54,0.5,0.41,36.27,25.02,23.24
23,9,2024,0,1,48.77,207.37,47.71,50.28,0.48,18.59,167,2024-09-23,0,9,267,0,0.0,1.0,-1.0,-1.8369701987210297e-16,-0.9928872135356962,-0.11905873003404988,27.51,28.884285714285703,7.150426227723734,139.46,124.48142857142857,36.908708741331786,32.31,22.15,32.06,181.02,102.82,135.17,35.68,42.55,42.69,41.64,40.17,39.29,0.47,0.58,0.48,27.28,24.3,22.25
24,9,2024,0,2,73.68,177.62,99.14,53.89,0.53,28.32,146,2024-09-24,1,9,268,0,0.7818314824680297,0.6234898018587336,-1.0,-1.8369701987210297e-16,-0.994788305609327,-0.10196189005174576,36.38333333333333,31.27142857142855,10.426240019892374,174.31000000000003,134.7957142857143,48.62285980110766,48.77,28.07,41.81,207.37,134.54,151.99,47.71,39.37,42.71,50.28,40.61,39.9,0.48,0.54,0.62,18.59,36.27,23.8
25,9,2024,0,3,56.54,208.24,42.72,39.75,0.65,20.95,190,2024-09-25,2,9,269,0,0.9749279121818236,-0.22252093395631434,-1.0,-1.8369701987210297e-16,-0.9963950238187231,-0.08483487790576538,51.58666666666667,35.82428571428569,19.124873731298724,188.67,138.45714285714286,51.03843085175717,73.68,32.31,23.14,177.62,181.02,89.24,99.14,35.68,36.47,53.89,41.64,38.84,0.53,0.47,0.52,28.32,27.28,22.1
26,9,2024,0,4,21.46,79.34,37.3,40.23,0.44,18.73,96,2024-09-26,3,9,270,0,0.43388373911755823,-0.900968867902419,-1.0,-1.8369701987210297e-16,-0.9977068927101168,-0.06768276175455162,59.663333333333334,40.59571428571427,19.593573654937313,197.74333333333334,155.45714285714286,51.72660267028553,56.54,48.77,22.65,208.24,207.37,76.59,42.72,47.71,34.49,39.75,50.28,39.19,0.65,0.48,0.5,20.95,18.59,25.02
27,9,2024,0,5,16.78,67.44,41.15,40.23,0.4,17.76,72,2024-09-27,4,9,271,0,-0.433883739117558,-0.9009688679024191,-1.0,-1.8369701987210297e-16,-0.9987235240803972,-0.05051061718522288,50.56,40.42571428571427,19.779506951340323,155.0666666666667,155.85,51.03358599981062,21.46,73.68,22.15,79.34,177.62,102.82,37.3,99.14,42.55,40.23,53.89,40.17,0.44,0.53,0.58,18.73,28.32,24.3
28,9,2024,0,6,17.22,66.29,35.21,40.09,0.34,20.35,62,2024-09-28,5,9,272,1,-0.9749279121818236,-0.2225209339563146,-1.0,-1.8369701987210297e-16,-0.9994446170919858,-0.033323525711631344,31.593333333333334,39.65857142857141,20.68965879255639,118.34000000000002,150.79571428571427,58.38362780127802,16.78,56.54,28.07,67.44,208.24,134.54,41.15,42.72,39.37,40.23,39.75,40.61,0.4,0.65,0.54,17.76,20.95,36.27
29,9,2024,1,7,21.07,76.13,34.51,41.16,0.37,18.7,66,2024-09-29,6,9,273,1,-0.7818314824680299,0.6234898018587334,-1.0,-1.8369701987210297e-16,-0.9998699583618592,-0.016126573270657762,18.486666666666668,38.10857142857141,22.063351534896185,71.02333333333333,141.0457142857143,66.66260567393212,17.22,21.46,32.31,66.29,79.34,181.02,35.21,37.3,35.68,40.09,40.23,41.64,0.34,0.44,0.47,20.35,18.73,27.28
30,9,2024,0,1,36.45,145.96,34.01,41.5,0.43,19.12,125,2024-09-30,0,9,274,0,0.0,1.0,-1.0,-1.8369701987210297e-16,-0.9999994220246925,0.001075151282798226,18.356666666666666,36.50285714285713,22.947004680557956,69.95333333333333,126.06142857142858,67.95565059374479,21.07,16.78,48.77,76.13,67.44,207.37,34.51,41.15,47.71,41.16,40.23,50.28,0.37,0.4,0.48,18.7,17.76,18.59
1,10,2024,0,2,43.28,173.74,37.98,41.38,0.45,22.37,136,2024-10-01,1,10,275,0,0.7818314824680297,0.6234898018587336,-0.8660254037844386,0.5,-0.999832969770105,0.018276557681691223,24.913333333333338,34.742857142857126,22.313026624438063,96.12666666666667,117.28857142857143,59.0958978916399,36.45,17.22,73.68,145.96,66.29,177.62,34.01,35.21,99.14,41.5,40.09,53.89,0.43,0.34,0.53,19.12,20.35,28.32
2,10,2024,1,3,46.89,194.03,47.56,42.69,0.61,16.56,162,2024-10-02,2,10,276,0,0.9749279121818236,-0.22252093395631434,-0.8660254037844386,0.5,-0.9993706508539969,0.035472555753125565,33.6,30.39999999999998,15.340500861011389,131.94333333333333,116.73428571428573,58.450381765832034,43.28,21.07,56.54,173.74,76.13,208.24,37.98,34.51,42.72,41.38,41.16,39.75,0.45,0.37,0.65,22.37,18.7,20.95
3,10,2024,0,4,42.74,174.49,45.52,41.37,0.5,26.87,156,2024-10-03,3,10,277,0,0.43388373911755823,-0.900968867902419,-0.8660254037844386,0.5,-0.9986126020839734,0.052658056924614005,42.20666666666667,29.021428571428554,12.827724439109952,171.24333333333334,114.70428571428572,54.88042785825239,46.89,36.45,21.46,194.03,145.96,79.34,47.56,34.01,37.3,42.69,41.5,40.23,0.61,0.43,0.44,16.56,19.12,18.73
4,10,2024,0,5,49.71,191.81,52.03,42.0,0.57,31.99,174,2024-10-04,4,10,278,0,-0.433883739117558,-0.9009688679024191,-0.8660254037844386,0.5,-0.9975590477788613,0.0698279757298709,44.303333333333335,32.06142857142856,13.251640689077165,180.75333333333333,128.29714285714286,56.42326166700161,42.74,43.28,16.78,174.49,173.74,67.44,45.52,37.98,41.15,41.37,41.38,40.23,0.5,0.45,0.4,26.87,22.37,17.76
5,10,2024,0,6,31.53,135.43,44.8,41.82,0.44,31.67,123,2024-10-05,5,10,279,1,-0.9749279121818236,-0.2225209339563146,-0.8660254037844386,0.5,-0.9962102997023297,0.08697723131368611,46.446666666666665,36.765714285714274,12.758485878221865,186.77666666666667,146.06428571428572,53.57564491979072,49.71,46.89,17.22,191.81,194.03,66.29,52.03,47.56,35.21,42.0,42.69,40.09,0.57,0.61,0.34,31.99,16.56,20.35
6,10,2024,1,7,35.06,141.96,46.27,41.56,0.42,32.54,136,2024-10-06,6,10,280,1,-0.7818314824680299,0.6234898018587334,-0.8660254037844386,0.5,-0.9945667569706337,0.1041007489354256,41.326666666666675,38.80999999999999,9.939800467482147,167.24333333333334,155.94142857142856,41.40922619762145,31.53,42.74,21.07,135.43,174.49,76.13,44.8,45.52,34.51,41.82,41.37,41.16,0.44,0.5,0.37,31.67,26.87,18.7
7,10,2024,0,1,32.6,126.42,44.17,42.23,0.39,30.17,109,2024-10-07,0,10,281,0,0.0,1.0,-0.8660254037844386,0.5,-0.9926289059345095,0.12119346147073601,38.76666666666667,40.80857142857142,6.63566984454014,156.4,165.3457142857143,24.134609213841046,35.06,49.71,36.45,141.96,191.81,145.96,46.27,52.03,34.01,41.56,42.0,41.5,0.42,0.57,0.43,32.54,31.99,19.12
8,10,2024,0,2,45.7,182.41,47.48,42.74,0.45,30.12,150,2024-10-08,1,10,282,0,0.7818314824680297,0.6234898018587336,-0.8660254037844386,0.5,-0.9903973200352558,0.1382503109109819,33.06333333333333,40.258571428571415,7.193268678823232,134.60333333333332,162.5542857142857,27.627694352554215,32.6,31.53,43.28,126.42,135.43,173.74,44.17,44.8,37.98,42.23,41.82,41.38,0.39,0.44,0.45,30.17,31.67,22.37
9,10,2024,0,3,38.47,125.69,39.46,41.44,0.38,43.15,71,2024-10-09,2,10,283,0,0.9749279121818236,-0.22252093395631434,-0.8660254037844386,0.5,-0.9878726596350429,0.1552662498599956,37.78666666666667,40.6042857142857,7.417346464299321,150.26333333333332,163.79285714285714,28.39638399179698,45.7,35.06,46.89,182.41,141.96,194.03,47.48,46.27,47.56,42.74,41.56,42.69,0.45,0.42,0.61,30.12,32.54,16.56
10,10,2024,0,4,38.41,143.53,39.37,40.79,0.37,40.89,116,2024-10-10,3,10,284,0,0.43388373911755823,-0.900968867902419,-0.8660254037844386,0.5,-0.9850556718215013,0.172236243027682,38.92333333333334,39.40142857142855,6.892255142724038,144.84,154.03,28.013321235917957,38.47,32.6,42.74,125.69,126.42,174.49,39.46,44.17,45.52,41.44,42.23,41.37,0.38,0.39,0.5,43.15,30.17,26.87
11,10,2024,0,5,37.67,165.87,35.55,39.34,0.4,31.9,151,2024-10-11,4,10,285,0,-0.433883739117558,-0.9009688679024191,-0.8660254037844386,0.5,-0.981947190186646,0.18915526872004093,40.86,38.78285714285713,6.735200354076245,150.54333333333332,149.60714285714286,26.655780307647934,38.41,45.7,49.71,143.53,182.41,191.81,39.37,47.48,52.03,40.79,42.74,42.0,0.37,0.45,0.57,40.89,30.12,31.99
12,10,2024,1,6,43.78,190.88,38.04,39.48,0.47,31.87,162,2024-10-12,5,10,286,1,-0.9749279121818236,-0.2225209339563146,-0.8660254037844386,0.5,-0.9785481345802031,0.2060183203251708,38.18333333333333,37.062857142857126,4.713539767826511,145.03,145.90142857142857,21.017678613152878,37.67,38.47,31.53,165.87,125.69,135.43,35.55,39.46,44.8,39.34,41.44,41.82,0.4,0.38,0.44,31.9,43.15,31.67
13,10,2024,1,7,63.38,259.97,42.17,39.39,0.75,31.73,171,2024-10-13,6,10,287,1,-0.7818314824680299,0.6234898018587334,-0.8660254037844386,0.5,-0.9748595108374125,0.22282040779479959,39.95333333333333,38.812857142857126,4.589385268517136,166.76,153.82285714285715,26.219060315152202,43.78,38.41,35.06,190.88,143.53,141.96,38.04,39.37,46.27,39.48,40.79,41.56,0.47,0.37,0.42,31.87,40.89,32.54
14,10,2024,0,1,41.42,197.37,40.25,41.16,0.38,38.76,180,2024-10-14,0,10,288,0,0.0,1.0,-0.8660254037844386,0.5,-0.9708824104813836,0.23955655912092708,48.27666666666667,42.85857142857141,10.010500201575319,205.57333333333335,170.68142857142857,47.013549971815976,63.38,37.67,32.6,259.97,165.87,126.42,42.17,35.55,44.17,39.39,39.34,42.23,0.75,0.4,0.39,31.73,31.9,30.17
15,10,2024,0,2,62.29,254.67,43.23,41.91,0.63,34.62,189,2024-10-15,1,10,289,0,0.7818314824680297,0.6234898018587336,-0.8660254037844386,0.5,-0.9666180104000972,0.2562218218071163,49.52666666666667,44.11857142857141,9.009057347233371,216.07333333333335,180.8171428571429,43.38916942981941,41.42,43.78,45.7,197.37,190.88,182.41,40.25,38.04,47.48,41.16,39.48,42.74,0.38,0.47,0.45,38.76,31.87,30.12
16,10,2024,0,3,64.87,275.31,46.13,44.82,0.77,28.4,227,2024-10-16,2,10,290,0,0.9749279121818236,-0.22252093395631434,-0.8660254037844386,0.5,-0.9620675724981452,0.27281126433401914,55.696666666666665,46.48857142857141,11.367792850229973,237.33666666666667,191.14000000000001,51.64219495722511,62.29,63.38,38.47,254.67,259.97,125.69,43.23,42.17,39.46,41.91,39.39,41.44,0.63,0.75,0.38,34.62,31.73,43.15
17,10,2024,0,4,84.94,319.32,53.36,47.1,0.98,30.78,291,2024-10-17,3,10,291,0,0.43388373911755823,-0.900968867902419,-0.8660254037844386,0.5,-0.9572324433233119,0.28931997761869527,56.193333333333335,50.25999999999999,12.578910922652472,242.45000000000002,212.5142857142857,50.99732602700654,64.87,41.42,38.41,275.31,197.37,143.53,46.13,40.25,39.37,44.82,41.16,40.79,0.77,0.38,0.37,28.4,38.76,40.89
18,10,2024,0,5,94.63,358.14,67.09,48.03,1.3,27.77,320,2024-10-18,4,10,292,0,-0.433883739117558,-0.9009688679024191,-0.8660254037844386,0.5,-0.9521140536681102,0.30574307646728316,70.7,56.907142857142844,16.844199510302744,283.09999999999997,237.62714285714287,54.52583996427334,84.94,62.29,37.67,319.32,254.67,165.87,53.36,43.23,35.55,47.1,41.91,39.34,0.98,0.63,0.4,30.78,34.62,31.9
19,10,2024,0,6,80.8,290.52,57.74,47.24,0.99,30.53,252,2024-10-19,5,10,293,1,-0.9749279121818236,-0.2225209339563146,-0.8660254037844386,0.5,-0.9467139181463862,0.3220757010206104,81.48,65.04428571428569,19.54403989041472,317.59,265.0942857142857,60.458742091099644,94.63,64.87,43.78,358.14,275.31,190.88,67.09,46.13,38.04,48.03,44.82,39.48,1.3,0.77,0.47,27.77,28.4,31.87
20,10,2024,1,7,82.89,308.86,45.74,47.36,0.91,22.91,256,2024-10-20,6,10,294,1,-0.7818314824680299,0.6234898018587334,-0.8660254037844386,0.5,-0.9410336347451197,0.3383130181923076,86.79,70.33285714285714,17.75812838701057,322.66,279.3285714285714,51.07504199005337,80.8,84.94,63.38,290.52,319.32,259.97,57.74,53.36,42.17,47.24,47.1,39.39,0.99,0.98,0.75,30.53,30.78,31.73
21,10,2024,0,1,80.43,297.37,38.56,47.46,0.85,23.24,239,2024-10-21,0,10,295,0,0.0,1.0,-0.8660254037844386,0.5,-0.9350748843515574,0.3544502230989869,86.10666666666667,73.11999999999999,18.01420365526493,319.17333333333335,286.3128571428571,51.32875857784655,82.89,94.63,41.42,308.86,358.14,197.37,45.74,67.09,40.25,47.36,48.03,41.16,0.91,1.3,0.38,22.91,27.77,38.76
22,10,2024,0,2,97.62,337.68,45.57,47.41,0.96,24.08,307,2024-10-22,1,10,296,0,0.7818314824680297,0.6234898018587336,-0.8660254037844386,0.5,-0.9288394302558068,0.37048254048209633,81.37333333333333,78.69285714285714,11.388723537321953,298.9166666666667,300.59857142857146,33.14288733578251,80.43,80.8,62.29,297.37,290.52,254.67,38.56,57.74,43.23,47.46,47.24,41.91,0.85,0.99,0.63,23.24,30.53,34.62
23,10,2024,0,3,101.62,355.09,34.92,48.11,0.92,28.1,300,2024-10-23,2,10,297,0,0.9749279121818236,-0.22252093395631434,-0.8660254037844386,0.5,-0.9223291176290545,0.3864052261209853,86.98,83.73999999999998,10.716697252420051,314.63666666666666,312.45714285714286,28.495393027812582,97.62,82.89,64.87,337.68,308.86,275.31,45.57,45.74,46.13,47.41,47.36,44.82,0.96,0.91,0.77,24.08,22.91,28.4
24,10,2024,0,4,70.34,252.26,33.3,47.8,0.76,34.04,225,2024-10-24,3,10,298,0,0.43388373911755823,-0.900968867902419,-0.8660254037844386,0.5,-0.9155458729775467,0.4022135682368037,93.22333333333334,88.98999999999998,8.753719209571882,330.0466666666666,323.8542857142857,27.08108433152945,101.62,80.43,84.94,355.09,297.37,319.32,34.92,38.56,53.36,48.11,47.46,47.1,0.92,0.85,0.98,28.1,23.24,30.78
25,10,2024,0,5,66.3,256.32,34.9,47.45,0.74,37.99,229,2024-10-25,4,10,299,0,-0.433883739117558,-0.9009688679024191,-0.8660254037844386,0.5,-0.9084917035725082,0.41790288888678667,89.86000000000001,86.9042857142857,11.260063435498763,315.01,314.2742857142857,38.43405168039683,70.34,97.62,94.63,252.26,337.68,358.14,33.3,45.57,67.09,47.8,47.41,48.03,0.76,0.96,1.3,34.04,24.08,27.77
26,10,2024,0,6,97.53,315.31,37.74,48.21,0.85,44.42,228,2024-10-26,5,10,300,1,-0.9749279121818236,-0.2225209339563146,-0.8660254037844386,0.5,-0.9011686968561569,0.4334685453485363,79.42,82.85714285714286,12.980296239925263,287.89,299.7285714285714,38.33299641673875,66.3,101.62,80.8,256.32,355.09,290.52,34.9,34.92,57.74,47.45,48.11,47.24,0.74,0.92,0.99,37.99,28.1,30.53
27,10,2024,1,7,117.78,371.78,61.47,49.69,1.37,44.82,323,2024-10-27,6,10,301,1,-0.7818314824680299,0.6234898018587334,-0.8660254037844386,0.5,-0.8935790198239952,0.4489059314938798,78.05666666666667,85.24714285714285,14.035697007139262,274.63,303.27,38.485284633653464,97.53,70.34,82.89,315.31,252.26,308.86,37.74,33.3,45.74,48.21,47.8,47.36,0.85,0.76,0.91,44.42,34.04,22.91
28,10,2024,0,1,85.48,264.15,47.52,47.59,0.91,44.31,236,2024-10-28,0,10,302,0,0.0,1.0,-0.8660254037844386,0.5,-0.8857249183835637,0.4642104791518923,93.87,90.23142857142855,18.53345482145937,314.46999999999997,312.25857142857143,46.517942570070375,117.78,66.3,80.43,371.78,256.32,297.37,61.47,34.9,38.56,49.69,47.45,47.46,1.37,0.74,0.85,44.82,37.99,23.24
29,10,2024,0,2,86.22,281.09,58.58,44.9,1.06,41.74,234,2024-10-29,1,10,303,0,0.7818314824680297,0.6234898018587336,-0.8660254037844386,0.5,-0.8776087166898392,0.47937765946069455,100.26333333333332,90.95285714285714,18.18331901706117,317.08,307.5128571428572,49.86419280214522,85.48,97.53,97.62,264.15,315.31,337.68,47.52,37.74,45.57,47.59,48.21,47.41,0.91,0.85,0.96,44.31,44.42,24.08
30,10,2024,0,3,117.66,343.83,61.66,42.74,1.05,40.17,298,2024-10-30,2,10,304,0,0.9749279121818236,-0.22252093395631434,-0.8660254037844386,0.5,-0.8692328164574792,0.49440298420761813,96.49333333333334,89.32428571428571,17.996212432197776,305.67333333333335,299.42857142857144,48.73268493477834,86.22,117.78,101.62,281.09,371.78,355.09,58.58,61.47,34.92,44.9,49.69,48.11,1.06,1.37,0.92,41.74,44.82,28.1
31,10,2024,1,4,115.05,314.05,34.67,43.49,1.02,37.12,268,2024-10-31,3,10,305,0,0.43388373911755823,-0.900968867902419,-0.8660254037844386,0.5,-0.8605996962501181,0.5092820071573356,96.45333333333333,91.61571428571428,20.648468754481282,296.3566666666666,297.82,46.73404754565982,117.66,85.48,70.34,343.83,264.15,252.26,61.66,47.52,33.3,42.74,47.59,47.8,1.05,0.91,0.76,40.17,44.31,34.04
1,11,2024,0,5,126.23,336.84,29.76,43.65,0.83,32.24,275,2024-11-01,4,11,306,0,-0.433883739117558,-0.9009688679024191,-0.5000000000000004,0.8660254037844384,-0.8517119107469189,0.5240103253675755,106.31,98.00285714285712,19.870816720580095,312.99,306.6471428571428,42.32158106462367,115.05,86.22,66.3,314.05,281.09,256.32,34.67,58.58,34.9,43.49,44.9,47.45,1.02,1.06,0.74,37.12,41.74,37.99
2,11,2024,0,6,106.27,304.82,42.6,43.85,0.9,32.29,258,2024-11-02,5,11,307,1,-0.9749279121818236,-0.2225209339563146,-0.5000000000000004,0.8660254037844384,-0.8425720899866032,0.538583580492023,119.64666666666666,106.56428571428569,16.571613135262083,331.5733333333333,318.15,36.96681980731709,126.23,117.66,97.53,336.84,343.83,315.31,29.76,61.66,37.74,43.65,42.74,48.21,0.83,1.05,0.85,32.24,40.17,44.42
3,11,2024,1,7,104.28,311.28,39.59,43.8,0.91,32.29,275,2024-11-03,6,11,308,1,-0.7818314824680299,0.6234898018587334,-0.5000000000000004,0.8660254037844384,-0.8331829385891785,0.5529974600700271,115.85000000000001,107.81285714285711,16.100030760101657,318.57,316.65142857142854,37.31214700718385,106.27,115.05,117.78,304.82,314.05,371.78,42.6,34.67,61.47,43.85,43.49,49.69,0.9,1.02,1.37,32.29,37.12,44.82
4,11,2024,0,1,138.9,393.53,47.7,45.95,1.02,51.05,326,2024-11-04,0,11,309,0,0.0,1.0,-0.5000000000000004,0.8660254037844384,-0.8235472349556007,0.5672476988027229,112.25999999999999,105.8842857142857,15.504662585970413,317.6466666666667,308.00857142857143,28.343070539711032,104.28,126.23,85.48,311.28,336.84,264.15,39.59,29.76,47.52,43.8,43.65,47.59,0.91,0.83,0.91,32.29,32.24,44.31
5,11,2024,0,2,181.54,457.6,90.45,61.32,1.53,52.02,337,2024-11-05,1,11,310,0,0.7818314824680297,0.6234898018587336,-0.5000000000000004,0.8660254037844384,-0.8136678304455991,0.5813300798152042,116.48333333333335,113.51571428571427,16.87403810309765,336.5433333333333,326.49142857142857,36.099414320535665,138.9,106.27,86.22,393.53,304.82,281.09,47.7,42.6,58.58,45.95,43.85,44.9,1.02,0.9,1.06,51.05,32.29,41.74
6,11,2024,0,3,130.42,418.21,72.28,63.23,1.55,9.85,355,2024-11-06,2,11,311,0,0.9749279121818236,-0.22252093395631434,-0.5000000000000004,0.8660254037844384,-0.8035476485339116,0.5952404359043674,141.57333333333335,127.13285714285712,26.747773561106364,387.47,351.70714285714286,55.52229033288792,181.54,104.28,117.66,457.6,311.28,343.83,90.45,39.59,61.66,61.32,43.8,42.74,1.53,0.91,1.05,52.02,32.29,40.17
7,11,2024,0,4,152.0,497.53,73.67,63.6,1.79,11.89,394,2024-11-07,3,11,312,0,0.43388373911755823,-0.900968867902419,-0.5000000000000004,0.8660254037844384,-0.7931896839451844,0.6089746507720486,150.28666666666666,128.95571428571427,26.427482448607527,423.1133333333334,362.3328571428571,60.64457703545714,130.42,138.9,115.05,418.21,393.53,314.05,72.28,47.7,34.67,63.23,45.95,43.49,1.55,1.02,1.02,9.85,51.05,37.12
8,11,2024,0,5,140.67,430.89,59.06,63.95,1.6,22.4,386,2024-11-08,4,11,313,0,-0.433883739117558,-0.9009688679024191,-0.5000000000000004,0.8660254037844384,-0.7825970017677834,0.6225286602431057,154.65333333333334,134.2342857142857,26.87346265813406,457.78000000000003,388.54428571428565,74.39125012552253,152.0,181.54,126.23,497.53,457.6,336.84,73.67,90.45,29.76,63.6,61.32,43.65,1.79,1.53,0.83,11.89,52.02,32.24
9,11,2024,0,6,120.56,388.44,46.41,63.04,1.19,32.24,319,2024-11-09,5,11,314,1,-0.9749279121818236,-0.2225209339563146,-0.5000000000000004,0.8660254037844384,-0.7717727365467837,0.6358984534680745,141.03,136.29714285714286,26.710360483207403,448.8766666666666,401.98,71.94968844037216,140.67,130.42,106.27,430.89,418.21,304.82,59.06,72.28,42.6,63.95,63.23,43.85,1.6,1.55,0.9,22.4,9.85,32.29
10,11,2024,1,7,109.99,373.0,38.11,15.0,0.78,23.97,334,2024-11-10,6,11,315,1,-0.7818314824680299,0.6234898018587334,-0.5000000000000004,0.8660254037844384,-0.7607200913564104,0.6490800741100397,137.74333333333334,138.3385714285714,24.48644688296796,438.9533333333333,413.9257142857142,58.88535665656937,120.56,152.0,104.28,388.44,497.53,311.28,46.41,73.67,39.59,63.04,63.6,43.8,1.19,1.79,0.91,32.24,11.89,32.29
11,11,2024,0,1,152.22,418.02,47.61,72.21,0.92,37.59,330,2024-11-11,0,11,316,0,0.0,1.0,-0.5000000000000004,0.8660254037844384,-0.7494423368521954,0.6620696215153815,123.74000000000001,139.1542857142857,23.225395480769013,397.4433333333333,422.74285714285713,43.588012004175354,109.99,140.67,138.9,373.0,430.89,393.53,38.11,59.06,47.7,15.0,63.95,45.95,0.78,1.6,1.02,23.97,22.4,51.05
12,11,2024,0,2,120.36,343.11,39.27,72.47,0.76,27.14,347,2024-11-12,1,11,317,0,0.7818314824680297,0.6234898018587336,-0.5000000000000004,0.8660254037844384,-0.7379428103031386,0.6748632518680403,127.58999999999999,141.05714285714285,23.741019856138326,393.15333333333336,426.2414285714285,41.79857072060786,152.22,120.56,181.54,418.02,388.44,457.6,47.61,46.41,90.45,72.21,63.04,61.32,0.92,1.19,1.53,37.59,32.24,52.02
13,11,2024,0,3,138.22,428.21,30.1,64.18,1.06,23.7,369,2024-11-13,2,11,318,0,0.9749279121818236,-0.22252093395631434,-0.5000000000000004,0.8660254037844384,-0.7262249146041543,0.6874571793269664,127.52333333333333,132.31714285714284,16.515714450472746,378.0433333333333,409.88571428571424,49.22335450344053,120.36,109.99,130.42,343.11,373.0,418.21,39.27,38.11,72.28,72.47,15.0,63.23,0.76,0.78,1.55,27.14,23.97,9.85
14,11,2024,0,4,150.16,467.72,43.32,63.89,1.47,24.26,381,2024-11-14,3,11,319,0,0.43388373911755823,-0.900968867902419,-0.5000000000000004,0.8660254037844384,-0.7142921172691034,0.699847677146407,136.93333333333334,133.43142857142854,16.629121472657882,396.44666666666666,411.3142857142857,49.648483983951735,138.22,152.22,152.0,428.21,418.02,497.53,30.1,47.61,73.67,64.18,72.21,63.6,1.06,0.92,1.79,23.7,37.59,11.89
15,11,2024,1,5,160.88,495.31,47.75,61.16,1.16,26.78,421,2024-11-15,4,11,320,0,-0.433883739117558,-0.9009688679024191,-0.5000000000000004,0.8660254037844384,-0.7021479494046978,0.7120310787787131,136.24666666666667,133.1685714285714,16.297932822469996,413.0133333333333,407.0557142857143,41.65600991339324,150.16,120.36,140.67,467.72,343.11,430.89,43.32,39.27,59.06,63.89,72.47,63.95,1.47,0.76,1.6,24.26,27.14,22.4
16,11,2024,0,6,191.22,576.61,47.62,58.26,1.53,24.99,391,2024-11-16,5,11,321,1,-0.9749279121818236,-0.2225209339563146,-0.5000000000000004,0.8660254037844384,-0.6897960046655887,0.7240037789593305,149.75333333333333,136.05571428571426,19.352167714189687,463.74666666666667,416.25857142857143,53.290456753084115,160.88,138.22,120.56,495.31,428.21,388.44,47.75,30.1,46.41,61.16,64.18,63.04,1.16,1.06,1.19,26.78,23.7,32.24
17,11,2024,1,7,182.69,590.39,48.73,58.89,1.75,22.67,391,2024-11-17,6,11,322,1,-0.7818314824680299,0.6234898018587334,-0.5000000000000004,0.8660254037844384,-0.6772399381909491,0.7357622347736527,167.42000000000002,146.14999999999998,26.884807977741456,513.2133333333334,443.13999999999993,78.44283056256063,191.22,150.16,109.99,576.61,467.72,373.0,47.62,43.32,38.11,58.26,63.89,15.0,1.53,1.47,0.78,24.99,24.26,23.97
18,11,2024,0,1,306.91,844.09,45.09,58.12,1.96,29.78,468,2024-11-18,0,11,323,0,0.0,1.0,-0.5000000000000004,0.8660254037844384,-0.6644834655228552,0.7473029667054297,178.26333333333332,156.53571428571425,24.526658868221865,554.1033333333334,474.19571428571425,88.44151285023344,182.69,160.88,152.22,590.39,495.31,418.02,48.73,47.75,47.61,58.89,61.16,72.21,1.75,1.16,0.92,22.67,26.78,37.59
19,11,2024,0,2,169.27,571.91,33.1,53.67,0.86,28.31,453,2024-11-19,1,11,324,0,0.7818314824680297,0.6234898018587336,-0.5000000000000004,0.8660254037844384,-0.6515303615068021,0.75862255966641,226.94000000000003,178.63428571428568,61.62347276191214,670.3633333333333,535.0628571428572,160.55311444236366,306.91,191.22,120.36,844.09,576.61,343.11,45.09,47.62,39.27,58.12,58.26,72.47,1.96,1.53,0.76,29.78,24.99,27.14
20,11,2024,0,3,138.63,457.35,37.89,54.16,1.09,32.54,403,2024-11-20,2,11,325,0,0.9749279121818236,-0.22252093395631434,-0.5000000000000004,0.8660254037844384,-0.6383844591746642,0.7697176640069211,219.62333333333336,185.62142857142857,56.472368886200265,668.7966666666666,567.7485714285715,136.4411573326962,169.27,182.69,138.22,571.91,590.39,428.21,33.1,48.73,30.1,53.67,58.89,64.18,0.86,1.75,1.06,28.31,22.67,23.7
21,11,2024,0,4,119.66,432.46,42.33,54.18,1.85,35.28,354,2024-11-21,3,11,326,0,0.43388373911755823,-0.900968867902419,-0.5000000000000004,0.8660254037844384,-0.6250496486104377,0.7805849965070866,204.9366666666667,185.68,56.41519535255283,624.45,571.9114285714286,131.8412318445393,138.63,306.91,150.16,457.35,844.09,467.72,37.89,45.09,43.32,54.16,58.12,63.89,1.09,1.96,1.47,32.54,29.78,24.26
22,11,2024,0,5,148.33,520.55,45.66,54.3,1.93,35.82,392,2024-11-22,4,11,327,0,-0.433883739117558,-0.9009688679024191,-0.5000000000000004,0.8660254037844384,-0.6115298757991053,0.7912213413483807,142.52,181.32285714285712,60.63569183088089,487.24,566.8742857142857,137.05588882607202,119.66,169.27,160.88,432.46,571.91,495.31,42.33,33.1,47.75,54.18,53.67,61.16,1.85,0.86,1.16,35.28,28.31,26.78
23,11,2024,0,6,127.97,454.23,51.62,55.13,2.07,30.12,394,2024-11-23,5,11,328,1,-0.9749279121818236,-0.2225209339563146,-0.5000000000000004,0.8660254037844384,-0.5978291414589552,0.801623551065242,135.54000000000005,179.53,61.519970470300926,470.12000000000006,570.4799999999999,135.17851419511848,148.33,138.63,191.22,520.55,457.35,576.61,45.66,37.89,47.62,54.3,54.16,58.26,1.93,1.09,1.53,35.82,32.54,24.99
24,11,2024,1,7,92.24,331.67,44.93,56.4,2.01,31.83,297,2024-11-24,6,11,329,1,-0.7818314824680299,0.6234898018587334,-0.5000000000000004,0.8660254037844384,-0.5839514998576998,0.8117885474764613,131.9866666666667,170.49428571428572,64.10734379594477,469.08,552.9971428571429,141.99549156156112,127.97,119.66,182.69,454.23,432.46,590.39,51.62,42.33,48.73,55.13,54.18,58.89,2.07,1.85,1.75,30.12,35.28,22.67
25,11,2024,0,1,132.24,459.87,36.21,57.61,1.45,34.92,365,2024-11-25,0,11,330,0,0.0,1.0,-0.5000000000000004,0.8660254037844384,-0.5699010576127624,0.821713322596059,122.84666666666669,157.57285714285712,70.0770572808454,435.48333333333335,516.0371428571428,162.7889763583806,92.24,148.33,306.91,331.67,520.55,844.09,44.93,45.66,45.09,56.4,54.3,58.12,2.01,1.93,1.96,31.83,35.82,29.78
26,11,2024,0,2,93.03,318.38,32.67,57.48,1.17,35.56,315,2024-11-26,1,11,331,0,0.7818314824680297,0.6234898018587336,-0.5000000000000004,0.8660254037844384,-0.5556819724760489,0.8313949395234058,117.48333333333335,132.61999999999998,23.966711636490594,415.25666666666666,461.1485714285715,74.66401284612041,132.24,127.97,169.27,459.87,454.23,571.91,36.21,51.62,33.1,57.61,55.13,53.67,1.45,2.07,0.86,34.92,30.12,28.31
27,11,2024,0,3,81.01,294.8,32.29,57.48,1.22,34.98,241,2024-11-27,2,11,332,0,0.9749279121818236,-0.22252093395631434,-0.5000000000000004,0.8660254037844384,-0.5412984521036173,0.8408305333122887,105.8366666666667,121.72857142857141,21.757001500338703,369.97333333333336,424.92999999999995,73.46264969356844,93.03,92.24,138.63,318.38,331.67,457.35,32.67,44.93,37.89,57.48,56.4,54.16,1.17,2.01,1.09,35.56,31.83,32.54
28,11,2024,0,4,98.24,337.09,39.33,57.5,1.42,32.77,293,2024-11-28,3,11,333,0,0.43388373911755823,-0.900968867902419,-0.5000000000000004,0.8660254037844384,-0.5267547528105542,0.8500173118187018,102.09333333333336,113.49714285714285,24.960807755550494,357.68333333333334,401.7085714285714,86.10911942192311,81.01,132.24,119.66,294.8,459.87,432.46,32.29,36.21,42.33,57.48,57.61,54.18,1.22,1.45,1.85,34.98,34.92,35.28
29,11,2024,0,5,128.93,428.59,55.69,57.93,1.82,39.52,316,2024-11-29,4,11,334,0,-0.433883739117558,-0.9009688679024191,-0.5000000000000004,0.8660254037844384,-0.5120551783114646,0.8589525565270845,90.76000000000003,110.43714285714285,25.38866526246604,316.75666666666666,388.0842857142857,87.95760718610268,98.24,93.03,148.33,337.09,318.38,520.55,39.33,32.67,45.66,57.5,57.48,54.3,1.42,1.17,1.93,32.77,35.56,35.82
30,11,2024,0,6,118.79,427.27,60.7,57.76,1.96,34.05,351,2024-11-30,5,11,335,1,-0.9749279121818236,-0.2225209339563146,-0.5000000000000004,0.8660254037844384,-0.4972040784469378,0.8676336233547726,102.72666666666669,107.66571428571429,21.291067655352272,353.49333333333334,374.9471428571428,69.88645522423867,128.93,81.01,127.97,428.59,294.8,454.23,55.69,32.29,51.62,57.93,57.48,55.13,1.82,1.22,2.07,39.52,34.98,30.12
1,12,2024,1,7,74.84,285.99,53.01,58.35,1.34,32.44,285,2024-12-01,6,12,336,1,-0.7818314824680299,0.6234898018587334,-2.4492935982947064e-16,1.0,-0.4822058478963526,0.8760579434344281,115.32000000000004,106.3542857142857,20.08027295394133,397.6499999999999,371.0957142857142,65.387021101832,118.79,98.24,92.24,427.27,337.09,331.67,60.7,39.33,44.93,57.76,57.5,56.4,1.96,1.42,2.01,34.05,32.77,31.83
2,12,2024,0,1,77.27,291.8,53.33,59.72,1.33,39.1,220,2024-12-02,0,12,337,0,0.0,1.0,-2.4492935982947064e-16,1.0,-0.46706492487743034,0.8842230238742036,107.52000000000002,103.86857142857141,22.9854660083078,380.6166666666666,364.57000000000005,71.9296834878805,74.84,128.93,132.24,285.99,428.59,459.87,53.01,55.69,36.21,58.35,57.93,57.61,1.34,1.82,1.45,32.44,39.52,34.92
3,12,2024,0,2,72.05,277.28,50.31,59.47,1.29,45.2,274,2024-12-03,1,12,338,0,0.7818314824680297,0.6234898018587336,-2.4492935982947064e-16,1.0,-0.451785789832884,0.8921264484954345,90.30000000000003,96.01571428571427,20.979610623288206,335.02,340.55999999999995,62.2110633247819,77.27,118.79,93.03,291.8,427.27,318.38,53.33,60.7,32.67,59.72,57.76,57.48,1.33,1.96,1.17,39.1,34.05,35.56
4,12,2024,0,3,45.29,182.91,41.34,58.87,0.74,42.53,166,2024-12-04,2,12,339,0,0.9749279121818236,-0.22252093395631434,-2.4492935982947064e-16,1.0,-0.4363729641045924,0.8997658785476209,74.72000000000001,93.0185714285714,22.888953979719997,285.0233333333333,334.68857142857144,66.44846209120075,72.05,74.84,81.01,277.28,285.99,294.8,50.31,53.01,32.29,59.47,58.35,57.48,1.29,1.34,1.22,45.2,32.44,34.98
5,12,2024,0,4,49.4,193.15,45.35,58.44,0.77,40.96,155,2024-12-05,3,12,340,0,0.43388373911755823,-0.900968867902419,-2.4492935982947064e-16,1.0,-0.4208310085956556,0.9071390534005044,64.87000000000002,87.91571428571429,29.14035566995458,250.66333333333333,318.7042857142857,87.70171375314249,45.29,77.27,98.24,182.91,291.8,337.09,41.34,53.33,39.33,58.87,59.72,57.5,0.74,1.33,1.42,42.53,39.1,32.77
6,12,2024,0,5,55.49,222.89,50.54,58.59,0.96,43.59,184,2024-12-06,4,12,341,0,-0.433883739117558,-0.9009688679024191,-2.4492935982947064e-16,1.0,-0.4051645224207563,0.9142437912130223,55.58000000000002,80.93857142857142,31.96630435764728,217.77999999999997,298.14142857142855,98.83957547942245,49.4,72.05,128.93,193.15,277.28,428.59,45.35,50.31,55.69,58.44,59.47,57.93,0.77,1.29,1.82,40.96,45.2,39.52
7,12,2024,0,6,61.06,251.34,57.16,59.2,1.17,28.76,206,2024-12-07,5,12,342,1,-0.9749279121818236,-0.2225209339563146,-2.4492935982947064e-16,1.0,-0.3893781415452015,0.9210779895789526,50.060000000000024,70.44714285714284,24.849647022500786,199.65,268.7557142857143,82.88232257386488,55.49,45.29,118.79,222.89,182.91,427.27,50.54,41.34,60.7,58.59,58.87,57.76,0.96,0.74,1.96,43.59,42.53,34.05
8,12,2024,1,7,100.48,345.03,74.52,59.17,1.6,46.6,302,2024-12-08,6,12,343,1,-0.7818314824680299,0.6234898018587334,-2.4492935982947064e-16,1.0,-0.37347653741307074,0.9276396261490467,55.31666666666669,62.19999999999999,12.780250388784438,222.46,243.62285714285713,44.66874586489955,61.06,49.4,74.84,251.34,193.15,285.99,57.16,45.35,53.01,59.2,58.44,58.35,1.17,0.77,1.34,28.76,40.96,32.44
9,12,2024,0,1,48.64,167.16,45.01,59.17,0.79,46.66,152,2024-12-09,0,12,344,0,0.0,1.0,-2.4492935982947064e-16,1.0,-0.35746441556486136,0.9339267592294762,72.34333333333335,65.86285714285712,19.112308175873178,273.08666666666664,252.05714285714285,57.680520603952345,100.48,55.49,77.27,345.03,222.89,291.8,74.52,50.54,53.33,59.17,58.59,59.72,1.6,0.96,1.33,46.6,43.59,39.1
10,12,2024,0,2,60.03,208.64,39.02,59.19,0.79,37.99,163,2024-12-10,1,12,345,0,0.7818314824680297,0.6234898018587336,-2.4492935982947064e-16,1.0,-0.34134651424503615,0.9399375283564133,70.06000000000002,61.77285714285713,19.3265324655739,254.51,234.25142857142856,62.41124456072943,48.64,61.06,72.05,167.16,251.34,277.28,45.01,57.16,50.31,59.17,59.2,59.47,0.79,1.17,1.29,46.66,28.76,45.2
11,12,2024,0,3,56.3,223.56,41.92,59.27,0.87,26.55,171,2024-12-11,2,12,346,0,0.9749279121818236,-0.22252093395631434,-2.4492935982947064e-16,1.0,-0.3251276029999093,0.9456701548465688,69.71666666666668,60.05571428571427,18.787704185755462,240.27666666666664,224.44571428571427,59.8642962199081,60.03,100.48,45.29,208.64,345.03,182.91,39.02,74.52,41.34,59.19,59.17,58.87,0.79,1.6,0.74,37.99,46.6,42.53
12,12,2024,0,4,77.01,297.75,48.59,59.84,1.1,26.56,273,2024-12-12,3,12,347,0,0.43388373911755823,-0.900968867902419,-2.4492935982947064e-16,1.0,-0.30881248126625377,0.9511229423235357,54.990000000000016,61.62857142857142,17.779336722322885,199.78666666666663,230.25285714285715,57.070004297146546,56.3,48.64,49.4,223.56,167.16,193.15,41.92,45.01,45.35,59.27,59.17,58.44,0.87,0.79,0.77,26.55,46.66,40.96
13,12,2024,0,5,60.57,225.21,40.4,59.55,0.79,30.59,201,2024-12-13,4,12,348,0,-0.433883739117558,-0.9009688679024191,-2.4492935982947064e-16,1.0,-0.29240597695107734,0.9562942772197719,64.44666666666669,65.57285714285713,17.676620825529657,243.31666666666663,245.19571428571427,59.38312298320303,77.01,60.03,55.49,297.75,208.64,222.89,48.59,39.02,50.54,59.84,59.19,58.59,1.1,0.79,0.96,26.56,37.99,43.59
14,12,2024,0,6,74.03,278.47,45.4,59.78,1.01,33.46,175,2024-12-14,5,12,349,1,-0.9749279121818236,-0.2225209339563146,-2.4492935982947064e-16,1.0,-0.27591294500296043,0.9611826292540837,64.62666666666668,66.2985714285714,17.293811444726096,248.84,245.52714285714288,59.24419344664064,60.57,56.3,61.06,225.21,223.56,251.34,40.4,41.92,57.16,59.55,59.27,59.2,0.79,0.87,1.17,30.59,26.55,28.76
15,12,2024,1,7,105.21,379.62,60.5,60.89,1.44,34.37,293,2024-12-15,6,12,350,1,-0.7818314824680299,0.6234898018587334,-2.4492935982947064e-16,1.0,-0.25933826597540555,0.9657865518844574,70.53666666666668,68.15142857142855,17.33376418878502,267.1433333333333,249.40285714285716,60.56063234871567,74.03,77.01,100.48,278.47,297.75,345.03,45.4,48.59,74.52,59.78,59.84,59.17,1.01,1.1,1.6,33.46,26.56,46.6
16,12,2024,0,1,161.17,563.32,72.29,60.66,2.22,29.15,390,2024-12-16,0,12,351,0,0.0,1.0,-2.4492935982947064e-16,1.0,-0.2426868445825954,0.9701046827361175,79.93666666666668,68.82714285714285,18.831539779747576,294.43333333333334,254.34428571428572,70.29292398175562,105.21,60.57,48.64,379.62,225.21,167.16,60.5,40.4,45.01,60.89,59.55,59.17,1.44,0.79,0.79,34.37,30.59,46.66
17,12,2024,0,2,168.01,613.91,83.33,61.62,3.37,28.91,442,2024-12-17,1,12,352,0,0.7818314824680297,0.6234898018587336,-2.4492935982947064e-16,1.0,-0.22596360824801906,0.974135744004672,113.47000000000001,84.90285714285713,37.50209714770916,407.1366666666666,310.93857142857144,125.8908727732837,161.17,74.03,60.03,563.32,278.47,208.64,72.29,45.4,39.02,60.66,59.78,59.19,2.22,1.01,0.79,29.15,33.46,37.99
18,12,2024,0,3,167.79,608.39,64.93,60.95,2.78,32.59,441,2024-12-18,2,12,353,0,0.9749279121818236,-0.22252093395631434,-2.4492935982947064e-16,1.0,-0.2091735056463564,0.9778785428342386,144.79666666666665,100.32857142857142,46.656391640936036,518.9499999999999,368.8342857142857,159.66337702148465,168.01,105.21,56.3,613.91,379.62,223.56,83.33,60.5,41.92,61.62,60.89,59.27,3.37,1.44,0.87,28.91,34.37,26.55
19,12,2024,0,4,136.81,652.17,48.65,61.43,3.62,34.59,460,2024-12-19,3,12,354,0,0.43388373911755823,-0.900968867902419,-2.4492935982947064e-16,1.0,-0.19232150523909483,0.9813319716704275,165.65666666666667,116.25571428571428,48.127825235561886,595.2066666666666,423.81,167.37203161420547,167.79,161.17,77.01,608.39,563.32,297.75,64.93,72.29,48.59,60.95,60.66,59.84,2.78,2.22,1.1,32.59,29.15,26.56
20,12,2024,0,5,125.73,435.96,41.43,61.1,1.18,29.82,382,2024-12-20,4,12,355,0,-0.433883739117558,-0.9009688679024191,-2.4492935982947064e-16,1.0,-0.17541259380427843,0.9844950085880858,157.53666666666666,124.7985714285714,45.22004549185837,624.8233333333333,474.4414285714286,176.2539630219765,136.81,168.01,60.57,652.17,613.91,225.21,48.65,83.33,40.4,61.43,61.62,59.55,3.62,3.37,0.79,34.59,28.91,30.59
21,12,2024,0,6,96.36,379.74,57.59,62.04,1.59,30.55,333,2024-12-21,5,12,356,1,-0.9749279121818236,-0.2225209339563146,-2.4492935982947064e-16,1.0,-0.15845177496083634,0.9873667175937016,143.44333333333336,134.10714285714283,35.44509073401963,565.5066666666667,504.54857142857145,141.07456177834553,125.73,167.79,74.03,435.96,608.39,278.47,41.43,64.93,45.4,61.1,60.95,59.78,1.18,2.78,1.01,29.82,32.59,33.46
22,12,2024,1,7,135.05,507.69,68.82,62.42,2.79,31.43,392,2024-12-22,6,12,357,1,-0.7818314824680299,0.6234898018587334,-2.4492935982947064e-16,1.0,-0.14144406768794202,0.9899462489023779,119.63333333333337,137.29714285714283,29.671753523222794,489.28999999999996,519.0157142857142,117.19838122561505,96.36,136.81,105.21,379.74,652.17,379.62,57.59,48.65,60.5,62.04,61.43,60.89,1.59,3.62,1.44,30.55,34.59,34.37
23,12,2024,0,1,136.27,506.57,63.35,62.14,2.27,30.7,418,2024-12-23,0,12,358,0,0.0,1.0,-2.4492935982947064e-16,1.0,-0.12439450483979998,0.9922328391893008,119.0466666666667,141.55999999999997,26.238454603882964,441.12999999999994,537.3114285714286,100.63691990327838,135.05,125.73,161.17,507.69,435.96,563.32,68.82,41.43,72.29,62.42,61.1,60.66,2.79,1.18,2.22,31.43,29.82,29.15
24,12,2024,0,2,88.98,327.4,49.58,62.53,1.29,32.15,303,2024-12-24,1,12,359,0,0.7818314824680297,0.6234898018587336,-2.4492935982947064e-16,1.0,-0.10730813165636247,0.9942258118156161,122.56000000000002,138.00285714285712,24.784397453698247,464.6666666666666,529.2042857142857,100.47822912736498,136.27,96.36,168.01,506.57,379.74,613.91,63.35,57.59,83.33,62.14,62.04,61.62,2.27,1.59,3.37,30.7,30.55,28.91
25,12,2024,1,3,86.53,344.46,52.68,62.88,1.34,29.75,309,2024-12-25,2,12,360,0,0.9749279121818236,-0.22252093395631434,-2.4492935982947064e-16,1.0,-0.09019000427034513,0.9959245770286599,120.10000000000002,126.71285714285715,26.75867878794125,447.21999999999997,488.2742857142857,117.18809991592414,88.98,135.05,167.79,327.4,507.69,608.39,49.58,68.82,64.93,62.53,62.42,60.95,1.29,2.79,2.78,32.15,31.43,32.59
26,12,2024,0,4,86.75,333.56,52.0,64.04,1.18,36.3,292,2024-12-26,3,12,361,0,0.43388373911755823,-0.900968867902419,-2.4492935982947064e-16,1.0,-0.07304518821104744,0.9973286321364752,103.92666666666669,115.1042857142857,23.38154247630927,392.80999999999995,450.57,114.5293094947019,86.53,136.27,136.81,344.46,506.57,652.17,52.68,63.35,48.65,62.88,62.14,61.43,1.34,2.27,3.62,29.75,30.7,34.59
27,12,2024,0,5,58.43,249.17,41.69,65.89,0.99,36.25,263,2024-12-27,4,12,362,0,-0.433883739117558,-0.9009688679024191,-2.4492935982947064e-16,1.0,-0.05587875690537313,0.9984375616565666,87.42000000000002,107.95285714285714,23.29165137575156,335.13999999999993,405.05428571428575,78.79170300167829,86.75,88.98,125.73,333.56,327.4,435.96,52.0,49.58,41.43,64.04,62.53,61.1,1.18,1.29,1.18,36.3,32.15,29.82
28,12,2024,0,6,33.83,150.77,33.31,66.14,0.79,35.19,113,2024-12-28,5,12,363,1,-0.9749279121818236,-0.2225209339563146,-2.4492935982947064e-16,1.0,-0.03869579017652689,0.9992510374388481,77.23666666666668,98.33857142857141,28.120133018042544,309.0633333333333,378.36999999999995,96.27147760370116,58.43,86.53,96.36,249.17,344.46,379.74,41.69,52.68,57.59,65.89,62.88,62.04,0.99,1.34,1.59,36.25,29.75,30.55
29,12,2024,1,7,31.21,139.75,27.01,65.94,0.57,35.88,142,2024-12-29,6,12,364,1,-0.7818314824680299,0.6234898018587334,-2.4492935982947064e-16,1.0,-0.021501372740813793,0.999768818762748,59.67000000000002,89.40571428571427,37.29012552814468,244.49999999999997,345.65999999999997,129.04744528014993,33.83,86.75,135.05,150.77,333.56,507.69,33.31,52.0,68.82,66.14,64.04,62.42,0.79,1.18,2.79,35.19,36.3,31.43
30,12,2024,0,1,38.01,152.83,29.12,65.16,0.55,38.38,116,2024-12-30,0,12,365,0,0.0,1.0,-2.4492935982947064e-16,1.0,-0.004300592702981974,0.9999907524084426,41.15666666666669,74.57142857142856,36.75656151336438,179.89666666666662,293.0971428571429,126.96763914665888,31.21,58.43,136.27,139.75,249.17,506.57,27.01,41.69,63.35,65.94,65.89,62.14,0.57,0.99,2.27,35.88,36.25,30.7
31,12,2024,0,2,80.42,318.96,40.37,64.98,0.84,39.93,209,2024-12-31,1,12,366,0,0.7818314824680297,0.6234898018587336,-2.4492935982947064e-16,1.0,0.012901459949419653,0.9999167727021953,34.350000000000016,60.5342857142857,26.636452377111336,147.7833333333333,242.56285714285713,93.94404428777213,38.01,33.83,88.98,152.83,150.77,327.4,29.12,33.31,49.58,65.16,66.14,62.53,0.55,0.79,1.29,38.38,35.19,32.15
